ds,trend,yhat_lower,yhat_upper,trend_lower,trend_upper,All Saints' Day,All Saints' Day_lower,All Saints' Day_upper,Assumption Day,Assumption Day_lower,Assumption Day_upper,Christmas Day,Christmas Day_lower,Christmas Day_upper,Constitution Day,Constitution Day_lower,Constitution Day_upper,Epiphany,Epiphany_lower,Epiphany_upper,Good Friday,Good Friday_lower,Good Friday_upper,Immaculate Conception,Immaculate Conception_lower,Immaculate Conception_upper,Labor Day,Labor Day_lower,Labor Day_upper,National Day,National Day_lower,National Day_upper,New Year's Day,New Year's Day_lower,New Year's Day_upper,holidays,holidays_lower,holidays_upper,multiplicative_terms,multiplicative_terms_lower,multiplicative_terms_upper,weekly,weekly_lower,weekly_upper,yearly,yearly_lower,yearly_upper,additive_terms,additive_terms_lower,additive_terms_upper,yhat
2023-01-01,21535.93127497512,-67754.47053178646,116609.25241802252,21535.93127497512,21535.93127497512,0.0,0.0,0.0,0.0,0.0,0.0,0.0,0.0,0.0,0.0,0.0,0.0,0.0,0.0,0.0,0.0,0.0,0.0,0.0,0.0,0.0,0.0,0.0,0.0,0.0,0.0,0.0,0.0,0.0,0.0,0.0,0.0,0.0,0.005341343023381915,0.005341343023381915,0.005341343023381915,0.0012943274964959722,0.0012943274964959722,0.0012943274964959722,0.004047015526885942,0.004047015526885942,0.004047015526885942,0.0,0.0,0.0,21650.962071242742
2023-01-02,27398.782217012875,-68410.54557361918,121035.23267743945,27398.782217012875,27398.782217012875,0.0,0.0,0.0,0.0,0.0,0.0,0.0,0.0,0.0,0.0,0.0,0.0,0.0,0.0,0.0,0.0,0.0,0.0,0.0,0.0,0.0,0.0,0.0,0.0,0.0,0.0,0.0,0.0,0.0,0.0,0.0,0.0,0.0,0.0038515831224775294,0.0038515831224775294,0.0038515831224775294,-0.0006993391191693826,-0.0006993391191693826,-0.0006993391191693826,0.004550922241646912,0.004550922241646912,0.004550922241646912,0.0,0.0,0.0,27504.310904176356
2023-01-03,33261.63315905063,-49571.94906107995,116468.39944162795,33261.63315905063,33261.63315905063,0.0,0.0,0.0,0.0,0.0,0.0,0.0,0.0,0.0,0.0,0.0,0.0,0.0,0.0,0.0,0.0,0.0,0.0,0.0,0.0,0.0,0.0,0.0,0.0,0.0,0.0,0.0,0.0,0.0,0.0,0.0,0.0,0.0,0.004114279196593793,0.004114279196593793,0.004114279196593793,-0.0009328826298023757,-0.0009328826298023757,-0.0009328826298023757,0.005047161826396169,0.005047161826396169,0.005047161826396169,0.0,0.0,0.0,33398.480804401646
2023-01-04,39124.48410108838,-47137.59776278231,123154.3363658388,39124.48410108838,39124.48410108838,0.0,0.0,0.0,0.0,0.0,0.0,0.0,0.0,0.0,0.0,0.0,0.0,0.0,0.0,0.0,0.0,0.0,0.0,0.0,0.0,0.0,0.0,0.0,0.0,0.0,0.0,0.0,0.0,0.0,0.0,0.0,0.0,0.0,0.005258832136398711,0.005258832136398711,0.005258832136398711,-0.00027635329644195824,-0.00027635329644195824,-0.00027635329644195824,0.005535185432840669,0.005535185432840669,0.005535185432840669,0.0,0.0,0.0,39330.2331953992
2023-01-05,44987.335043126135,-39253.47090749823,129568.4589297769,44987.335043126135,44987.335043126135,0.0,0.0,0.0,0.0,0.0,0.0,0.0,0.0,0.0,0.0,0.0,0.0,0.0,0.0,0.0,0.0,0.0,0.0,0.0,0.0,0.0,0.0,0.0,0.0,0.0,0.0,0.0,0.0,0.0,0.0,0.0,0.0,0.0,0.005981310936092101,0.005981310936092101,0.005981310936092101,-3.356731099833522e-05,-3.356731099833522e-05,-3.356731099833522e-05,0.006014878247090436,0.006014878247090436,0.006014878247090436,0.0,0.0,0.0,45256.41828220522
2023-01-06,50850.18598516389,-43313.37657387048,136716.51519129914,50850.18598516389,50850.18598516389,0.0,0.0,0.0,0.0,0.0,0.0,0.0,0.0,0.0,0.0,0.0,0.0,-0.0091424888,-0.0091424888,-0.0091424888,0.0,0.0,0.0,0.0,0.0,0.0,0.0,0.0,0.0,0.0,0.0,0.0,0.0,0.0,0.0,-0.0091424888,-0.0091424888,-0.0091424888,-0.0026609280076926216,-0.0026609280076926216,-0.0026609280076926216,-4.9837708206722545e-06,-4.9837708206722545e-06,-4.9837708206722545e-06,0.00648654456312805,0.00648654456312805,0.00648654456312805,0.0,0.0,0.0,50714.877301079585
2023-01-07,56713.03692720165,-29268.206411421666,144206.76903216523,56713.03692720165,56713.03692720165,0.0,0.0,0.0,0.0,0.0,0.0,0.0,0.0,0.0,0.0,0.0,0.0,0.0,0.0,0.0,0.0,0.0,0.0,0.0,0.0,0.0,0.0,0.0,0.0,0.0,0.0,0.0,0.0,0.0,0.0,0.0,0.0,0.0,0.007603671072357365,0.007603671072357365,0.007603671072357365,0.0006527986307412839,0.0006527986307412839,0.0006527986307412839,0.006950872441616082,0.006950872441616082,0.006950872441616082,0.0,0.0,0.0,57144.26420551054
2023-01-08,62575.8878692394,-24254.96828178402,153695.16730439913,62575.8878692394,62575.8878692394,0.0,0.0,0.0,0.0,0.0,0.0,0.0,0.0,0.0,0.0,0.0,0.0,0.0,0.0,0.0,0.0,0.0,0.0,0.0,0.0,0.0,0.0,0.0,0.0,0.0,0.0,0.0,0.0,0.0,0.0,0.0,0.0,0.0,0.008703206667614007,0.008703206667614007,0.008703206667614007,0.0012943274964951506,0.0012943274964951506,0.0012943274964951506,0.007408879171118855,0.007408879171118855,0.007408879171118855,0.0,0.0,0.0,63120.49875377483
2023-01-09,68438.73881127716,-20475.56070703895,156564.72355195612,68438.73881127716,68438.73881127716,0.0,0.0,0.0,0.0,0.0,0.0,0.0,0.0,0.0,0.0,0.0,0.0,0.0,0.0,0.0,0.0,0.0,0.0,0.0,0.0,0.0,0.0,0.0,0.0,0.0,0.0,0.0,0.0,0.0,0.0,0.0,0.0,0.0,0.00716250032707271,0.00716250032707271,0.00716250032707271,-0.0006993391191704168,-0.0006993391191704168,-0.0006993391191704168,0.007861839446243126,0.007861839446243126,0.007861839446243126,0.0,0.0,0.0,68928.93130039738
2023-01-10,74301.5897533149,-13610.299710264488,170340.2666127838,74301.5897533149,74301.5897533149,0.0,0.0,0.0,0.0,0.0,0.0,0.0,0.0,0.0,0.0,0.0,0.0,0.0,0.0,0.0,0.0,0.0,0.0,0.0,0.0,0.0,0.0,0.0,0.0,0.0,0.0,0.0,0.0,0.0,0.0,0.0,0.0,0.0,0.0073783161834096765,0.0073783161834096765,0.0073783161834096765,-0.0009328826298035257,-0.0009328826298035257,-0.0009328826298035257,0.008311198813213202,0.008311198813213202,0.008311198813213202,0.0,0.0,0.0,74849.81037544485
2023-01-11,80164.44069535266,-9854.213681703126,164972.5726453887,80164.44069535266,80164.44069535266,0.0,0.0,0.0,0.0,0.0,0.0,0.0,0.0,0.0,0.0,0.0,0.0,0.0,0.0,0.0,0.0,0.0,0.0,0.0,0.0,0.0,0.0,0.0,0.0,0.0,0.0,0.0,0.0,0.0,0.0,0.0,0.0,0.0,0.008482122190802036,0.008482122190802036,0.008482122190802036,-0.0002763532964427421,-0.0002763532964427421,-0.0002763532964427421,0.008758475487244777,0.008758475487244777,0.008758475487244777,0.0,0.0,0.0,80844.40527668795
2023-01-12,86027.29163739042,2949.8189972205546,178300.32335747394,86027.29163739042,86027.29163739042,0.0,0.0,0.0,0.0,0.0,0.0,0.0,0.0,0.0,0.0,0.0,0.0,0.0,0.0,0.0,0.0,0.0,0.0,0.0,0.0,0.0,0.0,0.0,0.0,0.0,0.0,0.0,0.0,0.0,0.0,0.0,0.0,0.0,0.009171586788264723,0.009171586788264723,0.009171586788264723,-3.356731100068535e-05,-3.356731100068535e-05,-3.356731100068535e-05,0.009205154099265409,0.009205154099265409,0.009205154099265409,0.0,0.0,0.0,86816.2984088021
2023-01-13,91890.14257942818,1354.480635938797,176986.2235395314,91890.14257942818,91890.14257942818,0.0,0.0,0.0,0.0,0.0,0.0,0.0,0.0,0.0,0.0,0.0,0.0,0.0,0.0,0.0,0.0,0.0,0.0,0.0,0.0,0.0,0.0,0.0,0.0,0.0,0.0,0.0,0.0,0.0,0.0,0.0,0.0,0.0,0.009647591496178953,0.009647591496178953,0.009647591496178953,-4.983770821464373e-06,-4.983770821464373e-06,-4.983770821464373e-06,0.009652575267000418,0.009652575267000418,0.009652575267000418,0.0,0.0,0.0,92776.66113756014
2023-01-14,97752.99352146593,10477.574916684773,180587.57078739515,97752.99352146593,97752.99352146593,0.0,0.0,0.0,0.0,0.0,0.0,0.0,0.0,0.0,0.0,0.0,0.0,0.0,0.0,0.0,0.0,0.0,0.0,0.0,0.0,0.0,0.0,0.0,0.0,0.0,0.0,0.0,0.0,0.0,0.0,0.0,0.0,0.0,0.010754623726368715,0.010754623726368715,0.010754623726368715,0.0006527986307427934,0.0006527986307427934,0.0006527986307427934,0.010101825095625922,0.010101825095625922,0.010101825095625922,0.0,0.0,0.0,98804.29018491546
2023-01-15,103615.84446350369,12686.936675188765,193583.0147811933,103615.84446350369,103615.84446350369,0.0,0.0,0.0,0.0,0.0,0.0,0.0,0.0,0.0,0.0,0.0,0.0,0.0,0.0,0.0,0.0,0.0,0.0,0.0,0.0,0.0,0.0,0.0,0.0,0.0,0.0,0.0,0.0,0.0,0.0,0.0,0.0,0.0,0.01184795628500321,0.01184795628500321,0.01184795628500321,0.001294327496494533,0.001294327496494533,0.001294327496494533,0.010553628788508676,0.010553628788508676,0.010553628788508676,0.0,0.0,0.0,104843.48045914096
2023-01-16,109478.69540554144,27336.475200112956,204447.83362748794,109478.69540554144,109478.69540554144,0.0,0.0,0.0,0.0,0.0,0.0,0.0,0.0,0.0,0.0,0.0,0.0,0.0,0.0,0.0,0.0,0.0,0.0,0.0,0.0,0.0,0.0,0.0,0.0,0.0,0.0,0.0,0.0,0.0,0.0,0.0,0.0,0.0,0.010308913366583171,0.010308913366583171,0.010308913366583171,-0.0006993391191656139,-0.0006993391191656139,-0.0006993391191656139,0.011008252485748785,0.011008252485748785,0.011008252485748785,0.0,0.0,0.0,110607.30179196372
2023-01-17,115341.54634757919,24666.97595777476,200828.69614573754,115341.54634757919,115341.54634757919,0.0,0.0,0.0,0.0,0.0,0.0,0.0,0.0,0.0,0.0,0.0,0.0,0.0,0.0,0.0,0.0,0.0,0.0,0.0,0.0,0.0,0.0,0.0,0.0,0.0,0.0,0.0,0.0,0.0,0.0,0.0,0.0,0.0,0.010532534618485244,0.010532534618485244,0.010532534618485244,-0.0009328826298022622,-0.0009328826298022622,-0.0009328826298022622,0.011465417248287505,0.011465417248287505,0.011465417248287505,0.0,0.0,0.0,116556.38517743468
2023-01-18,121204.39728961694,29936.62555673854,211284.58210276242,121204.39728961694,121204.39728961694,0.0,0.0,0.0,0.0,0.0,0.0,0.0,0.0,0.0,0.0,0.0,0.0,0.0,0.0,0.0,0.0,0.0,0.0,0.0,0.0,0.0,0.0,0.0,0.0,0.0,0.0,0.0,0.0,0.0,0.0,0.0,0.0,0.0,0.011647875477344706,0.011647875477344706,0.011647875477344706,-0.00027635329644175945,-0.00027635329644175945,-0.00027635329644175945,0.011924228773786466,0.011924228773786466,0.011924228773786466,0.0,0.0,0.0,122616.17101655302
2023-01-19,127067.24823165468,38585.04658630632,215154.06217985007,127067.24823165468,127067.24823165468,0.0,0.0,0.0,0.0,0.0,0.0,0.0,0.0,0.0,0.0,0.0,0.0,0.0,0.0,0.0,0.0,0.0,0.0,0.0,0.0,0.0,0.0,0.0,0.0,0.0,0.0,0.0,0.0,0.0,0.0,0.0,0.0,0.0,0.01234955866568312,0.01234955866568312,0.01234955866568312,-3.356731099961916e-05,-3.356731099961916e-05,-3.356731099961916e-05,0.01238312597668274,0.01238312597668274,0.01238312597668274,0.0,0.0,0.0,128636.47266817844
2023-01-20,132930.09917369243,43670.71498484164,218117.70609273572,132930.09917369243,132930.09917369243,0.0,0.0,0.0,0.0,0.0,0.0,0.0,0.0,0.0,0.0,0.0,0.0,0.0,0.0,0.0,0.0,0.0,0.0,0.0,0.0,0.0,0.0,0.0,0.0,0.0,0.0,0.0,0.0,0.0,0.0,0.0,0.0,0.0,0.012834867231608508,0.012834867231608508,0.012834867231608508,-4.9837708207960975e-06,-4.9837708207960975e-06,-4.9837708207960975e-06,0.012839851002429304,0.012839851002429304,0.012839851002429304,0.0,0.0,0.0,134636.23934767133
2023-01-21,138792.9501157302,48779.693718203096,227457.37009209226,138792.9501157302,138792.9501157302,0.0,0.0,0.0,0.0,0.0,0.0,0.0,0.0,0.0,0.0,0.0,0.0,0.0,0.0,0.0,0.0,0.0,0.0,0.0,0.0,0.0,0.0,0.0,0.0,0.0,0.0,0.0,0.0,0.0,0.0,0.0,0.0,0.0,0.013944241222554362,0.013944241222554362,0.013944241222554362,0.0006527986307424564,0.0006527986307424564,0.0006527986307424564,0.013291442591811906,0.013291442591811906,0.013291442591811906,0.0,0.0,0.0,140728.3124921339
2023-01-22,144655.80105776794,63874.914383711504,235628.8249476285,144655.80105776794,144655.80105776794,0.0,0.0,0.0,0.0,0.0,0.0,0.0,0.0,0.0,0.0,0.0,0.0,0.0,0.0,0.0,0.0,0.0,0.0,0.0,0.0,0.0,0.0,0.0,0.0,0.0,0.0,0.0,0.0,0.0,0.0,0.0,0.0,0.0,0.015028581481868118,0.015028581481868118,0.015028581481868118,0.0012943274964939153,0.0012943274964939153,0.0012943274964939153,0.013734253985374202,0.013734253985374202,0.013734253985374202,0.0,0.0,0.0,146829.7725507895
2023-01-23,150518.6519998057,59790.16209719994,235557.68249095208,150518.6519998057,150518.6519998057,0.0,0.0,0.0,0.0,0.0,0.0,0.0,0.0,0.0,0.0,0.0,0.0,0.0,0.0,0.0,0.0,0.0,0.0,0.0,0.0,0.0,0.0,0.0,0.0,0.0,0.0,0.0,0.0,0.0,0.0,0.0,0.0,0.0,0.01346465666348469,0.01346465666348469,0.01346465666348469,-0.0006993391191660915,-0.0006993391191660915,-0.0006993391191660915,0.01416399578265078,0.01416399578265078,0.01416399578265078,0.0,0.0,0.0,152545.33397043362
2023-01-24,156381.50294184347,69359.83210764796,247689.74857834956,156381.50294184347,156381.50294184347,0.0,0.0,0.0,0.0,0.0,0.0,0.0,0.0,0.0,0.0,0.0,0.0,0.0,0.0,0.0,0.0,0.0,0.0,0.0,0.0,0.0,0.0,0.0,0.0,0.0,0.0,0.0,0.0,0.0,0.0,0.0,0.0,0.0,0.013642920740375368,0.013642920740375368,0.013642920740375368,-0.0009328826298009988,-0.0009328826298009988,-0.0009328826298009988,0.014575803370176367,0.014575803370176367,0.014575803370176367,0.0,0.0,0.0,158515.00339173983
2023-01-25,162244.35388388124,76233.3719109763,254083.66800772876,162244.35388388124,162244.35388388124,0.0,0.0,0.0,0.0,0.0,0.0,0.0,0.0,0.0,0.0,0.0,0.0,0.0,0.0,0.0,0.0,0.0,0.0,0.0,0.0,0.0,0.0,0.0,0.0,0.0,0.0,0.0,0.0,0.0,0.0,0.0,0.0,0.0,0.014687974434627363,0.014687974434627363,0.014687974434627363,-0.00027635329644239446,-0.00027635329644239446,-0.00027635329644239446,0.014964327731069758,0.014964327731069758,0.014964327731069758,0.0,0.0,0.0,164627.3948058903
2023-01-26,168107.20482591898,82617.47705248641,257104.7493840611,168107.20482591898,168107.20482591898,0.0,0.0,0.0,0.0,0.0,0.0,0.0,0.0,0.0,0.0,0.0,0.0,0.0,0.0,0.0,0.0,0.0,0.0,0.0,0.0,0.0,0.0,0.0,0.0,0.0,0.0,0.0,0.0,0.0,0.0,0.0,0.0,0.0,0.015290280361461298,0.015290280361461298,0.015290280361461298,-3.3567311000261126e-05,-3.3567311000261126e-05,-3.3567311000261126e-05,0.01532384767246156,0.01532384767246156,0.01532384767246156,0.0,0.0,0.0,170677.6111184889
2023-01-27,173970.05576795674,92093.80371993345,262345.70146907965,173970.05576795674,173970.05576795674,0.0,0.0,0.0,0.0,0.0,0.0,0.0,0.0,0.0,0.0,0.0,0.0,0.0,0.0,0.0,0.0,0.0,0.0,0.0,0.0,0.0,0.0,0.0,0.0,0.0,0.0,0.0,0.0,0.0,0.0,0.0,0.0,0.0,0.015643417008985788,0.015643417008985788,0.015643417008985788,-4.983770823437702e-06,-4.983770823437702e-06,-4.983770823437702e-06,0.015648400779809227,0.015648400779809227,0.015648400779809227,0.0,0.0,0.0,176691.54189741143
2023-01-28,179832.90670999448,96480.49875019726,268511.7534246393,179832.90670999448,179832.90670999448,0.0,0.0,0.0,0.0,0.0,0.0,0.0,0.0,0.0,0.0,0.0,0.0,0.0,0.0,0.0,0.0,0.0,0.0,0.0,0.0,0.0,0.0,0.0,0.0,0.0,0.0,0.0,0.0,0.0,0.0,0.0,0.0,0.0,0.016584728383187,0.016584728383187,0.016584728383187,0.0006527986307395797,0.0006527986307395797,0.0006527986307395797,0.015931929752447418,0.015931929752447418,0.015931929752447418,0.0,0.0,0.0,182815.38662213876
2023-01-29,185695.75765203225,93922.69328116385,277874.64879876515,185695.75765203225,185695.75765203225,0.0,0.0,0.0,0.0,0.0,0.0,0.0,0.0,0.0,0.0,0.0,0.0,0.0,0.0,0.0,0.0,0.0,0.0,0.0,0.0,0.0,0.0,0.0,0.0,0.0,0.0,0.0,0.0,0.0,0.0,0.0,0.0,0.0,0.017462767710083395,0.017462767710083395,0.017462767710083395,0.0012943274964932975,0.0012943274964932975,0.0012943274964932975,0.0161684402135901,0.0161684402135901,0.0161684402135901,0.0,0.0,0.0,188938.51953265764
2023-01-30,191558.60859407,111938.5226200203,284492.9766660594,191558.60859407,191558.60859407,0.0,0.0,0.0,0.0,0.0,0.0,0.0,0.0,0.0,0.0,0.0,0.0,0.0,0.0,0.0,0.0,0.0,0.0,0.0,0.0,0.0,0.0,0.0,0.0,0.0,0.0,0.0,0.0,0.0,0.0,0.0,0.0,0.0,0.015652826519848683,0.015652826519848683,0.015652826519848683,-0.0006993391191676824,-0.0006993391191676824,-0.0006993391191676824,0.016352165639016366,0.016352165639016366,0.016352165639016366,0.0,0.0,0.0,194557.0422627766
2023-01-31,199075.22615921038,121513.23160897354,287142.62104567693,199075.22615921038,199075.22615921038,0.0,0.0,0.0,0.0,0.0,0.0,0.0,0.0,0.0,0.0,0.0,0.0,0.0,0.0,0.0,0.0,0.0,0.0,0.0,0.0,0.0,0.0,0.0,0.0,0.0,0.0,0.0,0.0,0.0,0.0,0.0,0.0,0.0,0.015544852097039893,0.015544852097039893,0.015544852097039893,-0.0009328826298009421,-0.0009328826298009421,-0.0009328826298009421,0.016477734726840835,0.016477734726840835,0.016477734726840835,0.0,0.0,0.0,202169.82110604006
2023-02-01,206591.84372435074,121266.7266490146,294981.9739333799,206591.84372435074,206591.84372435074,0.0,0.0,0.0,0.0,0.0,0.0,0.0,0.0,0.0,0.0,0.0,0.0,0.0,0.0,0.0,0.0,0.0,0.0,0.0,0.0,0.0,0.0,0.0,0.0,0.0,0.0,0.0,0.0,0.0,0.0,0.0,0.0,0.0,0.01626398305099118,0.01626398305099118,0.01626398305099118,-0.00027635329644479576,-0.00027635329644479576,-0.00027635329644479576,0.016540336347435975,0.016540336347435975,0.016540336347435975,0.0,0.0,0.0,209951.8499691566
2023-02-02,214108.46128949113,126035.04893674291,306163.9886655839,214108.46128949113,214108.46128949113,0.0,0.0,0.0,0.0,0.0,0.0,0.0,0.0,0.0,0.0,0.0,0.0,0.0,0.0,0.0,0.0,0.0,0.0,0.0,0.0,0.0,0.0,0.0,0.0,0.0,0.0,0.0,0.0,0.0,0.0,0.0,0.0,0.0,0.016502309863872508,0.016502309863872508,0.016502309863872508,-3.3567311000903096e-05,-3.3567311000903096e-05,-3.3567311000903096e-05,0.01653587717487341,0.01653587717487341,0.01653587717487341,0.0,0.0,0.0,217641.74546216728
2023-02-03,221625.0788546315,136270.9888129874,309807.18793576205,221625.0788546315,221625.0788546315,0.0,0.0,0.0,0.0,0.0,0.0,0.0,0.0,0.0,0.0,0.0,0.0,0.0,0.0,0.0,0.0,0.0,0.0,0.0,0.0,0.0,0.0,0.0,0.0,0.0,0.0,0.0,0.0,0.0,0.0,0.0,0.0,0.0,0.016456143441163095,0.016456143441163095,0.016456143441163095,-4.983770821309115e-06,-4.983770821309115e-06,-4.983770821309115e-06,0.0164611272119844,0.0164611272119844,0.0164611272119844,0.0,0.0,0.0,225272.17294242242
2023-02-04,229141.69641977185,135628.04647984647,319669.4683957283,229141.69641977185,229141.69641977185,0.0,0.0,0.0,0.0,0.0,0.0,0.0,0.0,0.0,0.0,0.0,0.0,0.0,0.0,0.0,0.0,0.0,0.0,0.0,0.0,0.0,0.0,0.0,0.0,0.0,0.0,0.0,0.0,0.0,0.0,0.0,0.0,0.0,0.016966647309209597,0.016966647309209597,0.016966647309209597,0.0006527986307392425,0.0006527986307392425,0.0006527986307392425,0.016313848678470355,0.016313848678470355,0.016313848678470355,0.0,0.0,0.0,233029.4627667601
2023-02-05,236658.3139849122,150785.37309967386,322715.8041576756,236658.3139849122,236658.3139849122,0.0,0.0,0.0,0.0,0.0,0.0,0.0,0.0,0.0,0.0,0.0,0.0,0.0,0.0,0.0,0.0,0.0,0.0,0.0,0.0,0.0,0.0,0.0,0.0,0.0,0.0,0.0,0.0,0.0,0.0,0.0,0.0,0.0,0.017387231625669696,0.017387231625669696,0.017387231625669696,0.0012943274964924763,0.0012943274964924763,0.0012943274964924763,0.01609290412917722,0.01609290412917722,0.01609290412917722,0.0,0.0,0.0,240773.14690630836
2023-02-06,244174.93155005257,160059.68307732756,336763.6981419325,244174.93155005257,244174.93155005257,0.0,0.0,0.0,0.0,0.0,0.0,0.0,0.0,0.0,0.0,0.0,0.0,0.0,0.0,0.0,0.0,0.0,0.0,0.0,0.0,0.0,0.0,0.0,0.0,0.0,0.0,0.0,0.0,0.0,0.0,0.0,0.0,0.0,0.015099001077980744,0.015099001077980744,0.015099001077980744,-0.0006993391191687167,-0.0006993391191687167,-0.0006993391191687167,0.01579834019714946,0.01579834019714946,0.01579834019714946,0.0,0.0,0.0,247861.7291047427
2023-02-07,251691.5491151929,162919.05989477976,348252.2660023301,251691.5491151929,251691.5491151929,0.0,0.0,0.0,0.0,0.0,0.0,0.0,0.0,0.0,0.0,0.0,0.0,0.0,0.0,0.0,0.0,0.0,0.0,0.0,0.0,0.0,0.0,0.0,0.0,0.0,0.0,0.0,0.0,0.0,0.0,0.0,0.0,0.0,0.014498561368901897,0.014498561368901897,0.014498561368901897,-0.0009328826298015042,-0.0009328826298015042,-0.0009328826298015042,0.0154314439987034,0.0154314439987034,0.0154314439987034,0.0,0.0,0.0,255340.71448607353
2023-02-08,259208.1666803333,170203.05164681099,350495.49539142876,259208.1666803333,259208.1666803333,0.0,0.0,0.0,0.0,0.0,0.0,0.0,0.0,0.0,0.0,0.0,0.0,0.0,0.0,0.0,0.0,0.0,0.0,0.0,0.0,0.0,0.0,0.0,0.0,0.0,0.0,0.0,0.0,0.0,0.0,0.0,0.0,0.0,0.014718416680900234,0.014718416680900234,0.014718416680900234,-0.0002763532964454307,-0.0002763532964454307,-0.0002763532964454307,0.014994769977345664,0.014994769977345664,0.014994769977345664,0.0,0.0,0.0,263023.30048462667
2023-02-09,266724.7842454737,183757.96830323405,363112.60965476814,266724.7842454737,266724.7842454737,0.0,0.0,0.0,0.0,0.0,0.0,0.0,0.0,0.0,0.0,0.0,0.0,0.0,0.0,0.0,0.0,0.0,0.0,0.0,0.0,0.0,0.0,0.0,0.0,0.0,0.0,0.0,0.0,0.0,0.0,0.0,0.0,0.0,0.014458568467607461,0.014458568467607461,0.014458568467607461,-3.3567311001545066e-05,-3.3567311001545066e-05,-3.3567311001545066e-05,0.014492135778609007,0.014492135778609007,0.014492135778609007,0.0,0.0,0.0,270581.2428004947
2023-02-10,274241.40181061404,189075.70806635392,358117.6862991123,274241.40181061404,274241.40181061404,0.0,0.0,0.0,0.0,0.0,0.0,0.0,0.0,0.0,0.0,0.0,0.0,0.0,0.0,0.0,0.0,0.0,0.0,0.0,0.0,0.0,0.0,0.0,0.0,0.0,0.0,0.0,0.0,0.0,0.0,0.0,0.0,0.0,0.01392360284413944,0.01392360284413944,0.01392360284413944,-4.983770822101233e-06,-4.983770822101233e-06,-4.983770822101233e-06,0.013928586614961542,0.013928586614961542,0.013928586614961542,0.0,0.0,0.0,278059.8301728451
2023-02-11,281758.0193757544,198715.24224047922,375078.49257879006,281758.0193757544,281758.0193757544,0.0,0.0,0.0,0.0,0.0,0.0,0.0,0.0,0.0,0.0,0.0,0.0,0.0,0.0,0.0,0.0,0.0,0.0,0.0,0.0,0.0,0.0,0.0,0.0,0.0,0.0,0.0,0.0,0.0,0.0,0.0,0.0,0.0,0.01396312710420334,0.01396312710420334,0.01396312710420334,0.0006527986307407521,0.0006527986307407521,0.0006527986307407521,0.013310328473462588,0.013310328473462588,0.013310328473462588,0.0,0.0,0.0,285692.24241292663
2023-02-12,289274.63694089476,204087.2542433828,373354.94290572044,289274.63694089476,289274.63694089476,0.0,0.0,0.0,0.0,0.0,0.0,0.0,0.0,0.0,0.0,0.0,0.0,0.0,0.0,0.0,0.0,0.0,0.0,0.0,0.0,0.0,0.0,0.0,0.0,0.0,0.0,0.0,0.0,0.0,0.0,0.0,0.0,0.0,0.013938958908741547,0.013938958908741547,0.013938958908741547,0.0012943274964955158,0.0012943274964955158,0.0012943274964955158,0.01264463141224603,0.01264463141224603,0.01264463141224603,0.0,0.0,0.0,293306.824218555
2023-02-13,296791.2545060351,207124.9281525133,393543.0549486661,296791.2545060351,296791.2545060351,0.0,0.0,0.0,0.0,0.0,0.0,0.0,0.0,0.0,0.0,0.0,0.0,0.0,0.0,0.0,0.0,0.0,0.0,0.0,0.0,0.0,0.0,0.0,0.0,0.0,0.0,0.0,0.0,0.0,0.0,0.0,0.0,0.0,0.011240365939384551,0.011240365939384551,0.011240365939384551,-0.0006993391191697508,-0.0006993391191697508,-0.0006993391191697508,0.011939705058554302,0.011939705058554302,0.011939705058554302,0.0,0.0,0.0,300127.29681429197
2023-02-14,304307.8720711755,220462.2929365121,397050.9282392988,304307.8720711755,304307.8720711755,0.0,0.0,0.0,0.0,0.0,0.0,0.0,0.0,0.0,0.0,0.0,0.0,0.0,0.0,0.0,0.0,0.0,0.0,0.0,0.0,0.0,0.0,0.0,0.0,0.0,0.0,0.0,0.0,0.0,0.0,0.0,0.0,0.0,0.010271666605008844,0.010271666605008844,0.010271666605008844,-0.0009328826298038605,-0.0009328826298038605,-0.0009328826298038605,0.011204549234812703,0.011204549234812703,0.011204549234812703,0.0,0.0,0.0,307433.6210783703
2023-02-15,311824.48963631585,231111.84821154663,400936.31823485834,311824.48963631585,311824.48963631585,0.0,0.0,0.0,0.0,0.0,0.0,0.0,0.0,0.0,0.0,0.0,0.0,0.0,0.0,0.0,0.0,0.0,0.0,0.0,0.0,0.0,0.0,0.0,0.0,0.0,0.0,0.0,0.0,0.0,0.0,0.0,0.0,0.0,0.010172430079121823,0.010172430079121823,0.010172430079121823,-0.0002763532964428304,-0.0002763532964428304,-0.0002763532964428304,0.010448783375564654,0.010448783375564654,0.010448783375564654,0.0,0.0,0.0,314996.50245409907
2023-02-16,319341.10720145627,233809.43464831766,414034.7175198295,319341.10720145627,319341.10720145627,0.0,0.0,0.0,0.0,0.0,0.0,0.0,0.0,0.0,0.0,0.0,0.0,0.0,0.0,0.0,0.0,0.0,0.0,0.0,0.0,0.0,0.0,0.0,0.0,0.0,0.0,0.0,0.0,0.0,0.0,0.0,0.0,0.0,0.009648891723385114,0.009648891723385114,0.009648891723385114,-3.3567311000478875e-05,-3.3567311000478875e-05,-3.3567311000478875e-05,0.009682459034385592,0.009682459034385592,0.009682459034385592,0.0,0.0,0.0,322422.394967669
2023-02-17,326857.7247665966,236691.91750277302,420438.3473906865,326857.7247665966,326857.7247665966,0.0,0.0,0.0,0.0,0.0,0.0,0.0,0.0,0.0,0.0,0.0,0.0,0.0,0.0,0.0,0.0,0.0,0.0,0.0,0.0,0.0,0.0,0.0,0.0,0.0,0.0,0.0,0.0,0.0,0.0,0.0,0.0,0.0,0.008910876525643723,0.008910876525643723,0.008910876525643723,-4.9837708214328495e-06,-4.9837708214328495e-06,-4.9837708214328495e-06,0.008915860296465156,0.008915860296465156,0.008915860296465156,0.0,0.0,0.0,329770.31359344465
2023-02-18,334374.34233173693,247865.52138256657,421987.7426159884,334374.34233173693,334374.34233173693,0.0,0.0,0.0,0.0,0.0,0.0,0.0,0.0,0.0,0.0,0.0,0.0,0.0,0.0,0.0,0.0,0.0,0.0,0.0,0.0,0.0,0.0,0.0,0.0,0.0,0.0,0.0,0.0,0.0,0.0,0.0,0.0,0.0,0.008812095924028984,0.008812095924028984,0.008812095924028984,0.0006527986307422618,0.0006527986307422618,0.0006527986307422618,0.008159297293286722,0.008159297293286722,0.008159297293286722,0.0,0.0,0.0,337320.8811108983
2023-02-19,341890.95989687735,259172.7205241612,433685.60656003095,341890.95989687735,341890.95989687735,0.0,0.0,0.0,0.0,0.0,0.0,0.0,0.0,0.0,0.0,0.0,0.0,0.0,0.0,0.0,0.0,0.0,0.0,0.0,0.0,0.0,0.0,0.0,0.0,0.0,0.0,0.0,0.0,0.0,0.0,0.0,0.0,0.0,0.0087172257448888,0.0087172257448888,0.0087172257448888,0.0012943274964946944,0.0012943274964946944,0.0012943274964946944,0.007422898248394106,0.007422898248394106,0.007422898248394106,0.0,0.0,0.0,344871.30057443515
2023-02-20,349407.57746201765,261382.57054296188,441445.3229484367,349407.57746201765,349407.57746201765,0.0,0.0,0.0,0.0,0.0,0.0,0.0,0.0,0.0,0.0,0.0,0.0,0.0,0.0,0.0,0.0,0.0,0.0,0.0,0.0,0.0,0.0,0.0,0.0,0.0,0.0,0.0,0.0,0.0,0.0,0.0,0.0,0.0,0.00601706644054378,0.00601706644054378,0.00601706644054378,-0.0006993391191707851,-0.0006993391191707851,-0.0006993391191707851,0.006716405559714565,0.006716405559714565,0.006716405559714565,0.0,0.0,0.0,351509.986070436
2023-02-21,356924.195027158,271607.10825134924,445407.6328157414,356924.195027158,356924.195027158,0.0,0.0,0.0,0.0,0.0,0.0,0.0,0.0,0.0,0.0,0.0,0.0,0.0,0.0,0.0,0.0,0.0,0.0,0.0,0.0,0.0,0.0,0.0,0.0,0.0,0.0,0.0,0.0,0.0,0.0,0.0,0.0,0.0,0.005116098711188866,0.005116098711188866,0.005116098711188866,-0.0009328826298025972,-0.0009328826298025972,-0.0009328826298025972,0.006048981340991463,0.006048981340991463,0.006048981340991463,0.0,0.0,0.0,358750.2544413286
2023-02-22,364440.8125922984,276995.19590322237,449884.34035959974,364440.8125922984,364440.8125922984,0.0,0.0,0.0,0.0,0.0,0.0,0.0,0.0,0.0,0.0,0.0,0.0,0.0,0.0,0.0,0.0,0.0,0.0,0.0,0.0,0.0,0.0,0.0,0.0,0.0,0.0,0.0,0.0,0.0,0.0,0.0,0.0,0.0,0.0051526743075929445,0.0051526743075929445,0.0051526743075929445,-0.00027635329644346533,-0.00027635329644346533,-0.00027635329644346533,0.00542902760403641,0.00542902760403641,0.00542902760403641,0.0,0.0,0.0,366318.657403981
2023-02-23,371957.4301574388,281273.6533258867,462273.6145915041,371957.4301574388,371957.4301574388,0.0,0.0,0.0,0.0,0.0,0.0,0.0,0.0,0.0,0.0,0.0,0.0,0.0,0.0,0.0,0.0,0.0,0.0,0.0,0.0,0.0,0.0,0.0,0.0,0.0,0.0,0.0,0.0,0.0,0.0,0.0,0.0,0.0,0.004830458559879743,0.004830458559879743,0.004830458559879743,-3.3567310999726784e-05,-3.3567310999726784e-05,-3.3567310999726784e-05,0.00486402587087947,0.00486402587087947,0.00486402587087947,0.0,0.0,0.0,373754.15510985366
2023-02-24,379474.0477225791,295662.04071596335,470604.02733594924,379474.0477225791,379474.0477225791,0.0,0.0,0.0,0.0,0.0,0.0,0.0,0.0,0.0,0.0,0.0,0.0,0.0,0.0,0.0,0.0,0.0,0.0,0.0,0.0,0.0,0.0,0.0,0.0,0.0,0.0,0.0,0.0,0.0,0.0,0.0,0.0,0.0,0.0043554167002420475,0.0043554167002420475,0.0043554167002420475,-4.98377082261425e-06,-4.98377082261425e-06,-4.98377082261425e-06,0.004360400471064662,0.004360400471064662,0.004360400471064662,0.0,0.0,0.0,381126.81532733847
2023-02-25,386990.66528771946,303760.04360203573,475877.0299722241,386990.66528771946,386990.66528771946,0.0,0.0,0.0,0.0,0.0,0.0,0.0,0.0,0.0,0.0,0.0,0.0,0.0,0.0,0.0,0.0,0.0,0.0,0.0,0.0,0.0,0.0,0.0,0.0,0.0,0.0,0.0,0.0,0.0,0.0,0.0,0.0,0.0,0.004576207750242227,0.004576207750242227,0.004576207750242227,0.0006527986307419246,0.0006527986307419246,0.0006527986307419246,0.003923409119500303,0.003923409119500303,0.003923409119500303,0.0,0.0,0.0,388761.61496948055
2023-02-26,394507.2828528599,300007.24934456294,483246.5629533681,394507.2828528599,394507.2828528599,0.0,0.0,0.0,0.0,0.0,0.0,0.0,0.0,0.0,0.0,0.0,0.0,0.0,0.0,0.0,0.0,0.0,0.0,0.0,0.0,0.0,0.0,0.0,0.0,0.0,0.0,0.0,0.0,0.0,0.0,0.0,0.0,0.0,0.004851391099454543,0.004851391099454543,0.004851391099454543,0.0012943274964942804,0.0012943274964942804,0.0012943274964942804,0.0035570636029602625,0.0035570636029602625,0.0035570636029602625,0.0,0.0,0.0,396421.19197356224
2023-02-27,402023.9004180002,319437.72914658097,492303.7701148218,402023.9004180002,402023.9004180002,0.0,0.0,0.0,0.0,0.0,0.0,0.0,0.0,0.0,0.0,0.0,0.0,0.0,0.0,0.0,0.0,0.0,0.0,0.0,0.0,0.0,0.0,0.0,0.0,0.0,0.0,0.0,0.0,0.0,0.0,0.0,0.0,0.0,0.002564743431704096,0.002564743431704096,0.002564743431704096,-0.000699339119172376,-0.000699339119172376,-0.000699339119172376,0.0032640825508764722,0.0032640825508764722,0.0032640825508764722,0.0,0.0,0.0,403054.98857598525
2023-02-28,409540.5179831406,316180.4029279175,495462.9149695757,409540.5179831406,409540.5179831406,0.0,0.0,0.0,0.0,0.0,0.0,0.0,0.0,0.0,0.0,0.0,0.0,0.0,0.0,0.0,0.0,0.0,0.0,0.0,0.0,0.0,0.0,0.0,0.0,0.0,0.0,0.0,0.0,0.0,0.0,0.0,0.0,0.0,0.002112994723276815,0.002112994723276815,0.002112994723276815,-0.000932882629804366,-0.000932882629804366,-0.000932882629804366,0.0030458773530811813,0.0030458773530811813,0.0030458773530811813,0.0,0.0,0.0,410405.874936607
2023-03-01,417057.135548281,325966.0134435774,504275.227553243,417057.135548281,417057.135548281,0.0,0.0,0.0,0.0,0.0,0.0,0.0,0.0,0.0,0.0,0.0,0.0,0.0,0.0,0.0,0.0,0.0,0.0,0.0,0.0,0.0,0.0,0.0,0.0,0.0,0.0,0.0,0.0,0.0,0.0,0.0,0.0,0.0,0.0026262180439159313,0.0026262180439159313,0.0026262180439159313,-0.0002763532964441002,-0.0002763532964441002,-0.0002763532964441002,0.0029025713403600314,0.0029025713403600314,0.0029025713403600314,0.0,0.0,0.0,418152.4185230018
2023-03-02,426134.0247884517,332981.141753932,514642.6061453088,426134.0247884517,426134.0247884517,0.0,0.0,0.0,0.0,0.0,0.0,0.0,0.0,0.0,0.0,0.0,0.0,0.0,0.0,0.0,0.0,0.0,0.0,0.0,0.0,0.0,0.0,0.0,0.0,0.0,0.0,0.0,0.0,0.0,0.0,0.0,0.0,0.0,0.0027994840799396917,0.0027994840799396917,0.0027994840799396917,-3.356731099866059e-05,-3.356731099866059e-05,-3.356731099866059e-05,0.0028330513909383525,0.0028330513909383525,0.0028330513909383525,0.0,0.0,0.0,427326.98020676756
2023-03-03,435210.91402862227,344034.86527194415,521778.52971667197,435210.91402862227,435210.91402862227,0.0,0.0,0.0,0.0,0.0,0.0,0.0,0.0,0.0,0.0,0.0,0.0,0.0,0.0,0.0,0.0,0.0,0.0,0.0,0.0,0.0,0.0,0.0,0.0,0.0,0.0,0.0,0.0,0.0,0.0,0.0,0.0,0.0,0.0028300664245737264,0.0028300664245737264,0.0028300664245737264,-4.983770821945948e-06,-4.983770821945948e-06,-4.983770821945948e-06,0.0028350501953956723,0.0028350501953956723,0.0028350501953956723,0.0,0.0,0.0,436442.5898240227
2023-03-04,444287.8032687929,353184.78363287554,530421.0167381484,444287.8032687929,444287.8032687929,0.0,0.0,0.0,0.0,0.0,0.0,0.0,0.0,0.0,0.0,0.0,0.0,0.0,0.0,0.0,0.0,0.0,0.0,0.0,0.0,0.0,0.0,0.0,0.0,0.0,0.0,0.0,0.0,0.0,0.0,0.0,0.0,0.0,0.003558055162451695,0.003558055162451695,0.003558055162451695,0.000652798630743434,0.000652798630743434,0.000652798630743434,0.002905256531708261,0.002905256531708261,0.002905256531708261,0.0,0.0,0.0,445868.6037808278
2023-03-05,453364.6925089635,369267.01942265965,545423.0429680614,453364.6925089635,453364.6925089635,0.0,0.0,0.0,0.0,0.0,0.0,0.0,0.0,0.0,0.0,0.0,0.0,0.0,0.0,0.0,0.0,0.0,0.0,0.0,0.0,0.0,0.0,0.0,0.0,0.0,0.0,0.0,0.0,0.0,0.0,0.0,0.0,0.0,0.00433377759385146,0.00433377759385146,0.00433377759385146,0.001294327496493459,0.001294327496493459,0.001294327496493459,0.003039450097358001,0.003039450097358001,0.003039450097358001,0.0,0.0,0.0,455329.4742552022
2023-03-06,462441.5817491342,370976.87729143526,551427.718138069,462441.5817491342,462441.5817491342,0.0,0.0,0.0,0.0,0.0,0.0,0.0,0.0,0.0,0.0,0.0,0.0,0.0,0.0,0.0,0.0,0.0,0.0,0.0,0.0,0.0,0.0,0.0,0.0,0.0,0.0,0.0,0.0,0.0,0.0,0.0,0.0,0.0,0.002533317621739794,0.002533317621739794,0.002533317621739794,-0.0006993391191670164,-0.0006993391191670164,-0.0006993391191670164,0.0032326567409068103,0.0032326567409068103,0.0032326567409068103,0.0,0.0,0.0,463613.09315720445
2023-03-07,471518.47098930477,382081.0388495383,561268.8096069272,471518.47098930477,471518.47098930477,0.0,0.0,0.0,0.0,0.0,0.0,0.0,0.0,0.0,0.0,0.0,0.0,0.0,0.0,0.0,0.0,0.0,0.0,0.0,0.0,0.0,0.0,0.0,0.0,0.0,0.0,0.0,0.0,0.0,0.0,0.0,0.0,0.0,0.002546436722566465,0.002546436722566465,0.002546436722566465,-0.0009328826298031025,-0.0009328826298031025,-0.0009328826298031025,0.0034793193523695674,0.0034793193523695674,0.0034793193523695674,0.0,0.0,0.0,472719.16293920035
2023-03-08,480595.36022947537,395420.6719492945,567722.5535363326,480595.36022947537,480595.36022947537,0.0,0.0,0.0,0.0,0.0,0.0,0.0,0.0,0.0,0.0,0.0,0.0,0.0,0.0,0.0,0.0,0.0,0.0,0.0,0.0,0.0,0.0,0.0,0.0,0.0,0.0,0.0,0.0,0.0,0.0,0.0,0.0,0.0,0.0034971259314870036,0.0034971259314870036,0.0034971259314870036,-0.00027635329644149983,-0.00027635329644149983,-0.00027635329644149983,0.0037734792279285035,0.0037734792279285035,0.0037734792279285035,0.0,0.0,0.0,482276.06272628624
2023-03-09,489672.2494696461,408466.6792379561,579297.2999210728,489672.2494696461,489672.2494696461,0.0,0.0,0.0,0.0,0.0,0.0,0.0,0.0,0.0,0.0,0.0,0.0,0.0,0.0,0.0,0.0,0.0,0.0,0.0,0.0,0.0,0.0,0.0,0.0,0.0,0.0,0.0,0.0,0.0,0.0,0.0,0.0,0.0,0.004075395122671326,0.004075395122671326,0.004075395122671326,-3.3567311001010723e-05,-3.3567311001010723e-05,-3.3567311001010723e-05,0.004108962433672337,0.004108962433672337,0.004108962433672337,0.0,0.0,0.0,491667.85736684216
2023-03-10,498749.13870981673,406888.90914884594,590460.8865609001,498749.13870981673,498749.13870981673,0.0,0.0,0.0,0.0,0.0,0.0,0.0,0.0,0.0,0.0,0.0,0.0,0.0,0.0,0.0,0.0,0.0,0.0,0.0,0.0,0.0,0.0,0.0,0.0,0.0,0.0,0.0,0.0,0.0,0.0,0.0,0.0,0.0,0.004474581793594234,0.004474581793594234,0.004474581793594234,-4.983770821277673e-06,-4.983770821277673e-06,-4.983770821277673e-06,0.004479565564415511,0.004479565564415511,0.004479565564415511,0.0,0.0,0.0,500980.8325254585
2023-03-11,507826.0279499873,426656.2795571697,595608.0124565047,507826.0279499873,507826.0279499873,0.0,0.0,0.0,0.0,0.0,0.0,0.0,0.0,0.0,0.0,0.0,0.0,0.0,0.0,0.0,0.0,0.0,0.0,0.0,0.0,0.0,0.0,0.0,0.0,0.0,0.0,0.0,0.0,0.0,0.0,0.0,0.0,0.0,0.005532033962342234,0.005532033962342234,0.005532033962342234,0.0006527986307396342,0.0006527986307396342,0.0006527986307396342,0.0048792353316025995,0.0048792353316025995,0.0048792353316025995,0.0,0.0,0.0,510635.33878356795
2023-03-12,516902.917190158,436280.746592989,607037.0006284468,516902.917190158,516902.917190158,0.0,0.0,0.0,0.0,0.0,0.0,0.0,0.0,0.0,0.0,0.0,0.0,0.0,0.0,0.0,0.0,0.0,0.0,0.0,0.0,0.0,0.0,0.0,0.0,0.0,0.0,0.0,0.0,0.0,0.0,0.0,0.0,0.0,0.006596564114910094,0.006596564114910094,0.006596564114910094,0.0012943274964926379,0.0012943274964926379,0.0012943274964926379,0.005302236618417456,0.005302236618417456,0.005302236618417456,0.0,0.0,0.0,520312.70042458695
2023-03-13,525979.8064303285,439725.183047345,612227.5206949309,525979.8064303285,525979.8064303285,0.0,0.0,0.0,0.0,0.0,0.0,0.0,0.0,0.0,0.0,0.0,0.0,0.0,0.0,0.0,0.0,0.0,0.0,0.0,0.0,0.0,0.0,0.0,0.0,0.0,0.0,0.0,0.0,0.0,0.0,0.0,0.0,0.0,0.005043964885872049,0.005043964885872049,0.005043964885872049,-0.0006993391191680505,-0.0006993391191680505,-0.0006993391191680505,0.0057433040050401,0.0057433040050401,0.0057433040050401,0.0,0.0,0.0,528632.8301046408
2023-03-14,535056.6956704991,456600.3386938414,634522.5592151014,535056.6956704991,535056.6956704991,0.0,0.0,0.0,0.0,0.0,0.0,0.0,0.0,0.0,0.0,0.0,0.0,0.0,0.0,0.0,0.0,0.0,0.0,0.0,0.0,0.0,0.0,0.0,0.0,0.0,0.0,0.0,0.0,0.0,0.0,0.0,0.0,0.0,0.005264889652415869,0.005264889652415869,0.005264889652415869,-0.0009328826298030459,-0.0009328826298030459,-0.0009328826298030459,0.006197772282218914,0.006197772282218914,0.006197772282218914,0.0,0.0,0.0,537873.7101309906
2023-03-15,544133.5849106697,462849.8358777197,639416.068359953,544133.5849106697,544133.5849106697,0.0,0.0,0.0,0.0,0.0,0.0,0.0,0.0,0.0,0.0,0.0,0.0,0.0,0.0,0.0,0.0,0.0,0.0,0.0,0.0,0.0,0.0,0.0,0.0,0.0,0.0,0.0,0.0,0.0,0.0,0.0,0.0,0.0,0.006385328825779203,0.006385328825779203,0.006385328825779203,-0.00027635329644213474,-0.00027635329644213474,-0.00027635329644213474,0.006661682122221338,0.006661682122221338,0.006661682122221338,0.0,0.0,0.0,547608.0567754743
2023-03-16,553210.4741508403,468334.2702252209,651803.9936057449,553210.4741508403,553210.4741508403,0.0,0.0,0.0,0.0,0.0,0.0,0.0,0.0,0.0,0.0,0.0,0.0,0.0,0.0,0.0,0.0,0.0,0.0,0.0,0.0,0.0,0.0,0.0,0.0,0.0,0.0,0.0,0.0,0.0,0.0,0.0,0.0,0.0,0.007098290532972648,0.007098290532972648,0.007098290532972648,-3.356731099994453e-05,-3.356731099994453e-05,-3.356731099994453e-05,0.0071318578439725925,0.0071318578439725925,0.0071318578439725925,0.0,0.0,0.0,557137.3228222465
2023-03-17,562287.363391011,481658.0939587616,657112.5052463777,562287.363391011,562287.363391011,0.0,0.0,0.0,0.0,0.0,0.0,0.0,0.0,0.0,0.0,0.0,0.0,0.0,0.0,0.0,0.0,0.0,0.0,0.0,0.0,0.0,0.0,0.0,0.0,0.0,0.0,0.0,0.0,0.0,0.0,0.0,0.0,0.0,0.007600971300362609,0.007600971300362609,0.007600971300362609,-4.983770820609371e-06,-4.983770820609371e-06,-4.983770820609371e-06,0.0076059550711832175,0.0076059550711832175,0.0076059550711832175,0.0,0.0,0.0,566561.2935027027
2023-03-18,571364.2526311817,485034.21080562664,665289.9823642931,571364.2526311817,571364.2526311817,0.0,0.0,0.0,0.0,0.0,0.0,0.0,0.0,0.0,0.0,0.0,0.0,0.0,0.0,0.0,0.0,0.0,0.0,0.0,0.0,0.0,0.0,0.0,0.0,0.0,0.0,0.0,0.0,0.0,0.0,0.0,0.0,0.0,0.008735275644020941,0.008735275644020941,0.008735275644020941,0.0006527986307411439,0.0006527986307411439,0.0006527986307411439,0.008082477013279799,0.008082477013279799,0.008082477013279799,0.0,0.0,0.0,576355.2768710551
2023-03-19,580441.1418713523,502012.51974759594,679669.944746664,580441.1418713523,580441.1418713523,0.0,0.0,0.0,0.0,0.0,0.0,0.0,0.0,0.0,0.0,0.0,0.0,0.0,0.0,0.0,0.0,0.0,0.0,0.0,0.0,0.0,0.0,0.0,0.0,0.0,0.0,0.0,0.0,0.0,0.0,0.0,0.0,0.0,0.009855086567838003,0.009855086567838003,0.009855086567838003,0.0012943274964922235,0.0012943274964922235,0.0012943274964922235,0.00856075907134578,0.00856075907134578,0.00856075907134578,0.0,0.0,0.0,586161.4395720292
2023-03-20,589518.0311115229,512196.7973770809,677543.4857684568,589518.0311115229,589518.0311115229,0.0,0.0,0.0,0.0,0.0,0.0,0.0,0.0,0.0,0.0,0.0,0.0,0.0,0.0,0.0,0.0,0.0,0.0,0.0,0.0,0.0,0.0,0.0,0.0,0.0,0.0,0.0,0.0,0.0,0.0,0.0,0.0,0.0,0.00834158333705777,0.00834158333705777,0.00834158333705777,-0.0006993391191685281,-0.0006993391191685281,-0.0006993391191685281,0.009040922456226298,0.009040922456226298,0.009040922456226298,0.0,0.0,0.0,594435.5448967379
2023-03-21,598594.9203516935,520331.4866315033,698010.6887994386,598594.9203516935,598594.9203516935,0.0,0.0,0.0,0.0,0.0,0.0,0.0,0.0,0.0,0.0,0.0,0.0,0.0,0.0,0.0,0.0,0.0,0.0,0.0,0.0,0.0,0.0,0.0,0.0,0.0,0.0,0.0,0.0,0.0,0.0,0.0,0.0,0.0,0.008590915844088658,0.008590915844088658,0.008590915844088658,-0.000932882629802989,-0.000932882629802989,-0.000932882629802989,0.009523798473891646,0.009523798473891646,0.009523798473891646,0.0,0.0,0.0,603737.3989371338
2023-03-22,607671.8095918642,531948.370252456,706210.2143090568,607671.8095918642,607671.8095918642,0.0,0.0,0.0,0.0,0.0,0.0,0.0,0.0,0.0,0.0,0.0,0.0,0.0,0.0,0.0,0.0,0.0,0.0,0.0,0.0,0.0,0.0,0.0,0.0,0.0,0.0,0.0,0.0,0.0,0.0,0.0,0.0,0.0,0.009734472758678541,0.009734472758678541,0.009734472758678541,-0.00027635329644453625,-0.00027635329644453625,-0.00027635329644453625,0.010010826055123077,0.010010826055123077,0.010010826055123077,0.0,0.0,0.0,613587.1742685531
2023-03-23,616748.6988320348,533390.7939903609,705068.5078974074,616748.6988320348,616748.6988320348,0.0,0.0,0.0,0.0,0.0,0.0,0.0,0.0,0.0,0.0,0.0,0.0,0.0,0.0,0.0,0.0,0.0,0.0,0.0,0.0,0.0,0.0,0.0,0.0,0.0,0.0,0.0,0.0,0.0,0.0,0.0,0.0,0.0,0.010470358643665061,0.010470358643665061,0.010470358643665061,-3.356731099887834e-05,-3.356731099887834e-05,-3.356731099887834e-05,0.010503925954663939,0.010503925954663939,0.010503925954663939,0.0,0.0,0.0,623206.27890182
2023-03-24,625825.5880722054,536754.511826432,724389.4409951848,625825.5880722054,625825.5880722054,0.0,0.0,0.0,0.0,0.0,0.0,0.0,0.0,0.0,0.0,0.0,0.0,0.0,0.0,0.0,0.0,0.0,0.0,0.0,0.0,0.0,0.0,0.0,0.0,0.0,0.0,0.0,0.0,0.0,0.0,0.0,0.0,0.0,0.011000372022506363,0.011000372022506363,0.011000372022506363,-4.983770821401489e-06,-4.983770821401489e-06,-4.983770821401489e-06,0.011005355793327764,0.011005355793327764,0.011005355793327764,0.0,0.0,0.0,632709.9023622035
2023-03-25,634902.477312376,546567.5422913347,726554.508340255,634902.477312376,634902.477312376,0.0,0.0,0.0,0.0,0.0,0.0,0.0,0.0,0.0,0.0,0.0,0.0,0.0,0.0,0.0,0.0,0.0,0.0,0.0,0.0,0.0,0.0,0.0,0.0,0.0,0.0,0.0,0.0,0.0,0.0,0.0,0.0,0.0,0.01217034937299251,0.01217034937299251,0.01217034937299251,0.0006527986307417301,0.0006527986307417301,0.0006527986307417301,0.011517550742250781,0.011517550742250781,0.011517550742250781,0.0,0.0,0.0,642629.4622790461
2023-03-26,643979.3665525466,558686.7225339726,736623.3797626379,643979.3665525466,643979.3665525466,0.0,0.0,0.0,0.0,0.0,0.0,0.0,0.0,0.0,0.0,0.0,0.0,0.0,0.0,0.0,0.0,0.0,0.0,0.0,0.0,0.0,0.0,0.0,0.0,0.0,0.0,0.0,0.0,0.0,0.0,0.0,0.0,0.0,0.013337282628453103,0.013337282628453103,0.013337282628453103,0.001294327496491402,0.001294327496491402,0.001294327496491402,0.0120429551319617,0.0120429551319617,0.0120429551319617,0.0,0.0,0.0,652568.3013711501
2023-03-27,653056.2557927173,578989.9947872541,751786.5652957568,653056.2557927173,653056.2557927173,0.0,0.0,0.0,0.0,0.0,0.0,0.0,0.0,0.0,0.0,0.0,0.0,0.0,0.0,0.0,0.0,0.0,0.0,0.0,0.0,0.0,0.0,0.0,0.0,0.0,0.0,0.0,0.0,0.0,0.0,0.0,0.0,0.0,0.01188451147582668,0.01188451147582668,0.01188451147582668,-0.0006993391191637252,-0.0006993391191637252,-0.0006993391191637252,0.012583850594990406,0.012583850594990406,0.012583850594990406,0.0,0.0,0.0,660817.5103590463
2023-03-28,662133.1450328879,580385.7238394818,750390.700051364,662133.1450328879,662133.1450328879,0.0,0.0,0.0,0.0,0.0,0.0,0.0,0.0,0.0,0.0,0.0,0.0,0.0,0.0,0.0,0.0,0.0,0.0,0.0,0.0,0.0,0.0,0.0,0.0,0.0,0.0,0.0,0.0,0.0,0.0,0.0,0.0,0.0,0.012209303878634463,0.012209303878634463,0.012209303878634463,-0.0009328826298029324,-0.0009328826298029324,-0.0009328826298029324,0.013142186508437395,0.013142186508437395,0.013142186508437395,0.0,0.0,0.0,670217.3298087104
2023-03-29,671210.0342730585,589132.5752401918,768946.212681474,671210.0342730585,671210.0342730585,0.0,0.0,0.0,0.0,0.0,0.0,0.0,0.0,0.0,0.0,0.0,0.0,0.0,0.0,0.0,0.0,0.0,0.0,0.0,0.0,0.0,0.0,0.0,0.0,0.0,0.0,0.0,0.0,0.0,0.0,0.0,0.0,0.0,0.013443065190127909,0.013443065190127909,0.013443065190127909,-0.0002763532964451711,-0.0002763532964451711,-0.0002763532964451711,0.01371941848657308,0.01371941848657308,0.01371941848657308,0.0,0.0,0.0,680233.1545200592
2023-03-30,680286.9235132291,607662.1740643159,782440.919654053,680286.9235132291,680286.9235132291,0.0,0.0,0.0,0.0,0.0,0.0,0.0,0.0,0.0,0.0,0.0,0.0,0.0,0.0,0.0,0.0,0.0,0.0,0.0,0.0,0.0,0.0,0.0,0.0,0.0,0.0,0.0,0.0,0.0,0.0,0.0,0.0,0.0,0.014282793171425508,0.014282793171425508,0.014282793171425508,-3.356731099983442e-05,-3.356731099983442e-05,-3.356731099983442e-05,0.014316360482425343,0.014316360482425343,0.014316360482425343,0.0,0.0,0.0,690003.320938994
2023-03-31,688798.2001399078,609217.7692964713,784642.5311351889,688798.2001399078,688798.2001399078,0.0,0.0,0.0,0.0,0.0,0.0,0.0,0.0,0.0,0.0,0.0,0.0,0.0,0.0,0.0,0.0,0.0,0.0,0.0,0.0,0.0,0.0,0.0,0.0,0.0,0.0,0.0,0.0,0.0,0.0,0.0,0.0,0.0,0.014928071925035627,0.014928071925035627,0.014928071925035627,-4.983770819272821e-06,-4.983770819272821e-06,-4.983770819272821e-06,0.014933055695854899,0.014933055695854899,0.014933055695854899,0.0,0.0,0.0,699080.6292134314
2023-04-01,697309.4767665864,625992.1473213967,798085.3665241115,697309.4767665864,697309.4767665864,0.0,0.0,0.0,0.0,0.0,0.0,0.0,0.0,0.0,0.0,0.0,0.0,0.0,0.0,0.0,0.0,0.0,0.0,0.0,0.0,0.0,0.0,0.0,0.0,0.0,0.0,0.0,0.0,0.0,0.0,0.0,0.0,0.0,0.01622146959420571,0.01622146959420571,0.01622146959420571,0.0006527986307423162,0.0006527986307423162,0.0006527986307423162,0.015568670963463396,0.015568670963463396,0.015568670963463396,0.0,0.0,0.0,708620.8612417071
2023-04-02,705820.753393265,637754.2358296665,806220.0515401406,705820.753393265,705820.753393265,0.0,0.0,0.0,0.0,0.0,0.0,0.0,0.0,0.0,0.0,0.0,0.0,0.0,0.0,0.0,0.0,0.0,0.0,0.0,0.0,0.0,0.0,0.0,0.0,0.0,0.0,0.0,0.0,0.0,0.0,0.0,0.0,0.0,0.017515746133713424,0.017515746133713424,0.017515746133713424,0.001294327496494442,0.001294327496494442,0.001294327496494442,0.016221418637218984,0.016221418637218984,0.016221418637218984,0.0,0.0,0.0,718183.7305256077
2023-04-03,714332.0300199436,635551.1484158717,818145.6333660785,714332.0300199436,714332.0300199436,0.0,0.0,0.0,0.0,0.0,0.0,0.0,0.0,0.0,0.0,0.0,0.0,0.0,0.0,0.0,0.0,0.0,0.0,0.0,0.0,0.0,0.0,0.0,0.0,0.0,0.0,0.0,0.0,0.0,0.0,0.0,0.0,0.0,0.016189170043457116,0.016189170043457116,0.016189170043457116,-0.0006993391191647594,-0.0006993391191647594,-0.0006993391191647594,0.016888509162621874,0.016888509162621874,0.016888509162621874,0.0,0.0,0.0,725896.4727214244
2023-04-04,722843.3066466223,651905.596847411,826943.4311852682,722843.3066466223,722843.3066466223,0.0,0.0,0.0,0.0,0.0,0.0,0.0,0.0,0.0,0.0,0.0,0.0,0.0,0.0,0.0,0.0,0.0,0.0,0.0,0.0,0.0,0.0,0.0,0.0,0.0,0.0,0.0,0.0,0.0,0.0,0.0,0.0,0.0,0.016633254036598596,0.016633254036598596,0.016633254036598596,-0.0009328826298016688,-0.0009328826298016688,-0.0009328826298016688,0.017566136666400264,0.017566136666400264,0.017566136666400264,0.0,0.0,0.0,734866.5429947304
2023-04-05,731354.5832733009,650659.2333755813,837010.9233508566,731354.5832733009,731354.5832733009,0.0,0.0,0.0,0.0,0.0,0.0,0.0,0.0,0.0,0.0,0.0,0.0,0.0,0.0,0.0,0.0,0.0,0.0,0.0,0.0,0.0,0.0,0.0,0.0,0.0,0.0,0.0,0.0,0.0,0.0,0.0,0.0,0.0,0.017973145587504968,0.017973145587504968,0.017973145587504968,-0.0002763532964441884,-0.0002763532964441884,-0.0002763532964441884,0.018249498883949156,0.018249498883949156,0.018249498883949156,0.0,0.0,0.0,744499.325674561
2023-04-06,739865.8598999794,660311.1364096147,836133.1778571624,739865.8598999794,739865.8598999794,0.0,0.0,0.0,0.0,0.0,0.0,0.0,0.0,0.0,0.0,0.0,0.0,0.0,0.0,0.0,0.0,0.0,0.0,0.0,0.0,0.0,0.0,0.0,0.0,0.0,0.0,0.0,0.0,0.0,0.0,0.0,0.0,0.0,0.0188992844155621,0.0188992844155621,0.0188992844155621,-3.356731099876822e-05,-3.356731099876822e-05,-3.356731099876822e-05,0.018932851726560868,0.018932851726560868,0.018932851726560868,0.0,0.0,0.0,753848.7952155935
2023-04-07,748377.1365266581,684571.3703235033,858395.8956456931,748377.1365266581,748377.1365266581,0.0,0.0,0.0,0.0,0.0,0.0,0.0,0.0,0.0,0.0,0.0,0.0,0.0,0.0,0.0,0.0043866938,0.0043866938,0.0043866938,0.0,0.0,0.0,0.0,0.0,0.0,0.0,0.0,0.0,0.0,0.0,0.0,0.0043866938,0.0043866938,0.0043866938,0.023991307767058705,0.023991307767058705,0.023991307767058705,-4.983770821914506e-06,-4.983770821914506e-06,-4.983770821914506e-06,0.01960959773788062,0.01960959773788062,0.01960959773788062,0.0,0.0,0.0,766331.6827348992
2023-04-08,756888.4131533367,687668.7552071399,865327.5082937735,756888.4131533367,756888.4131533367,0.0,0.0,0.0,0.0,0.0,0.0,0.0,0.0,0.0,0.0,0.0,0.0,0.0,0.0,0.0,0.0,0.0,0.0,0.0,0.0,0.0,0.0,0.0,0.0,0.0,0.0,0.0,0.0,0.0,0.0,0.0,0.0,0.0,0.02092520527978465,0.02092520527978465,0.02092520527978465,0.0006527986307429025,0.0006527986307429025,0.0006527986307429025,0.020272406649041747,0.020272406649041747,0.020272406649041747,0.0,0.0,0.0,772726.4585724607
2023-04-09,765399.6897800154,691009.9184930588,872334.9813081702,765399.6897800154,765399.6897800154,0.0,0.0,0.0,0.0,0.0,0.0,0.0,0.0,0.0,0.0,0.0,0.0,0.0,0.0,0.0,0.0,0.0,0.0,0.0,0.0,0.0,0.0,0.0,0.0,0.0,0.0,0.0,0.0,0.0,0.0,0.0,0.0,0.0,0.02220769273977657,0.02220769273977657,0.02220769273977657,0.001294327496493824,0.001294327496493824,0.001294327496493824,0.020913365243282744,0.020913365243282744,0.020913365243282744,0.0,0.0,0.0,782397.4509137702
2023-04-10,773910.9664066939,710113.3545027421,875151.892011453,773910.9664066939,773910.9664066939,0.0,0.0,0.0,0.0,0.0,0.0,0.0,0.0,0.0,0.0,0.0,0.0,0.0,0.0,0.0,0.0,0.0,0.0,0.0,0.0,0.0,0.0,0.0,0.0,0.0,0.0,0.0,0.0,0.0,0.0,0.0,0.0,0.0,0.020824813694124634,0.020824813694124634,0.020824813694124634,-0.0006993391191663504,-0.0006993391191663504,-0.0006993391191663504,0.021524152813290984,0.021524152813290984,0.021524152813290984,0.0,0.0,0.0,790027.5180979533
2023-04-11,782422.2430333726,713335.5356831311,885266.8720641128,782422.2430333726,782422.2430333726,0.0,0.0,0.0,0.0,0.0,0.0,0.0,0.0,0.0,0.0,0.0,0.0,0.0,0.0,0.0,0.0,0.0,0.0,0.0,0.0,0.0,0.0,0.0,0.0,0.0,0.0,0.0,0.0,0.0,0.0,0.0,0.0,0.0,0.02116335503621133,0.02116335503621133,0.02116335503621133,-0.0009328826298028185,-0.0009328826298028185,-0.0009328826298028185,0.022096237666014148,0.022096237666014148,0.022096237666014148,0.0,0.0,0.0,798980.9227509167
2023-04-12,790933.519660051,718502.0176753665,898332.9750508992,790933.519660051,790933.519660051,0.0,0.0,0.0,0.0,0.0,0.0,0.0,0.0,0.0,0.0,0.0,0.0,0.0,0.0,0.0,0.0,0.0,0.0,0.0,0.0,0.0,0.0,0.0,0.0,0.0,0.0,0.0,0.0,0.0,0.0,0.0,0.0,0.0,0.0223447361289063,0.0223447361289063,0.0223447361289063,-0.00027635329644320577,-0.00027635329644320577,-0.00027635329644320577,0.022621089425349506,0.022621089425349506,0.022621089425349506,0.0,0.0,0.0,808606.7204523619
2023-04-13,799444.7962867296,730019.247984644,911794.6577484476,799444.7962867296,799444.7962867296,0.0,0.0,0.0,0.0,0.0,0.0,0.0,0.0,0.0,0.0,0.0,0.0,0.0,0.0,0.0,0.0,0.0,0.0,0.0,0.0,0.0,0.0,0.0,0.0,0.0,0.0,0.0,0.0,0.0,0.0,0.0,0.0,0.0,0.02305683401370763,0.02305683401370763,0.02305683401370763,-3.356731100111836e-05,-3.356731100111836e-05,-3.356731100111836e-05,0.02309040132470875,0.02309040132470875,0.02309040132470875,0.0,0.0,0.0,817877.4622578351
2023-04-14,807956.0729134083,736237.1980168821,914136.5165784777,807956.0729134083,807956.0729134083,0.0,0.0,0.0,0.0,0.0,0.0,0.0,0.0,0.0,0.0,0.0,0.0,0.0,0.0,0.0,0.0,0.0,0.0,0.0,0.0,0.0,0.0,0.0,0.0,0.0,0.0,0.0,0.0,0.0,0.0,0.0,0.0,0.0,0.023491332515596434,0.023491332515596434,0.023491332515596434,-4.983770821246123e-06,-4.983770821246123e-06,-4.983770821246123e-06,0.02349631628641768,0.02349631628641768,0.02349631628641768,0.0,0.0,0.0,826936.0376802128
2023-04-15,816467.3495400869,747139.2567587082,924733.4665085939,816467.3495400869,816467.3495400869,0.0,0.0,0.0,0.0,0.0,0.0,0.0,0.0,0.0,0.0,0.0,0.0,0.0,0.0,0.0,0.0,0.0,0.0,0.0,0.0,0.0,0.0,0.0,0.0,0.0,0.0,0.0,0.0,0.0,0.0,0.0,0.0,0.0,0.0244844489970923,0.0244844489970923,0.0244844489970923,0.0006527986307444119,0.0006527986307444119,0.0006527986307444119,0.02383165036634789,0.02383165036634789,0.02383165036634789,0.0,0.0,0.0,836458.1027176924
2023-04-16,824978.6261667655,751822.9093671336,933268.9863550432,824978.6261667655,824978.6261667655,0.0,0.0,0.0,0.0,0.0,0.0,0.0,0.0,0.0,0.0,0.0,0.0,0.0,0.0,0.0,0.0,0.0,0.0,0.0,0.0,0.0,0.0,0.0,0.0,0.0,0.0,0.0,0.0,0.0,0.0,0.0,0.0,0.0,0.025384434604268678,0.025384434604268678,0.025384434604268678,0.0012943274964932064,0.0012943274964932064,0.0012943274964932064,0.024090107107775472,0.024090107107775472,0.024090107107775472,0.0,0.0,0.0,845920.2421526151
2023-04-17,833489.9027934441,761411.2846679721,938662.7813081499,833489.9027934441,833489.9027934441,0.0,0.0,0.0,0.0,0.0,0.0,0.0,0.0,0.0,0.0,0.0,0.0,0.0,0.0,0.0,0.0,0.0,0.0,0.0,0.0,0.0,0.0,0.0,0.0,0.0,0.0,0.0,0.0,0.0,0.0,0.0,0.0,0.0,0.02356713738161811,0.02356713738161811,0.02356713738161811,-0.0006993391191679411,-0.0006993391191679411,-0.0006993391191679411,0.02426647650078605,0.02426647650078605,0.02426647650078605,0.0,0.0,0.0,853132.8738387688
2023-04-18,842001.1794201228,767427.06700134,950863.8043147144,842001.1794201228,842001.1794201228,0.0,0.0,0.0,0.0,0.0,0.0,0.0,0.0,0.0,0.0,0.0,0.0,0.0,0.0,0.0,0.0,0.0,0.0,0.0,0.0,0.0,0.0,0.0,0.0,0.0,0.0,0.0,0.0,0.0,0.0,0.0,0.0,0.0,0.023423929950004148,0.023423929950004148,0.023423929950004148,-0.0009328826298033809,-0.0009328826298033809,-0.0009328826298033809,0.024356812579807527,0.024356812579807527,0.024356812579807527,0.0,0.0,0.0,861724.1560646805
2023-04-19,850512.4560468014,784288.5813117088,961787.2479408353,850512.4560468014,850512.4560468014,0.0,0.0,0.0,0.0,0.0,0.0,0.0,0.0,0.0,0.0,0.0,0.0,0.0,0.0,0.0,0.0,0.0,0.0,0.0,0.0,0.0,0.0,0.0,0.0,0.0,0.0,0.0,0.0,0.0,0.0,0.0,0.0,0.0,0.024082230907212565,0.024082230907212565,0.024082230907212565,-0.00027635329644222305,-0.00027635329644222305,-0.00027635329644222305,0.02435858420365479,0.02435858420365479,0.02435858420365479,0.0,0.0,0.0,870994.693402781
2023-04-20,859023.73267348,786972.7396608294,965750.3079810956,859023.73267348,859023.73267348,0.0,0.0,0.0,0.0,0.0,0.0,0.0,0.0,0.0,0.0,0.0,0.0,0.0,0.0,0.0,0.0,0.0,0.0,0.0,0.0,0.0,0.0,0.0,0.0,0.0,0.0,0.0,0.0,0.0,0.0,0.0,0.0,0.0,0.024237226925546338,0.024237226925546338,0.024237226925546338,-3.356731100005216e-05,-3.356731100005216e-05,-3.356731100005216e-05,0.02427079423654639,0.02427079423654639,0.02427079423654639,0.0,0.0,0.0,879844.085816717
2023-04-21,867535.0093001586,791430.0760732308,970088.3308118139,867535.0093001586,867535.0093001586,0.0,0.0,0.0,0.0,0.0,0.0,0.0,0.0,0.0,0.0,0.0,0.0,0.0,0.0,0.0,0.0,0.0,0.0,0.0,0.0,0.0,0.0,0.0,0.0,0.0,0.0,0.0,0.0,0.0,0.0,0.0,0.0,0.0,0.024089079395783426,0.024089079395783426,0.024089079395783426,-4.983770822038376e-06,-4.983770822038376e-06,-4.983770822038376e-06,0.024094063166605464,0.024094063166605464,0.024094063166605464,0.0,0.0,0.0,888433.129017812
2023-04-22,876046.2859268372,804046.682375974,989637.8816014662,876046.2859268372,876046.2859268372,0.0,0.0,0.0,0.0,0.0,0.0,0.0,0.0,0.0,0.0,0.0,0.0,0.0,0.0,0.0,0.0,0.0,0.0,0.0,0.0,0.0,0.0,0.0,0.0,0.0,0.0,0.0,0.0,0.0,0.0,0.0,0.0,0.0,0.02448347276880455,0.02448347276880455,0.02448347276880455,0.0006527986307440747,0.0006527986307440747,0.0006527986307440747,0.023830674138060476,0.023830674138060476,0.023830674138060476,0.0,0.0,0.0,897494.9413125394
2023-04-23,884557.5625535158,815040.0355636792,1000698.2640522922,884557.5625535158,884557.5625535158,0.0,0.0,0.0,0.0,0.0,0.0,0.0,0.0,0.0,0.0,0.0,0.0,0.0,0.0,0.0,0.0,0.0,0.0,0.0,0.0,0.0,0.0,0.0,0.0,0.0,0.0,0.0,0.0,0.0,0.0,0.0,0.0,0.0,0.024778904904943087,0.024778904904943087,0.024778904904943087,0.001294327496496246,0.001294327496496246,0.001294327496496246,0.023484577408446842,0.023484577408446842,0.023484577408446842,0.0,0.0,0.0,906475.9302789776
2023-04-24,893068.8391801944,821886.3453547966,999550.5129303504,893068.8391801944,893068.8391801944,0.0,0.0,0.0,0.0,0.0,0.0,0.0,0.0,0.0,0.0,0.0,0.0,0.0,0.0,0.0,0.0,0.0,0.0,0.0,0.0,0.0,0.0,0.0,0.0,0.0,0.0,0.0,0.0,0.0,0.0,0.0,0.0,0.0,0.022362014224568294,0.022362014224568294,0.022362014224568294,-0.0006993391191684188,-0.0006993391191684188,-0.0006993391191684188,0.023061353343736712,0.023061353343736712,0.023061353343736712,0.0,0.0,0.0,913039.6572654607
2023-04-25,901580.1158068731,833298.9388021324,1012209.0446193967,901580.1158068731,901580.1158068731,0.0,0.0,0.0,0.0,0.0,0.0,0.0,0.0,0.0,0.0,0.0,0.0,0.0,0.0,0.0,0.0,0.0,0.0,0.0,0.0,0.0,0.0,0.0,0.0,0.0,0.0,0.0,0.0,0.0,0.0,0.0,0.0,0.0,0.021635251571450013,0.021635251571450013,0.021635251571450013,-0.000932882629803324,-0.000932882629803324,-0.000932882629803324,0.02256813420125334,0.02256813420125334,0.02256813420125334,0.0,0.0,0.0,921086.0284241717
2023-04-26,910091.3924335517,838671.9394800953,1021094.6325652006,910091.3924335517,910091.3924335517,0.0,0.0,0.0,0.0,0.0,0.0,0.0,0.0,0.0,0.0,0.0,0.0,0.0,0.0,0.0,0.0,0.0,0.0,0.0,0.0,0.0,0.0,0.0,0.0,0.0,0.0,0.0,0.0,0.0,0.0,0.0,0.0,0.0,0.021737132793843872,0.021737132793843872,0.021737132793843872,-0.0002763532964446245,-0.0002763532964446245,-0.0002763532964446245,0.022013486090288498,0.022013486090288498,0.022013486090288498,0.0,0.0,0.0,929874.1698854141
2023-04-27,918602.6690602303,852064.4125481489,1026346.8420636666,918602.6690602303,918602.6690602303,0.0,0.0,0.0,0.0,0.0,0.0,0.0,0.0,0.0,0.0,0.0,0.0,0.0,0.0,0.0,0.0,0.0,0.0,0.0,0.0,0.0,0.0,0.0,0.0,0.0,0.0,0.0,0.0,0.0,0.0,0.0,0.0,0.0,0.021373686299939607,0.021373686299939607,0.021373686299939607,-3.356731100069413e-05,-3.356731100069413e-05,-3.356731100069413e-05,0.0214072536109403,0.0214072536109403,0.0214072536109403,0.0,0.0,0.0,938236.5943430109
2023-04-28,927113.9456869089,854199.7411070614,1030970.8033205825,927113.9456869089,927113.9456869089,0.0,0.0,0.0,0.0,0.0,0.0,0.0,0.0,0.0,0.0,0.0,0.0,0.0,0.0,0.0,0.0,0.0,0.0,0.0,0.0,0.0,0.0,0.0,0.0,0.0,0.0,0.0,0.0,0.0,0.0,0.0,0.0,0.0,0.020755386950232338,0.020755386950232338,0.020755386950232338,-4.983770822830549e-06,-4.983770822830549e-06,-4.983770822830549e-06,0.020760370721055167,0.020760370721055167,0.020760370721055167,0.0,0.0,0.0,946356.5543765974
2023-04-29,935625.2223135876,858841.9647108183,1043750.7297511116,935625.2223135876,935625.2223135876,0.0,0.0,0.0,0.0,0.0,0.0,0.0,0.0,0.0,0.0,0.0,0.0,0.0,0.0,0.0,0.0,0.0,0.0,0.0,0.0,0.0,0.0,0.0,0.0,0.0,0.0,0.0,0.0,0.0,0.0,0.0,0.0,0.0,0.020737440969612605,0.020737440969612605,0.020737440969612605,0.0006527986307411983,0.0006527986307411983,0.0006527986307411983,0.020084642338871406,0.020084642338871406,0.020084642338871406,0.0,0.0,0.0,955027.6951309963
2023-04-30,945081.6736681296,874819.1097217153,1054793.1820348809,945081.6736681296,945081.6736681296,0.0,0.0,0.0,0.0,0.0,0.0,0.0,0.0,0.0,0.0,0.0,0.0,0.0,0.0,0.0,0.0,0.0,0.0,0.0,0.0,0.0,0.0,0.0,0.0,0.0,0.0,0.0,0.0,0.0,0.0,0.0,0.0,0.0,0.020686829524093918,0.020686829524093918,0.020686829524093918,0.0012943274964956283,0.0012943274964956283,0.0012943274964956283,0.019392502027598287,0.019392502027598287,0.019392502027598287,0.0,0.0,0.0,964632.4171376475
2023-05-01,954538.1250226718,871577.6542902142,1043934.4162029501,954538.1250226718,954538.1250226718,0.0,0.0,0.0,0.0,0.0,0.0,0.0,0.0,0.0,0.0,0.0,0.0,0.0,0.0,0.0,0.0,0.0,0.0,0.0,0.0,0.0,-0.014208229,-0.014208229,-0.014208229,0.0,0.0,0.0,0.0,0.0,0.0,-0.014208229,-0.014208229,-0.014208229,0.0037891836836251303,0.0037891836836251303,0.0037891836836251303,-0.0006993391191700098,-0.0006993391191700098,-0.0006993391191700098,0.01869675180279514,0.01869675180279514,0.01869675180279514,0.0,0.0,0.0,958155.0453114057
2023-05-02,963994.5763772138,877994.7884986787,1063217.129887075,963994.5763772138,963994.5763772138,0.0,0.0,0.0,0.0,0.0,0.0,0.0,0.0,0.0,0.0,0.0,0.0,0.0,0.0,0.0,0.0,0.0,0.0,0.0,0.0,0.0,0.0,0.0,0.0,0.0,0.0,0.0,0.0,0.0,0.0,0.0,0.0,0.0,0.017077408004384204,0.017077408004384204,0.017077408004384204,-0.0009328826298020604,-0.0009328826298020604,-0.0009328826298020604,0.018010290634186264,0.018010290634186264,0.018010290634186264,0.0,0.0,0.0,980457.1050720211
2023-05-03,973451.027731756,908188.2647442456,1075973.0828229713,973451.027731756,973451.027731756,0.0,0.0,0.0,0.0,0.0,0.0,0.0,0.0,0.0,0.0,0.0,0.0,0.0,0.0,0.0,0.0,0.0,0.0,0.0,0.0,0.0,0.0,0.0,0.0,0.0,0.0,0.0,0.0,0.0,0.0,0.0,0.0,0.0,0.017069485267514586,0.017069485267514586,0.017069485267514586,-0.0002763532964436418,-0.0002763532964436418,-0.0002763532964436418,0.017345838563958226,0.017345838563958226,0.017345838563958226,0.0,0.0,0.0,990067.3357082702
2023-05-04,982907.479086298,911255.8583242374,1087170.6641663592,982907.479086298,982907.479086298,0.0,0.0,0.0,0.0,0.0,0.0,0.0,0.0,0.0,0.0,0.0,0.0,0.0,0.0,0.0,0.0,0.0,0.0,0.0,0.0,0.0,0.0,0.0,0.0,0.0,0.0,0.0,0.0,0.0,0.0,0.0,0.0,0.0,0.01668209621260405,0.01668209621260405,0.01668209621260405,-3.3567310999942046e-05,-3.3567310999942046e-05,-3.3567310999942046e-05,0.01671566352360399,0.01671566352360399,0.01671566352360399,0.0,0.0,0.0,999304.4362205036
2023-05-05,992363.9304408403,921014.4405357419,1096063.6662198731,992363.9304408403,992363.9304408403,0.0,0.0,0.0,0.0,0.0,0.0,0.0,0.0,0.0,0.0,0.0,0.0,0.0,0.0,0.0,0.0,0.0,0.0,0.0,0.0,0.0,0.0,0.0,0.0,0.0,0.0,0.0,0.0,0.0,0.0,0.0,0.0,0.0,0.016126334124276255,0.016126334124276255,0.016126334124276255,-4.983770820701853e-06,-4.983770820701853e-06,-4.983770820701853e-06,0.016131317895096954,0.016131317895096954,0.016131317895096954,0.0,0.0,0.0,1008367.1227560095
2023-05-06,1001820.3817953824,933891.3112565897,1099056.1204171712,1001820.3817953824,1001820.3817953824,0.0,0.0,0.0,0.0,0.0,0.0,0.0,0.0,0.0,0.0,0.0,0.0,0.0,0.0,0.0,0.0,0.0,0.0,0.0,0.0,0.0,0.0,0.0,0.0,0.0,0.0,0.0,0.0,0.0,0.0,0.0,0.0,0.0,0.016256190260959744,0.016256190260959744,0.016256190260959744,0.0006527986307417843,0.0006527986307417843,0.0006527986307417843,0.015603391630217959,0.015603391630217959,0.015603391630217959,0.0,0.0,0.0,1018106.1645291554
2023-05-07,1011276.8331499244,940413.0679918524,1122017.1900277648,1011276.8331499244,1011276.8331499244,0.0,0.0,0.0,0.0,0.0,0.0,0.0,0.0,0.0,0.0,0.0,0.0,0.0,0.0,0.0,0.0,0.0,0.0,0.0,0.0,0.0,0.0,0.0,0.0,0.0,0.0,0.0,0.0,0.0,0.0,0.0,0.0,0.0,0.016435615816493658,0.016435615816493658,0.016435615816493658,0.0012943274964948071,0.0012943274964948071,0.0012943274964948071,0.015141288319998851,0.015141288319998851,0.015141288319998851,0.0,0.0,0.0,1027897.7906636968
2023-05-08,1020733.2845044666,949255.6152141888,1119932.448708177,1020733.2845044666,1020733.2845044666,0.0,0.0,0.0,0.0,0.0,0.0,0.0,0.0,0.0,0.0,0.0,0.0,0.0,0.0,0.0,0.0,0.0,0.0,0.0,0.0,0.0,0.0,0.0,0.0,0.0,0.0,0.0,0.0,0.0,0.0,0.0,0.0,0.0,0.014053690886491485,0.014053690886491485,0.014053690886491485,-0.0006993391191710439,-0.0006993391191710439,-0.0006993391191710439,0.014753030005662528,0.014753030005662528,0.014753030005662528,0.0,0.0,0.0,1035078.3545624454
2023-05-09,1030189.7358590086,957420.5784277233,1132430.2712137068,1030189.7358590086,1030189.7358590086,0.0,0.0,0.0,0.0,0.0,0.0,0.0,0.0,0.0,0.0,0.0,0.0,0.0,0.0,0.0,0.0,0.0,0.0,0.0,0.0,0.0,0.0,0.0,0.0,0.0,0.0,0.0,0.0,0.0,0.0,0.0,0.0,0.0,0.013512213130039735,0.013512213130039735,0.013512213130039735,-0.0009328826298007972,-0.0009328826298007972,-0.0009328826298007972,0.014445095759840532,0.014445095759840532,0.014445095759840532,0.0,0.0,0.0,1044109.879134315
2023-05-10,1039646.1872135508,965656.7072188677,1144077.859636772,1039646.1872135508,1039646.1872135508,0.0,0.0,0.0,0.0,0.0,0.0,0.0,0.0,0.0,0.0,0.0,0.0,0.0,0.0,0.0,0.0,0.0,0.0,0.0,0.0,0.0,0.0,0.0,0.0,0.0,0.0,0.0,0.0,0.0,0.0,0.0,0.0,0.0,0.013945944866476729,0.013945944866476729,0.013945944866476729,-0.0002763532964442766,-0.0002763532964442766,-0.0002763532964442766,0.014222298162921006,0.014222298162921006,0.014222298162921006,0.0,0.0,0.0,1054145.0356210738
2023-05-11,1049102.6385680928,981091.5977121111,1149490.2601594236,1049102.6385680928,1049102.6385680928,0.0,0.0,0.0,0.0,0.0,0.0,0.0,0.0,0.0,0.0,0.0,0.0,0.0,0.0,0.0,0.0,0.0,0.0,0.0,0.0,0.0,0.0,0.0,0.0,0.0,0.0,0.0,0.0,0.0,0.0,0.0,0.0,0.0,0.014054133468830813,0.014054133468830813,0.014054133468830813,-3.3567311000584015e-05,-3.3567311000584015e-05,-3.3567311000584015e-05,0.014087700779831397,0.014087700779831397,0.014087700779831397,0.0,0.0,0.0,1063846.8670730314
2023-05-12,1058559.0899226351,987351.8220978709,1160500.9595553412,1058559.0899226351,1058559.0899226351,0.0,0.0,0.0,0.0,0.0,0.0,0.0,0.0,0.0,0.0,0.0,0.0,0.0,0.0,0.0,0.0,0.0,0.0,0.0,0.0,0.0,0.0,0.0,0.0,0.0,0.0,0.0,0.0,0.0,0.0,0.0,0.0,0.0,0.014037594864540136,0.014037594864540136,0.014037594864540136,-4.983770821493971e-06,-4.983770821493971e-06,-4.983770821493971e-06,0.01404257863536163,0.01404257863536163,0.01404257863536163,0.0,0.0,0.0,1073418.7135671454
2023-05-13,1068015.5412771772,997225.0149186768,1178770.5063589949,1068015.5412771772,1068015.5412771772,0.0,0.0,0.0,0.0,0.0,0.0,0.0,0.0,0.0,0.0,0.0,0.0,0.0,0.0,0.0,0.0,0.0,0.0,0.0,0.0,0.0,0.0,0.0,0.0,0.0,0.0,0.0,0.0,0.0,0.0,0.0,0.0,0.0,0.014739221153560213,0.014739221153560213,0.014739221153560213,0.0006527986307423707,0.0006527986307423707,0.0006527986307423707,0.014086422522817842,0.014086422522817842,0.014086422522817842,0.0,0.0,0.0,1083757.2585355008
2023-05-14,1077471.9926317192,1004321.5996571046,1187193.1239980282,1077471.9926317192,1077471.9926317192,0.0,0.0,0.0,0.0,0.0,0.0,0.0,0.0,0.0,0.0,0.0,0.0,0.0,0.0,0.0,0.0,0.0,0.0,0.0,0.0,0.0,0.0,0.0,0.0,0.0,0.0,0.0,0.0,0.0,0.0,0.0,0.0,0.0,0.015511314290326607,0.015511314290326607,0.015511314290326607,0.0012943274964941891,0.0012943274964941891,0.0012943274964941891,0.014216986793832417,0.014216986793832417,0.014216986793832417,0.0,0.0,0.0,1094184.9993484544
2023-05-15,1086928.4439862613,1014204.4742283659,1185522.444447199,1086928.4439862613,1086928.4439862613,0.0,0.0,0.0,0.0,0.0,0.0,0.0,0.0,0.0,0.0,0.0,0.0,0.0,0.0,0.0,0.0,0.0,0.0,0.0,0.0,0.0,0.0,0.0,0.0,0.0,0.0,0.0,0.0,0.0,0.0,0.0,0.0,0.0,0.013731039980935592,0.013731039980935592,0.013731039980935592,-0.0006993391191656843,-0.0006993391191656843,-0.0006993391191656843,0.014430379100101276,0.014430379100101276,0.014430379100101276,0.0,0.0,0.0,1101853.1019070528
2023-05-16,1096384.8953408033,1024328.2229948161,1194735.3689214776,1096384.8953408033,1096384.8953408033,0.0,0.0,0.0,0.0,0.0,0.0,0.0,0.0,0.0,0.0,0.0,0.0,0.0,0.0,0.0,0.0,0.0,0.0,0.0,0.0,0.0,0.0,0.0,0.0,0.0,0.0,0.0,0.0,0.0,0.0,0.0,0.0,0.0,0.013788306794054959,0.013788306794054959,0.013788306794054959,-0.0009328826298019469,-0.0009328826298019469,-0.0009328826298019469,0.014721189423856907,0.014721189423856907,0.014721189423856907,0.0,0.0,0.0,1111502.1866421301
2023-05-17,1105841.3466953456,1042225.7839999779,1208263.443399566,1105841.3466953456,1105841.3466953456,0.0,0.0,0.0,0.0,0.0,0.0,0.0,0.0,0.0,0.0,0.0,0.0,0.0,0.0,0.0,0.0,0.0,0.0,0.0,0.0,0.0,0.0,0.0,0.0,0.0,0.0,0.0,0.0,0.0,0.0,0.0,0.0,0.0,0.014806301378613206,0.014806301378613206,0.014806301378613206,-0.00027635329644167634,-0.00027635329644167634,-0.00027635329644167634,0.015082654675054881,0.015082654675054881,0.015082654675054881,0.0,0.0,0.0,1122214.7669514485
2023-05-18,1115297.7980498876,1045917.5849160785,1220030.6538255587,1115297.7980498876,1115297.7980498876,0.0,0.0,0.0,0.0,0.0,0.0,0.0,0.0,0.0,0.0,0.0,0.0,0.0,0.0,0.0,0.0,0.0,0.0,0.0,0.0,0.0,0.0,0.0,0.0,0.0,0.0,0.0,0.0,0.0,0.0,0.0,0.0,0.0,0.015473286868448587,0.015473286868448587,0.015473286868448587,-3.3567310999517825e-05,-3.3567310999517825e-05,-3.3567310999517825e-05,0.015506854179448104,0.015506854179448104,0.015506854179448104,0.0,0.0,0.0,1132555.1208228627
2023-05-19,1124754.2494044297,1048128.68209608,1226792.4614130233,1124754.2494044297,1124754.2494044297,0.0,0.0,0.0,0.0,0.0,0.0,0.0,0.0,0.0,0.0,0.0,0.0,0.0,0.0,0.0,0.0,0.0,0.0,0.0,0.0,0.0,0.0,0.0,0.0,0.0,0.0,0.0,0.0,0.0,0.0,0.0,0.0,0.0,0.015979946788995548,0.015979946788995548,0.015979946788995548,-4.983770820825696e-06,-4.983770820825696e-06,-4.983770820825696e-06,0.015984930559816375,0.015984930559816375,0.015984930559816375,0.0,0.0,0.0,1142727.7624606092
2023-05-20,1134210.700758972,1064915.8793149174,1246349.1943797283,1134210.700758972,1134210.700758972,0.0,0.0,0.0,0.0,0.0,0.0,0.0,0.0,0.0,0.0,0.0,0.0,0.0,0.0,0.0,0.0,0.0,0.0,0.0,0.0,0.0,0.0,0.0,0.0,0.0,0.0,0.0,0.0,0.0,0.0,0.0,0.0,0.0,0.017160128476669333,0.017160128476669333,0.017160128476669333,0.0006527986307385709,0.0006527986307385709,0.0006527986307385709,0.01650732984593076,0.01650732984593076,0.01650732984593076,0.0,0.0,0.0,1153673.9021036092
2023-05-21,1143667.152113514,1079086.3723225058,1252672.5695661241,1143667.152113514,1143667.152113514,0.0,0.0,0.0,0.0,0.0,0.0,0.0,0.0,0.0,0.0,0.0,0.0,0.0,0.0,0.0,0.0,0.0,0.0,0.0,0.0,0.0,0.0,0.0,0.0,0.0,0.0,0.0,0.0,0.0,0.0,0.0,0.0,0.0,0.018358381652398243,0.018358381652398243,0.018358381652398243,0.001294327496493368,0.001294327496493368,0.001294327496493368,0.017064054155904878,0.017064054155904878,0.017064054155904878,0.0,0.0,0.0,1164663.0301753252
2023-05-22,1153123.603468056,1083879.4158915,1259805.4430987814,1153123.603468056,1153123.603468056,0.0,0.0,0.0,0.0,0.0,0.0,0.0,0.0,0.0,0.0,0.0,0.0,0.0,0.0,0.0,0.0,0.0,0.0,0.0,0.0,0.0,0.0,0.0,0.0,0.0,0.0,0.0,0.0,0.0,0.0,0.0,0.0,0.0,0.016945580867203408,0.016945580867203408,0.016945580867203408,-0.0006993391191667186,-0.0006993391191667186,-0.0006993391191667186,0.01764491998637013,0.01764491998637013,0.01764491998637013,0.0,0.0,0.0,1172663.952740505
2023-05-23,1162580.0548225984,1091009.1607164282,1270732.9377726158,1162580.0548225984,1162580.0548225984,0.0,0.0,0.0,0.0,0.0,0.0,0.0,0.0,0.0,0.0,0.0,0.0,0.0,0.0,0.0,0.0,0.0,0.0,0.0,0.0,0.0,0.0,0.0,0.0,0.0,0.0,0.0,0.0,0.0,0.0,0.0,0.0,0.0,0.017306932410001735,0.017306932410001735,0.017306932410001735,-0.0009328826298006835,-0.0009328826298006835,-0.0009328826298006835,0.018239815039802418,0.018239815039802418,0.018239815039802418,0.0,0.0,0.0,1182700.7492526292
2023-05-24,1172036.5061771404,1108866.4074210317,1287598.103325141,1172036.5061771404,1172036.5061771404,0.0,0.0,0.0,0.0,0.0,0.0,0.0,0.0,0.0,0.0,0.0,0.0,0.0,0.0,0.0,0.0,0.0,0.0,0.0,0.0,0.0,0.0,0.0,0.0,0.0,0.0,0.0,0.0,0.0,0.0,0.0,0.0,0.0,0.018562593310597796,0.018562593310597796,0.018562593310597796,-0.00027635329644231125,-0.00027635329644231125,-0.00027635329644231125,0.018838946607040108,0.018838946607040108,0.018838946607040108,0.0,0.0,0.0,1193792.5431864804
2023-05-25,1181492.9575316822,1111944.0705724217,1300195.1472253785,1181492.9575316822,1181492.9575316822,0.0,0.0,0.0,0.0,0.0,0.0,0.0,0.0,0.0,0.0,0.0,0.0,0.0,0.0,0.0,0.0,0.0,0.0,0.0,0.0,0.0,0.0,0.0,0.0,0.0,0.0,0.0,0.0,0.0,0.0,0.0,0.0,0.0,0.019399507497863816,0.019399507497863816,0.019399507497863816,-3.356731100015979e-05,-3.356731100015979e-05,-3.356731100015979e-05,0.019433074808863974,0.019433074808863974,0.019433074808863974,0.0,0.0,0.0,1204413.3390199915
2023-05-26,1190949.4088862243,1125291.021761863,1306791.6322516445,1190949.4088862243,1190949.4088862243,0.0,0.0,0.0,0.0,0.0,0.0,0.0,0.0,0.0,0.0,0.0,0.0,0.0,0.0,0.0,0.0,0.0,0.0,0.0,0.0,0.0,0.0,0.0,0.0,0.0,0.0,0.0,0.0,0.0,0.0,0.0,0.0,0.0,0.020008740702985292,0.020008740702985292,0.020008740702985292,-4.983770822006907e-06,-4.983770822006907e-06,-4.983770822006907e-06,0.0200137244738073,0.0200137244738073,0.0200137244738073,0.0,0.0,0.0,1214778.8067990022
2023-05-27,1200405.8602407665,1140660.8972474919,1315352.7359900621,1200405.8602407665,1200405.8602407665,0.0,0.0,0.0,0.0,0.0,0.0,0.0,0.0,0.0,0.0,0.0,0.0,0.0,0.0,0.0,0.0,0.0,0.0,0.0,0.0,0.0,0.0,0.0,0.0,0.0,0.0,0.0,0.0,0.0,0.0,0.0,0.0,0.0,0.021226168707226874,0.021226168707226874,0.021226168707226874,0.0006527986307391571,0.0006527986307391571,0.0006527986307391571,0.02057337007648772,0.02057337007648772,0.02057337007648772,0.0,0.0,0.0,1225885.8775473807
2023-05-28,1209862.3115953084,1146975.788632738,1319357.7430241602,1209862.3115953084,1209862.3115953084,0.0,0.0,0.0,0.0,0.0,0.0,0.0,0.0,0.0,0.0,0.0,0.0,0.0,0.0,0.0,0.0,0.0,0.0,0.0,0.0,0.0,0.0,0.0,0.0,0.0,0.0,0.0,0.0,0.0,0.0,0.0,0.0,0.0,0.02239991645918279,0.02239991645918279,0.02239991645918279,0.0012943274964929536,0.0012943274964929536,0.0012943274964929536,0.02110558896268984,0.02110558896268984,0.02110558896268984,0.0,0.0,0.0,1236963.126302157
2023-05-29,1221222.2528163265,1158063.9025507472,1331280.344569761,1221222.2528163265,1221222.2528163265,0.0,0.0,0.0,0.0,0.0,0.0,0.0,0.0,0.0,0.0,0.0,0.0,0.0,0.0,0.0,0.0,0.0,0.0,0.0,0.0,0.0,0.0,0.0,0.0,0.0,0.0,0.0,0.0,0.0,0.0,0.0,0.0,0.0,0.020905839901960516,0.020905839901960516,0.020905839901960516,-0.0006993391191683094,-0.0006993391191683094,-0.0006993391191683094,0.021605179021128823,0.021605179021128823,0.021605179021128823,0.0,0.0,0.0,1246752.9297184162
2023-05-30,1232582.1940373443,1171709.0785707866,1348273.375136328,1232582.1940373443,1232582.1940373443,0.0,0.0,0.0,0.0,0.0,0.0,0.0,0.0,0.0,0.0,0.0,0.0,0.0,0.0,0.0,0.0,0.0,0.0,0.0,0.0,0.0,0.0,0.0,0.0,0.0,0.0,0.0,0.0,0.0,0.0,0.0,0.0,0.0,0.021135355370458273,0.021135355370458273,0.021135355370458273,-0.0009328826298036588,-0.0009328826298036588,-0.0009328826298036588,0.022068238000261933,0.022068238000261933,0.022068238000261933,0.0,0.0,0.0,1258633.2567316229
2023-05-31,1243942.1352583624,1184923.9823412742,1356532.4118311577,1243942.1352583624,1243942.1352583624,0.0,0.0,0.0,0.0,0.0,0.0,0.0,0.0,0.0,0.0,0.0,0.0,0.0,0.0,0.0,0.0,0.0,0.0,0.0,0.0,0.0,0.0,0.0,0.0,0.0,0.0,0.0,0.0,0.0,0.0,0.0,0.0,0.0,0.022215849485283833,0.022215849485283833,0.022215849485283833,-0.00027635329644471265,-0.00027635329644471265,-0.00027635329644471265,0.022492202781728546,0.022492202781728546,0.022492202781728546,0.0,0.0,0.0,1271577.3665036648
2023-06-01,1255302.0764793803,1193860.5341883348,1377023.8065232227,1255302.0764793803,1255302.0764793803,0.0,0.0,0.0,0.0,0.0,0.0,0.0,0.0,0.0,0.0,0.0,0.0,0.0,0.0,0.0,0.0,0.0,0.0,0.0,0.0,0.0,0.0,0.0,0.0,0.0,0.0,0.0,0.0,0.0,0.0,0.0,0.0,0.0,0.022842280766931983,0.022842280766931983,0.022842280766931983,-3.3567310999093597e-05,-3.3567310999093597e-05,-3.3567310999093597e-05,0.022875848077931075,0.022875848077931075,0.022875848077931075,0.0,0.0,0.0,1283976.038957635
2023-06-02,1266662.017700398,1210252.0940274738,1375317.1717722272,1266662.017700398,1266662.017700398,0.0,0.0,0.0,0.0,0.0,0.0,0.0,0.0,0.0,0.0,0.0,0.0,0.0,0.0,0.0,0.0,0.0,0.0,0.0,0.0,0.0,0.0,0.0,0.0,0.0,0.0,0.0,0.0,0.0,0.0,0.0,0.0,0.0,0.023214261416006913,0.023214261416006913,0.023214261416006913,-4.983770821338605e-06,-4.983770821338605e-06,-4.983770821338605e-06,0.02321924518682825,0.02321924518682825,0.02321924518682825,0.0,0.0,0.0,1296066.640905022
2023-06-03,1278021.958921416,1221763.270380102,1396675.766765103,1278021.958921416,1278021.958921416,0.0,0.0,0.0,0.0,0.0,0.0,0.0,0.0,0.0,0.0,0.0,0.0,0.0,0.0,0.0,0.0,0.0,0.0,0.0,0.0,0.0,0.0,0.0,0.0,0.0,0.0,0.0,0.0,0.0,0.0,0.0,0.0,0.0,0.024176481209280194,0.024176481209280194,0.024176481209280194,0.0006527986307397431,0.0006527986307397431,0.0006527986307397431,0.02352368257854045,0.02352368257854045,0.02352368257854045,0.0,0.0,0.0,1308920.032796327
2023-06-04,1289381.9001424338,1236059.513803235,1409880.3661691782,1289381.9001424338,1289381.9001424338,0.0,0.0,0.0,0.0,0.0,0.0,0.0,0.0,0.0,0.0,0.0,0.0,0.0,0.0,0.0,0.0,0.0,0.0,0.0,0.0,0.0,0.0,0.0,0.0,0.0,0.0,0.0,0.0,0.0,0.0,0.0,0.0,0.0,0.025085878669834867,0.025085878669834867,0.025085878669834867,0.0012943274964921322,0.0012943274964921322,0.0012943274964921322,0.023791551173342734,0.023791551173342734,0.023791551173342734,0.0,0.0,0.0,1321727.1780484882
2023-06-05,1300741.841363452,1234720.9929212276,1415445.7611466083,1300741.841363452,1300741.841363452,0.0,0.0,0.0,0.0,0.0,0.0,0.0,0.0,0.0,0.0,0.0,0.0,0.0,0.0,0.0,0.0,0.0,0.0,0.0,0.0,0.0,0.0,0.0,0.0,0.0,0.0,0.0,0.0,0.0,0.0,0.0,0.0,0.0,0.023326859048786522,0.023326859048786522,0.023326859048786522,-0.0006993391191693437,-0.0006993391191693437,-0.0006993391191693437,0.024026198167955867,0.024026198167955867,0.024026198167955867,0.0,0.0,0.0,1331084.0629557963
2023-06-06,1312101.7825844695,1254472.127065701,1435441.2814246127,1312101.7825844695,1312101.7825844695,0.0,0.0,0.0,0.0,0.0,0.0,0.0,0.0,0.0,0.0,0.0,0.0,0.0,0.0,0.0,0.0,0.0,0.0,0.0,0.0,0.0,0.0,0.0,0.0,0.0,0.0,0.0,0.0,0.0,0.0,0.0,0.0,0.0,0.023298871518532542,0.023298871518532542,0.023298871518532542,-0.0009328826298023955,-0.0009328826298023955,-0.0009328826298023955,0.02423175414833494,0.02423175414833494,0.02423175414833494,0.0,0.0,0.0,1342672.2734361426
2023-06-07,1323461.7238054876,1265949.748024463,1448053.9475840328,1323461.7238054876,1323461.7238054876,0.0,0.0,0.0,0.0,0.0,0.0,0.0,0.0,0.0,0.0,0.0,0.0,0.0,0.0,0.0,0.0,0.0,0.0,0.0,0.0,0.0,0.0,0.0,0.0,0.0,0.0,0.0,0.0,0.0,0.0,0.0,0.0,0.0,0.02413658567089916,0.02413658567089916,0.02413658567089916,-0.0002763532964437301,-0.0002763532964437301,-0.0002763532964437301,0.024412938967342892,0.024412938967342892,0.024412938967342892,0.0,0.0,0.0,1355405.571084275
2023-06-08,1334821.6650265055,1278324.0201849812,1459068.232577749,1334821.6650265055,1334821.6650265055,0.0,0.0,0.0,0.0,0.0,0.0,0.0,0.0,0.0,0.0,0.0,0.0,0.0,0.0,0.0,0.0,0.0,0.0,0.0,0.0,0.0,0.0,0.0,0.0,0.0,0.0,0.0,0.0,0.0,0.0,0.0,0.0,0.0,0.024541285132903986,0.024541285132903986,0.024541285132903986,-3.356731100144373e-05,-3.356731100144373e-05,-3.356731100144373e-05,0.024574852443905428,0.024574852443905428,0.024574852443905428,0.0,0.0,0.0,1367579.9041094985
2023-06-09,1346181.6062475236,1295091.9733348598,1466530.3856054544,1346181.6062475236,1346181.6062475236,0.0,0.0,0.0,0.0,0.0,0.0,0.0,0.0,0.0,0.0,0.0,0.0,0.0,0.0,0.0,0.0,0.0,0.0,0.0,0.0,0.0,0.0,0.0,0.0,0.0,0.0,0.0,0.0,0.0,0.0,0.0,0.0,0.0,0.024717772569527917,0.024717772569527917,0.024717772569527917,-4.9837708206704385e-06,-4.9837708206704385e-06,-4.9837708206704385e-06,0.024722756340348585,0.024722756340348585,0.024722756340348585,0.0,0.0,0.0,1379456.2170280318
2023-06-10,1357541.5474685412,1304665.9346301518,1485405.6948072144,1357541.5474685412,1357541.5474685412,0.0,0.0,0.0,0.0,0.0,0.0,0.0,0.0,0.0,0.0,0.0,0.0,0.0,0.0,0.0,0.0,0.0,0.0,0.0,0.0,0.0,0.0,0.0,0.0,0.0,0.0,0.0,0.0,0.0,0.0,0.0,0.0,0.0,0.025514652916206346,0.025514652916206346,0.025514652916206346,0.0006527986307412529,0.0006527986307412529,0.0006527986307412529,0.024861854285465095,0.024861854285465095,0.024861854285465095,0.0,0.0,0.0,1392178.7488715306
2023-06-11,1368901.4886895593,1316799.8927869487,1489667.1972042331,1368901.4886895593,1368901.4886895593,0.0,0.0,0.0,0.0,0.0,0.0,0.0,0.0,0.0,0.0,0.0,0.0,0.0,0.0,0.0,0.0,0.0,0.0,0.0,0.0,0.0,0.0,0.0,0.0,0.0,0.0,0.0,0.0,0.0,0.0,0.0,0.0,0.0,0.026291403823643467,0.026291403823643467,0.026291403823643467,0.001294327496495172,0.001294327496495172,0.001294327496495172,0.024997076327148298,0.024997076327148298,0.024997076327148298,0.0,0.0,0.0,1404891.8305234832
2023-06-12,1380261.4299105774,1323984.0574641677,1497732.0612686565,1380261.4299105774,1380261.4299105774,0.0,0.0,0.0,0.0,0.0,0.0,0.0,0.0,0.0,0.0,0.0,0.0,0.0,0.0,0.0,0.0,0.0,0.0,0.0,0.0,0.0,0.0,0.0,0.0,0.0,0.0,0.0,0.0,0.0,0.0,0.0,0.0,0.0,0.024433535501001115,0.024433535501001115,0.024433535501001115,-0.0006993391191709346,-0.0006993391191709346,-0.0006993391191709346,0.02513287462017205,0.02513287462017205,0.02513287462017205,0.0,0.0,0.0,1413986.09655896
2023-06-13,1391621.3711315948,1337543.7365298185,1515801.3678643717,1391621.3711315948,1391621.3711315948,0.0,0.0,0.0,0.0,0.0,0.0,0.0,0.0,0.0,0.0,0.0,0.0,0.0,0.0,0.0,0.0,0.0,0.0,0.0,0.0,0.0,0.0,0.0,0.0,0.0,0.0,0.0,0.0,0.0,0.0,0.0,0.0,0.0,0.024340153757911015,0.024340153757911015,0.024340153757911015,-0.0009328826298023386,-0.0009328826298023386,-0.0009328826298023386,0.025273036387713353,0.025273036387713353,0.025273036387713353,0.0,0.0,0.0,1425493.649277733
2023-06-14,1402981.3123526128,1351416.601032588,1527694.3188609413,1402981.3123526128,1402981.3123526128,0.0,0.0,0.0,0.0,0.0,0.0,0.0,0.0,0.0,0.0,0.0,0.0,0.0,0.0,0.0,0.0,0.0,0.0,0.0,0.0,0.0,0.0,0.0,0.0,0.0,0.0,0.0,0.0,0.0,0.0,0.0,0.0,0.0,0.025144166454355396,0.025144166454355396,0.025144166454355396,-0.00027635329644274737,-0.00027635329644274737,-0.00027635329644274737,0.025420519750798145,0.025420519750798145,0.025420519750798145,0.0,0.0,0.0,1438258.108002757
2023-06-15,1414341.253573631,1357612.801930988,1542545.9194077062,1414341.253573631,1414341.253573631,0.0,0.0,0.0,0.0,0.0,0.0,0.0,0.0,0.0,0.0,0.0,0.0,0.0,0.0,0.0,0.0,0.0,0.0,0.0,0.0,0.0,0.0,0.0,0.0,0.0,0.0,0.0,0.0,0.0,0.0,0.0,0.0,0.0,0.02554375000330854,0.02554375000330854,0.02554375000330854,-3.3567311000377536e-05,-3.3567311000377536e-05,-3.3567311000377536e-05,0.025577317314308918,0.025577317314308918,0.025577317314308918,0.0,0.0,0.0,1450468.8329742816
2023-06-16,1425701.194794649,1378776.6467425565,1549886.3712362887,1425701.194794649,1425701.194794649,0.0,0.0,0.0,0.0,0.0,0.0,0.0,0.0,0.0,0.0,0.0,0.0,0.0,0.0,0.0,0.0,0.0,0.0,0.0,0.0,0.0,0.0,0.0,0.0,0.0,0.0,0.0,0.0,0.0,0.0,0.0,0.0,0.0,0.025739367781784424,0.025739367781784424,0.025739367781784424,-4.9837708218516226e-06,-4.9837708218516226e-06,-4.9837708218516226e-06,0.025744351552606275,0.025744351552606275,0.025744351552606275,0.0,0.0,0.0,1462397.842194398
2023-06-17,1437061.1360156664,1386429.3939086068,1561163.8963246455,1437061.1360156664,1437061.1360156664,0.0,0.0,0.0,0.0,0.0,0.0,0.0,0.0,0.0,0.0,0.0,0.0,0.0,0.0,0.0,0.0,0.0,0.0,0.0,0.0,0.0,0.0,0.0,0.0,0.0,0.0,0.0,0.0,0.0,0.0,0.0,0.0,0.0,0.026574203707903067,0.026574203707903067,0.026574203707903067,0.0006527986307427625,0.0006527986307427625,0.0006527986307427625,0.025921405077160304,0.025921405077160304,0.025921405077160304,0.0,0.0,0.0,1475249.8913848575
2023-06-18,1448421.0772366845,1398642.4029998283,1572925.3382538566,1448421.0772366845,1448421.0772366845,0.0,0.0,0.0,0.0,0.0,0.0,0.0,0.0,0.0,0.0,0.0,0.0,0.0,0.0,0.0,0.0,0.0,0.0,0.0,0.0,0.0,0.0,0.0,0.0,0.0,0.0,0.0,0.0,0.0,0.0,0.0,0.0,0.0,0.027401415317760587,0.027401415317760587,0.027401415317760587,0.0012943274964945543,0.0012943274964945543,0.0012943274964945543,0.026107087821266032,0.026107087821266032,0.026107087821266032,0.0,0.0,0.0,1488109.8647290452
2023-06-19,1459781.0184577026,1407291.324778112,1583978.6605903143,1459781.0184577026,1459781.0184577026,0.0,0.0,0.0,0.0,0.0,0.0,0.0,0.0,0.0,0.0,0.0,0.0,0.0,0.0,0.0,0.0,0.0,0.0,0.0,0.0,0.0,0.0,0.0,0.0,0.0,0.0,0.0,0.0,0.0,0.0,0.0,0.0,0.0,0.0255995029544801,0.0255995029544801,0.0255995029544801,-0.0006993391191714121,-0.0006993391191714121,-0.0006993391191714121,0.02629884207365151,0.02629884207365151,0.02629884207365151,0.0,0.0,0.0,1497150.6869526044
2023-06-20,1471140.95967872,1418758.6257445063,1594397.6208883778,1471140.95967872,1471140.95967872,0.0,0.0,0.0,0.0,0.0,0.0,0.0,0.0,0.0,0.0,0.0,0.0,0.0,0.0,0.0,0.0,0.0,0.0,0.0,0.0,0.0,0.0,0.0,0.0,0.0,0.0,0.0,0.0,0.0,0.0,0.0,0.0,0.0,0.025560102536233094,0.025560102536233094,0.025560102536233094,-0.0009328826298022817,-0.0009328826298022817,-0.0009328826298022817,0.026492985166035373,0.026492985166035373,0.026492985166035373,0.0,0.0,0.0,1508743.4734533604
2023-06-21,1482500.900899738,1433513.041417796,1615548.6443680795,1482500.900899738,1482500.900899738,0.0,0.0,0.0,0.0,0.0,0.0,0.0,0.0,0.0,0.0,0.0,0.0,0.0,0.0,0.0,0.0,0.0,0.0,0.0,0.0,0.0,0.0,0.0,0.0,0.0,0.0,0.0,0.0,0.0,0.0,0.0,0.0,0.0,0.026408435205813062,0.026408435205813062,0.026408435205813062,-0.0002763532964433821,-0.0002763532964433821,-0.0002763532964433821,0.026684788502256446,0.026684788502256446,0.026684788502256446,0.0,0.0,0.0,1521651.4298837085
2023-06-22,1493860.8421207562,1436638.355193872,1625575.1694544954,1493860.8421207562,1493860.8421207562,0.0,0.0,0.0,0.0,0.0,0.0,0.0,0.0,0.0,0.0,0.0,0.0,0.0,0.0,0.0,0.0,0.0,0.0,0.0,0.0,0.0,0.0,0.0,0.0,0.0,0.0,0.0,0.0,0.0,0.0,0.0,0.0,0.0,0.02683502323032838,0.02683502323032838,0.02683502323032838,-3.356731099962545e-05,-3.356731099962545e-05,-3.356731099962545e-05,0.026868590541328004,0.026868590541328004,0.026868590541328004,0.0,0.0,0.0,1533948.6325219448
2023-06-23,1505220.7833417743,1458876.0607735345,1628474.250551101,1505220.7833417743,1505220.7833417743,0.0,0.0,0.0,0.0,0.0,0.0,0.0,0.0,0.0,0.0,0.0,0.0,0.0,0.0,0.0,0.0,0.0,0.0,0.0,0.0,0.0,0.0,0.0,0.0,0.0,0.0,0.0,0.0,0.0,0.0,0.0,0.0,0.0,0.02703295657398177,0.02703295657398177,0.02703295657398177,-4.983770822643849e-06,-4.983770822643849e-06,-4.983770822643849e-06,0.027037940344804414,0.027037940344804414,0.027037940344804414,0.0,0.0,0.0,1545911.3514121072
2023-06-24,1516580.7245627916,1471903.965178016,1646754.734850703,1516580.7245627916,1516580.7245627916,0.0,0.0,0.0,0.0,0.0,0.0,0.0,0.0,0.0,0.0,0.0,0.0,0.0,0.0,0.0,0.0,0.0,0.0,0.0,0.0,0.0,0.0,0.0,0.0,0.0,0.0,0.0,0.0,0.0,0.0,0.0,0.0,0.0,0.027838566030151075,0.027838566030151075,0.027838566030151075,0.0006527986307433486,0.0006527986307433486,0.0006527986307433486,0.02718576739940773,0.02718576739940773,0.02718576739940773,0.0,0.0,0.0,1558800.1572035872
2023-06-25,1527940.6657838097,1486617.9650491222,1661323.52870289,1527940.6657838097,1527940.6657838097,0.0,0.0,0.0,0.0,0.0,0.0,0.0,0.0,0.0,0.0,0.0,0.0,0.0,0.0,0.0,0.0,0.0,0.0,0.0,0.0,0.0,0.0,0.0,0.0,0.0,0.0,0.0,0.0,0.0,0.0,0.0,0.0,0.0,0.028598900151512455,0.028598900151512455,0.028598900151512455,0.0012943274964939367,0.0012943274964939367,0.0012943274964939367,0.027304572655018518,0.027304572655018518,0.027304572655018518,0.0,0.0,0.0,1571638.0883219966
2023-06-26,1539300.6070048278,1490928.696686329,1666971.514626758,1539300.6070048278,1539300.6070048278,0.0,0.0,0.0,0.0,0.0,0.0,0.0,0.0,0.0,0.0,0.0,0.0,0.0,0.0,0.0,0.0,0.0,0.0,0.0,0.0,0.0,0.0,0.0,0.0,0.0,0.0,0.0,0.0,0.0,0.0,0.0,0.0,0.0,0.0266872959789055,0.0266872959789055,0.0266872959789055,-0.0006993391191660525,-0.0006993391191660525,-0.0006993391191660525,0.027386635098071554,0.027386635098071554,0.027386635098071554,0.0,0.0,0.0,1580380.3779044745
2023-06-27,1550660.548225846,1505453.833600983,1680002.2348883534,1550660.548225846,1550660.548225846,0.0,0.0,0.0,0.0,0.0,0.0,0.0,0.0,0.0,0.0,0.0,0.0,0.0,0.0,0.0,0.0,0.0,0.0,0.0,0.0,0.0,0.0,0.0,0.0,0.0,0.0,0.0,0.0,0.0,0.0,0.0,0.0,0.0,0.02649134509929336,0.02649134509929336,0.02649134509929336,-0.0009328826298040505,-0.0009328826298040505,-0.0009328826298040505,0.027424227729097413,0.027424227729097413,0.027424227729097413,0.0,0.0,0.0,1591739.6319407562
2023-06-28,1562020.3310404443,1514442.729929469,1694941.876087116,1562020.3310404443,1562020.3310404443,0.0,0.0,0.0,0.0,0.0,0.0,0.0,0.0,0.0,0.0,0.0,0.0,0.0,0.0,0.0,0.0,0.0,0.0,0.0,0.0,0.0,0.0,0.0,0.0,0.0,0.0,0.0,0.0,0.0,0.0,0.0,0.0,0.0,0.027133483246702842,0.027133483246702842,0.027133483246702842,-0.0002763532964440171,-0.0002763532964440171,-0.0002763532964440171,0.027409836543146857,0.027409836543146857,0.027409836543146857,0.0,0.0,0.0,1604403.3835237396
2023-06-29,1573380.113855043,1525285.868303829,1708198.9934621742,1573380.113855043,1573380.113855043,0.0,0.0,0.0,0.0,0.0,0.0,0.0,0.0,0.0,0.0,0.0,0.0,0.0,0.0,0.0,0.0,0.0,0.0,0.0,0.0,0.0,0.0,0.0,0.0,0.0,0.0,0.0,0.0,0.0,0.0,0.0,0.0,0.0,0.02730280871999785,0.02730280871999785,0.02730280871999785,-3.356731100026742e-05,-3.356731100026742e-05,-3.356731100026742e-05,0.027336376030998116,0.027336376030998116,0.027336376030998116,0.0,0.0,0.0,1616337.8101474755
2023-06-30,1584739.8966696414,1538205.9778252922,1722487.639242556,1584739.8966696414,1584739.8966696414,0.0,0.0,0.0,0.0,0.0,0.0,0.0,0.0,0.0,0.0,0.0,0.0,0.0,0.0,0.0,0.0,0.0,0.0,0.0,0.0,0.0,0.0,0.0,0.0,0.0,0.0,0.0,0.0,0.0,0.0,0.0,0.0,0.0,0.02719241105823956,0.02719241105823956,0.02719241105823956,-4.9837708205150994e-06,-4.9837708205150994e-06,-4.9837708205150994e-06,0.027197394829060074,0.027197394829060074,0.027197394829060074,0.0,0.0,0.0,1627832.7953602744
2023-07-01,1596099.6794842398,1547060.3912248544,1728399.0106758259,1596099.6794842398,1596099.6794842398,0.0,0.0,0.0,0.0,0.0,0.0,0.0,0.0,0.0,0.0,0.0,0.0,0.0,0.0,0.0,0.0,0.0,0.0,0.0,0.0,0.0,0.0,0.0,0.0,0.0,0.0,0.0,0.0,0.0,0.0,0.0,0.0,0.0,0.027640064073925497,0.027640064073925497,0.027640064073925497,0.0006527986307439348,0.0006527986307439348,0.0006527986307439348,0.02698726544318156,0.02698726544318156,0.02698726544318156,0.0,0.0,0.0,1640215.9768935563
2023-07-02,1607459.4622988384,1561666.3630096046,1743346.5371954602,1607459.4622988384,1607459.4622988384,0.0,0.0,0.0,0.0,0.0,0.0,0.0,0.0,0.0,0.0,0.0,0.0,0.0,0.0,0.0,0.0,0.0,0.0,0.0,0.0,0.0,0.0,0.0,0.0,0.0,0.0,0.0,0.0,0.0,0.0,0.0,0.0,0.0,0.027995679943623803,0.027995679943623803,0.027995679943623803,0.0012943274964931153,0.0012943274964931153,0.0012943274964931153,0.026701352447130688,0.026701352447130688,0.026701352447130688,0.0,0.0,0.0,1652461.3829277065
2023-07-03,1618819.2451134368,1575126.4647896704,1751759.3815334465,1618819.2451134368,1618819.2451134368,0.0,0.0,0.0,0.0,0.0,0.0,0.0,0.0,0.0,0.0,0.0,0.0,0.0,0.0,0.0,0.0,0.0,0.0,0.0,0.0,0.0,0.0,0.0,0.0,0.0,0.0,0.0,0.0,0.0,0.0,0.0,0.0,0.0,0.02563681507666316,0.02563681507666316,0.02563681507666316,-0.0006993391191670867,-0.0006993391191670867,-0.0006993391191670867,0.026336154195830245,0.026336154195830245,0.026336154195830245,0.0,0.0,0.0,1660320.6147429536
2023-07-04,1630179.0279280352,1584578.6041334344,1757954.0775853505,1630179.0279280352,1630179.0279280352,0.0,0.0,0.0,0.0,0.0,0.0,0.0,0.0,0.0,0.0,0.0,0.0,0.0,0.0,0.0,0.0,0.0,0.0,0.0,0.0,0.0,0.0,0.0,0.0,0.0,0.0,0.0,0.0,0.0,0.0,0.0,0.0,0.0,0.024956531247772498,0.024956531247772498,0.024956531247772498,-0.0009328826298027872,-0.0009328826298027872,-0.0009328826298027872,0.025889413877575287,0.025889413877575287,0.025889413877575287,0.0,0.0,0.0,1670862.6417779846
2023-07-05,1641538.8107426339,1594102.856529686,1770402.5616027315,1641538.8107426339,1641538.8107426339,0.0,0.0,0.0,0.0,0.0,0.0,0.0,0.0,0.0,0.0,0.0,0.0,0.0,0.0,0.0,0.0,0.0,0.0,0.0,0.0,0.0,0.0,0.0,0.0,0.0,0.0,0.0,0.0,0.0,0.0,0.0,0.0,0.0,0.025083843338546144,0.025083843338546144,0.025083843338546144,-0.0002763532964430344,-0.0002763532964430344,-0.0002763532964430344,0.025360196634989177,0.025360196634989177,0.025360196634989177,0.0,0.0,0.0,1682714.9131054454
2023-07-06,1652898.5935572323,1600165.7762112175,1777208.065203242,1652898.5935572323,1652898.5935572323,0.0,0.0,0.0,0.0,0.0,0.0,0.0,0.0,0.0,0.0,0.0,0.0,0.0,0.0,0.0,0.0,0.0,0.0,0.0,0.0,0.0,0.0,0.0,0.0,0.0,0.0,0.0,0.0,0.0,0.0,0.0,0.0,0.0,0.024715363173559046,0.024715363173559046,0.024715363173559046,-3.356731100090939e-05,-3.356731100090939e-05,-3.356731100090939e-05,0.024748930484559954,0.024748930484559954,0.024748930484559954,0.0,0.0,0.0,1693750.5825860642
2023-07-07,1664258.3763718307,1614916.812209912,1791589.736172746,1664258.3763718307,1664258.3763718307,0.0,0.0,0.0,0.0,0.0,0.0,0.0,0.0,0.0,0.0,0.0,0.0,0.0,0.0,0.0,0.0,0.0,0.0,0.0,0.0,0.0,0.0,0.0,0.0,0.0,0.0,0.0,0.0,0.0,0.0,0.0,0.0,0.0,0.024052426058966507,0.024052426058966507,0.024052426058966507,-4.983770821307245e-06,-4.983770821307245e-06,-4.983770821307245e-06,0.024057409829787813,0.024057409829787813,0.024057409829787813,0.0,0.0,0.0,1704287.82791253
2023-07-08,1675618.1591864293,1625676.6339108064,1809397.9779660483,1675618.1591864293,1675618.1591864293,0.0,0.0,0.0,0.0,0.0,0.0,0.0,0.0,0.0,0.0,0.0,0.0,0.0,0.0,0.0,0.0,0.0,0.0,0.0,0.0,0.0,0.0,0.0,0.0,0.0,0.0,0.0,0.0,0.0,0.0,0.0,0.0,0.0,0.023941560092316357,0.023941560092316357,0.023941560092316357,0.0006527986307401347,0.0006527986307401347,0.0006527986307401347,0.023288761461576223,0.023288761461576223,0.023288761461576223,0.0,0.0,0.0,1715735.0720363676
2023-07-09,1686977.9420010282,1639525.9741452618,1815171.1615881154,1686977.9420010282,1686977.9420010282,0.0,0.0,0.0,0.0,0.0,0.0,0.0,0.0,0.0,0.0,0.0,0.0,0.0,0.0,0.0,0.0,0.0,0.0,0.0,0.0,0.0,0.0,0.0,0.0,0.0,0.0,0.0,0.0,0.0,0.0,0.0,0.0,0.0,0.023741701535974446,0.023741701535974446,0.023741701535974446,0.001294327496492294,0.001294327496492294,0.001294327496492294,0.022447374039482153,0.022447374039482153,0.022447374039482153,0.0,0.0,0.0,1727029.668797789
2023-07-10,1698337.7248156269,1645587.9767898454,1825559.4556200972,1698337.7248156269,1698337.7248156269,0.0,0.0,0.0,0.0,0.0,0.0,0.0,0.0,0.0,0.0,0.0,0.0,0.0,0.0,0.0,0.0,0.0,0.0,0.0,0.0,0.0,0.0,0.0,0.0,0.0,0.0,0.0,0.0,0.0,0.0,0.0,0.0,0.0,0.02083945399686687,0.02083945399686687,0.02083945399686687,-0.0006993391191686776,-0.0006993391191686776,-0.0006993391191686776,0.02153879311603555,0.02153879311603555,0.02153879311603555,0.0,0.0,0.0,1733730.1557030657
2023-07-11,1709697.5076302253,1657249.2758189498,1827268.6678609587,1709697.5076302253,1709697.5076302253,0.0,0.0,0.0,0.0,0.0,0.0,0.0,0.0,0.0,0.0,0.0,0.0,0.0,0.0,0.0,0.0,0.0,0.0,0.0,0.0,0.0,0.0,0.0,0.0,0.0,0.0,0.0,0.0,0.0,0.0,0.0,0.0,0.0,0.019636702142780384,0.019636702142780384,0.019636702142780384,-0.0009328826298039372,-0.0009328826298039372,-0.0009328826298039372,0.02056958477258432,0.02056958477258432,0.02056958477258432,0.0,0.0,0.0,1743270.328341814
2023-07-12,1721057.2904448237,1669331.9413635908,1844962.7246539362,1721057.2904448237,1721057.2904448237,0.0,0.0,0.0,0.0,0.0,0.0,0.0,0.0,0.0,0.0,0.0,0.0,0.0,0.0,0.0,0.0,0.0,0.0,0.0,0.0,0.0,0.0,0.0,0.0,0.0,0.0,0.0,0.0,0.0,0.0,0.0,0.0,0.0,0.019270818552669808,0.019270818552669808,0.019270818552669808,-0.0002763532964420517,-0.0002763532964420517,-0.0002763532964420517,0.01954717184911186,0.01954717184911186,0.01954717184911186,0.0,0.0,0.0,1754223.4732077355
2023-07-13,1732417.0732594223,1686778.0020076858,1855003.0796010487,1732417.0732594223,1732417.0732594223,0.0,0.0,0.0,0.0,0.0,0.0,0.0,0.0,0.0,0.0,0.0,0.0,0.0,0.0,0.0,0.0,0.0,0.0,0.0,0.0,0.0,0.0,0.0,0.0,0.0,0.0,0.0,0.0,0.0,0.0,0.0,0.0,0.0,0.018446080234674356,0.018446080234674356,0.018446080234674356,-3.35673110001573e-05,-3.35673110001573e-05,-3.35673110001573e-05,0.018479647545674514,0.018479647545674514,0.018479647545674514,0.0,0.0,0.0,1764373.3775926854
2023-07-14,1743776.8560740207,1678594.6341620048,1862323.8863066696,1743776.8560740207,1743776.8560740207,0.0,0.0,0.0,0.0,0.0,0.0,0.0,0.0,0.0,0.0,0.0,0.0,0.0,0.0,0.0,0.0,0.0,0.0,0.0,0.0,0.0,0.0,0.0,0.0,0.0,0.0,0.0,0.0,0.0,0.0,0.0,0.0,0.0,0.017370588055466315,0.017370588055466315,0.017370588055466315,-4.9837708206389424e-06,-4.9837708206389424e-06,-4.9837708206389424e-06,0.017375571826286955,0.017375571826286955,0.017375571826286955,0.0,0.0,0.0,1774067.2855015385
2023-07-15,1755136.6388886191,1695905.2902422047,1871839.678586153,1755136.6388886191,1755136.6388886191,0.0,0.0,0.0,0.0,0.0,0.0,0.0,0.0,0.0,0.0,0.0,0.0,0.0,0.0,0.0,0.0,0.0,0.0,0.0,0.0,0.0,0.0,0.0,0.0,0.0,0.0,0.0,0.0,0.0,0.0,0.0,0.0,0.0,0.016896555178782573,0.016896555178782573,0.016896555178782573,0.0006527986307416447,0.0006527986307416447,0.0006527986307416447,0.016243756548040927,0.016243756548040927,0.016243756548040927,0.0,0.0,0.0,1784792.4019539035
2023-07-16,1766496.4217032178,1711265.6917686956,1886758.1850528563,1766496.4217032178,1766496.4217032178,0.0,0.0,0.0,0.0,0.0,0.0,0.0,0.0,0.0,0.0,0.0,0.0,0.0,0.0,0.0,0.0,0.0,0.0,0.0,0.0,0.0,0.0,0.0,0.0,0.0,0.0,0.0,0.0,0.0,0.0,0.0,0.0,0.0,0.016387373051379186,0.016387373051379186,0.016387373051379186,0.0012943274964916762,0.0012943274964916762,0.0012943274964916762,0.01509304555488751,0.01509304555488751,0.01509304555488751,0.0,0.0,0.0,1795444.657559595
2023-07-17,1777856.2045178162,1703516.8811903717,1886417.6871097262,1777856.2045178162,1777856.2045178162,0.0,0.0,0.0,0.0,0.0,0.0,0.0,0.0,0.0,0.0,0.0,0.0,0.0,0.0,0.0,0.0,0.0,0.0,0.0,0.0,0.0,0.0,0.0,0.0,0.0,0.0,0.0,0.0,0.0,0.0,0.0,0.0,0.0,0.013232756988591738,0.013232756988591738,0.013232756988591738,-0.0006993391191697119,-0.0006993391191697119,-0.0006993391191697119,0.013932096107761449,0.013932096107761449,0.013932096107761449,0.0,0.0,0.0,1801382.1436328604
2023-07-18,1789215.9873324146,1723259.8879046019,1902703.4671627497,1789215.9873324146,1789215.9873324146,0.0,0.0,0.0,0.0,0.0,0.0,0.0,0.0,0.0,0.0,0.0,0.0,0.0,0.0,0.0,0.0,0.0,0.0,0.0,0.0,0.0,0.0,0.0,0.0,0.0,0.0,0.0,0.0,0.0,0.0,0.0,0.0,0.0,0.011836285337010508,0.011836285337010508,0.011836285337010508,-0.0009328826298026737,-0.0009328826298026737,-0.0009328826298026737,0.012769167966813181,0.012769167966813181,0.012769167966813181,0.0,0.0,0.0,1810393.6582880218
2023-07-19,1800575.7701470132,1730854.0114825526,1908709.5757535505,1800575.7701470132,1800575.7701470132,0.0,0.0,0.0,0.0,0.0,0.0,0.0,0.0,0.0,0.0,0.0,0.0,0.0,0.0,0.0,0.0,0.0,0.0,0.0,0.0,0.0,0.0,0.0,0.0,0.0,0.0,0.0,0.0,0.0,0.0,0.0,0.0,0.0,0.011335572903016013,0.011335572903016013,0.011335572903016013,-0.0002763532964444532,-0.0002763532964444532,-0.0002763532964444532,0.011611926199460465,0.011611926199460465,0.011611926199460465,0.0,0.0,0.0,1820986.328056919
2023-07-20,1811935.5529616117,1741873.3297753662,1923822.9555635804,1811935.5529616117,1811935.5529616117,0.0,0.0,0.0,0.0,0.0,0.0,0.0,0.0,0.0,0.0,0.0,0.0,0.0,0.0,0.0,0.0,0.0,0.0,0.0,0.0,0.0,0.0,0.0,0.0,0.0,0.0,0.0,0.0,0.0,0.0,0.0,0.0,0.0,0.010433696056104488,0.010433696056104488,0.010433696056104488,-3.356731100079927e-05,-3.356731100079927e-05,-3.356731100079927e-05,0.010467263367105288,0.010467263367105288,0.010467263367105288,0.0,0.0,0.0,1830840.7377944626
2023-07-21,1823295.3357762108,1751177.6039697619,1926732.5478582995,1823295.3357762108,1823295.3357762108,0.0,0.0,0.0,0.0,0.0,0.0,0.0,0.0,0.0,0.0,0.0,0.0,0.0,0.0,0.0,0.0,0.0,0.0,0.0,0.0,0.0,0.0,0.0,0.0,0.0,0.0,0.0,0.0,0.0,0.0,0.0,0.0,0.0,0.009336162385609074,0.009336162385609074,0.009336162385609074,-4.983770821431088e-06,-4.983770821431088e-06,-4.983770821431088e-06,0.009341146156430506,0.009341146156430506,0.009341146156430506,0.0,0.0,0.0,1840317.917107941
2023-07-22,1834655.1185908087,1757022.98881748,1938714.7694033452,1834655.1185908087,1834655.1185908087,0.0,0.0,0.0,0.0,0.0,0.0,0.0,0.0,0.0,0.0,0.0,0.0,0.0,0.0,0.0,0.0,0.0,0.0,0.0,0.0,0.0,0.0,0.0,0.0,0.0,0.0,0.0,0.0,0.0,0.0,0.0,0.0,0.0,0.008891289416290563,0.008891289416290563,0.008891289416290563,0.0006527986307413073,0.0006527986307413073,0.0006527986307413073,0.008238490785549255,0.008238490785549255,0.008238490785549255,0.0,0.0,0.0,1850967.5682292783
2023-07-23,1846014.901405407,1775538.923051942,1949930.4008581825,1846014.901405407,1846014.901405407,0.0,0.0,0.0,0.0,0.0,0.0,0.0,0.0,0.0,0.0,0.0,0.0,0.0,0.0,0.0,0.0,0.0,0.0,0.0,0.0,0.0,0.0,0.0,0.0,0.0,0.0,0.0,0.0,0.0,0.0,0.0,0.0,0.0,0.00845739814946197,0.00845739814946197,0.00845739814946197,0.0012943274964951229,0.0012943274964951229,0.0012943274964951229,0.007163070652966847,0.007163070652966847,0.007163070652966847,0.0,0.0,0.0,1861627.3844164326
2023-07-24,1857374.6842200055,1776781.1448805588,1954075.0771727695,1857374.6842200055,1857374.6842200055,0.0,0.0,0.0,0.0,0.0,0.0,0.0,0.0,0.0,0.0,0.0,0.0,0.0,0.0,0.0,0.0,0.0,0.0,0.0,0.0,0.0,0.0,0.0,0.0,0.0,0.0,0.0,0.0,0.0,0.0,0.0,0.0,0.0,0.005418119614795883,0.005418119614795883,0.005418119614795883,-0.0006993391191643523,-0.0006993391191643523,-0.0006993391191643523,0.006117458733960236,0.006117458733960236,0.006117458733960236,0.0,0.0,0.0,1867438.1624286035
2023-07-25,1868734.4670346042,1788175.8228257815,1966900.9072270705,1868734.4670346042,1868734.4670346042,0.0,0.0,0.0,0.0,0.0,0.0,0.0,0.0,0.0,0.0,0.0,0.0,0.0,0.0,0.0,0.0,0.0,0.0,0.0,0.0,0.0,0.0,0.0,0.0,0.0,0.0,0.0,0.0,0.0,0.0,0.0,0.0,0.0,0.004170123563235199,0.004170123563235199,0.004170123563235199,-0.0009328826298026167,-0.0009328826298026167,-0.0009328826298026167,0.005103006193037816,0.005103006193037816,0.005103006193037816,0.0,0.0,0.0,1876527.320669015
2023-07-26,1880094.2498492028,1800103.9448240697,1976496.7596115102,1880094.2498492028,1880094.2498492028,0.0,0.0,0.0,0.0,0.0,0.0,0.0,0.0,0.0,0.0,0.0,0.0,0.0,0.0,0.0,0.0,0.0,0.0,0.0,0.0,0.0,0.0,0.0,0.0,0.0,0.0,0.0,0.0,0.0,0.0,0.0,0.0,0.0,0.003843504306942501,0.003843504306942501,0.003843504306942501,-0.0002763532964450881,-0.0002763532964450881,-0.0002763532964450881,0.004119857603387589,0.004119857603387589,0.004119857603387589,0.0,0.0,0.0,1887320.400195956
2023-07-27,1887714.1438363374,1808851.0631365003,1978002.804680456,1887714.1438363374,1887714.1438363374,0.0,0.0,0.0,0.0,0.0,0.0,0.0,0.0,0.0,0.0,0.0,0.0,0.0,0.0,0.0,0.0,0.0,0.0,0.0,0.0,0.0,0.0,0.0,0.0,0.0,0.0,0.0,0.0,0.0,0.0,0.0,0.0,0.0,0.0031334347655711165,0.0031334347655711165,0.0031334347655711165,-3.356731099973308e-05,-3.356731099973308e-05,-3.356731099973308e-05,0.00316700207657085,0.00316700207657085,0.00316700207657085,0.0,0.0,0.0,1893629.1729620944
2023-07-28,1895334.037823472,1807806.0012409925,1983103.3181557723,1895334.037823472,1895334.037823472,0.0,0.0,0.0,0.0,0.0,0.0,0.0,0.0,0.0,0.0,0.0,0.0,0.0,0.0,0.0,0.0,0.0,0.0,0.0,0.0,0.0,0.0,0.0,0.0,0.0,0.0,0.0,0.0,0.0,0.0,0.0,0.0,0.0,0.0022373747694679077,0.0022373747694679077,0.0022373747694679077,-4.983770820762758e-06,-4.983770820762758e-06,-4.983770820762758e-06,0.0022423585402886704,0.0022423585402886704,0.0022423585402886704,0.0,0.0,0.0,1899574.610379412
2023-07-29,1902953.9318106063,1818691.0452501483,1995790.278943881,1902953.9318106063,1902953.9318106063,0.0,0.0,0.0,0.0,0.0,0.0,0.0,0.0,0.0,0.0,0.0,0.0,0.0,0.0,0.0,0.0,0.0,0.0,0.0,0.0,0.0,0.0,0.0,0.0,0.0,0.0,0.0,0.0,0.0,0.0,0.0,0.0,0.0,0.0019956910212029534,0.0019956910212029534,0.0019956910212029534,0.0006527986307428169,0.0006527986307428169,0.0006527986307428169,0.001342892390460137,0.001342892390460137,0.001342892390460137,0.0,0.0,0.0,1906751.6398860835
2023-07-30,1910573.8257977406,1828596.2961322437,1998505.2224353114,1910573.8257977406,1910573.8257977406,0.0,0.0,0.0,0.0,0.0,0.0,0.0,0.0,0.0,0.0,0.0,0.0,0.0,0.0,0.0,0.0,0.0,0.0,0.0,0.0,0.0,0.0,0.0,0.0,0.0,0.0,0.0,0.0,0.0,0.0,0.0,0.0,0.0,0.0017590873122539559,0.0017590873122539559,0.0017590873122539559,0.0012943274964943017,0.0012943274964943017,0.0012943274964943017,0.0004647598157596542,0.0004647598157596542,0.0004647598157596542,0.0,0.0,0.0,1913934.691973826
2023-07-31,1918193.7197848752,1825286.8970316604,2008509.8672037881,1918193.7197848752,1918193.7197848752,0.0,0.0,0.0,0.0,0.0,0.0,0.0,0.0,0.0,0.0,0.0,0.0,0.0,0.0,0.0,0.0,0.0,0.0,0.0,0.0,0.0,0.0,0.0,0.0,0.0,0.0,0.0,0.0,0.0,0.0,0.0,0.0,0.0,-0.0010958638432000695,-0.0010958638432000695,-0.0010958638432000695,-0.0006993391191653865,-0.0006993391191653865,-0.0006993391191653865,-0.000396524724034683,-0.000396524724034683,-0.000396524724034683,0.0,0.0,0.0,1916091.6406431096
2023-08-01,1925813.6137720095,1833636.354220485,2013064.2354920441,1925813.6137720095,1925813.6137720095,0.0,0.0,0.0,0.0,0.0,0.0,0.0,0.0,0.0,0.0,0.0,0.0,0.0,0.0,0.0,0.0,0.0,0.0,0.0,0.0,0.0,0.0,0.0,0.0,0.0,0.0,0.0,0.0,0.0,0.0,0.0,0.0,0.0,-0.002178785696099501,-0.002178785696099501,-0.002178785696099501,-0.0009328826298013535,-0.0009328826298013535,-0.0009328826298013535,-0.0012459030662981476,-0.0012459030662981476,-0.0012459030662981476,0.0,0.0,0.0,1921617.6786169694
2023-08-02,1933433.507759144,1846086.0104090648,2022911.3895821858,1933433.507759144,1933433.507759144,0.0,0.0,0.0,0.0,0.0,0.0,0.0,0.0,0.0,0.0,0.0,0.0,0.0,0.0,0.0,0.0,0.0,0.0,0.0,0.0,0.0,0.0,0.0,0.0,0.0,0.0,0.0,0.0,0.0,0.0,0.0,0.0,0.0,-0.002364928983594536,-0.002364928983594536,-0.002364928983594536,-0.00027635329644248776,-0.00027635329644248776,-0.00027635329644248776,-0.0020885756871520484,-0.0020885756871520484,-0.0020885756871520484,0.0,0.0,0.0,1928861.0748187916
2023-08-03,1941053.4017462786,1841779.866554371,2021757.4012116662,1941053.4017462786,1941053.4017462786,0.0,0.0,0.0,0.0,0.0,0.0,0.0,0.0,0.0,0.0,0.0,0.0,0.0,0.0,0.0,0.0,0.0,0.0,0.0,0.0,0.0,0.0,0.0,0.0,0.0,0.0,0.0,0.0,0.0,0.0,0.0,0.0,0.0,-0.002963365209645136,-0.002963365209645136,-0.002963365209645136,-3.3567311002083216e-05,-3.3567311002083216e-05,-3.3567311002083216e-05,-0.002929797898643053,-0.002929797898643053,-0.002929797898643053,0.0,0.0,0.0,1935301.3516254805
2023-08-04,1948673.2957334132,1851146.1583739498,2025123.9758813262,1948673.2957334132,1948673.2957334132,0.0,0.0,0.0,0.0,0.0,0.0,0.0,0.0,0.0,0.0,0.0,0.0,0.0,0.0,0.0,0.0,0.0,0.0,0.0,0.0,0.0,0.0,0.0,0.0,0.0,0.0,0.0,0.0,0.0,0.0,0.0,0.0,0.0,-0.003779659928674694,-0.003779659928674694,-0.003779659928674694,-4.983770821944132e-06,-4.983770821944132e-06,-4.983770821944132e-06,-0.0037746761578527498,-0.0037746761578527498,-0.0037746761578527498,0.0,0.0,0.0,1941307.9733634512
2023-08-05,1956293.1897205475,1854098.8305919683,2034353.0719241342,1956293.1897205475,1956293.1897205475,0.0,0.0,0.0,0.0,0.0,0.0,0.0,0.0,0.0,0.0,0.0,0.0,0.0,0.0,0.0,0.0,0.0,0.0,0.0,0.0,0.0,0.0,0.0,0.0,0.0,0.0,0.0,0.0,0.0,0.0,0.0,0.0,0.0,-0.0039751721011134595,-0.0039751721011134595,-0.0039751721011134595,0.0006527986307434032,0.0006527986307434032,0.0006527986307434032,-0.004627970731856863,-0.004627970731856863,-0.004627970731856863,0.0,0.0,0.0,1948516.587611172
2023-08-06,1963913.083707682,1874528.1081157746,2047581.2419756146,1963913.083707682,1963913.083707682,0.0,0.0,0.0,0.0,0.0,0.0,0.0,0.0,0.0,0.0,0.0,0.0,0.0,0.0,0.0,0.0,0.0,0.0,0.0,0.0,0.0,0.0,0.0,0.0,0.0,0.0,0.0,0.0,0.0,0.0,0.0,0.0,0.0,-0.004199583267580315,-0.004199583267580315,-0.004199583267580315,0.0012943274964934805,0.0012943274964934805,0.0012943274964934805,-0.005493910764073797,-0.005493910764073797,-0.005493910764073797,0.0,0.0,0.0,1955665.4671823613
2023-08-07,1971532.9776948167,1872273.4336879198,2050766.9508261783,1971532.9776948167,1971532.9776948167,0.0,0.0,0.0,0.0,0.0,0.0,0.0,0.0,0.0,0.0,0.0,0.0,0.0,0.0,0.0,0.0,0.0,0.0,0.0,0.0,0.0,0.0,0.0,0.0,0.0,0.0,0.0,0.0,0.0,0.0,0.0,0.0,0.0,-0.007075366527775122,-0.007075366527775122,-0.007075366527775122,-0.0006993391191669775,-0.0006993391191669775,-0.0006993391191669775,-0.006376027408608145,-0.006376027408608145,-0.006376027408608145,0.0,0.0,0.0,1957583.65925603
2023-08-08,1979152.8716819508,1873285.2899677304,2043391.0783249773,1979152.8716819508,1979152.8716819508,0.0,0.0,0.0,0.0,0.0,0.0,0.0,0.0,0.0,0.0,0.0,0.0,0.0,0.0,0.0,0.0,0.0,0.0,0.0,0.0,0.0,0.0,0.0,0.0,0.0,0.0,0.0,0.0,0.0,0.0,0.0,0.0,0.0,-0.00820989278135562,-0.00820989278135562,-0.00820989278135562,-0.0009328826298012966,-0.0009328826298012966,-0.0009328826298012966,-0.007277010151554323,-0.007277010151554323,-0.007277010151554323,0.0,0.0,0.0,1962904.23880753
2023-08-09,1986772.7656690853,1876338.4455294902,2055477.038868416,1986772.7656690853,1986772.7656690853,0.0,0.0,0.0,0.0,0.0,0.0,0.0,0.0,0.0,0.0,0.0,0.0,0.0,0.0,0.0,0.0,0.0,0.0,0.0,0.0,0.0,0.0,0.0,0.0,0.0,0.0,0.0,0.0,0.0,0.0,0.0,0.0,0.0,-0.008474944033864387,-0.008474944033864387,-0.008474944033864387,-0.00027635329644650684,-0.00027635329644650684,-0.00027635329644650684,-0.00819859073741788,-0.00819859073741788,-0.00819859073741788,0.0,0.0,0.0,1969934.977672034
2023-08-10,1994392.6596562199,1884271.4232520782,2067268.492975709,1994392.6596562199,1994392.6596562199,0.0,0.0,0.0,0.0,0.0,0.0,0.0,0.0,0.0,0.0,0.0,0.0,0.0,0.0,0.0,0.0,0.0,0.0,0.0,0.0,0.0,0.0,0.0,0.0,0.0,0.0,0.0,0.0,0.0,0.0,0.0,0.0,0.0,-0.009175025597100915,-0.009175025597100915,-0.009175025597100915,-3.356731100101702e-05,-3.356731100101702e-05,-3.356731100101702e-05,-0.009141458286099899,-0.009141458286099899,-0.009141458286099899,0.0,0.0,0.0,1976094.055953204
2023-08-11,2002012.5536433544,1898413.0014373583,2068920.4448165298,2002012.5536433544,2002012.5536433544,0.0,0.0,0.0,0.0,0.0,0.0,0.0,0.0,0.0,0.0,0.0,0.0,0.0,0.0,0.0,0.0,0.0,0.0,0.0,0.0,0.0,0.0,0.0,0.0,0.0,0.0,0.0,0.0,0.0,0.0,0.0,0.0,0.0,-0.010110192016234363,-0.010110192016234363,-0.010110192016234363,-4.98377082127583e-06,-4.98377082127583e-06,-4.98377082127583e-06,-0.010105208245413087,-0.010105208245413087,-0.010105208245413087,0.0,0.0,0.0,1981771.8223071084
2023-08-12,2009632.4476304888,1895653.5226434052,2080767.4825613692,2009632.4476304888,2009632.4476304888,0.0,0.0,0.0,0.0,0.0,0.0,0.0,0.0,0.0,0.0,0.0,0.0,0.0,0.0,0.0,0.0,0.0,0.0,0.0,0.0,0.0,0.0,0.0,0.0,0.0,0.0,0.0,0.0,0.0,0.0,0.0,0.0,0.0,-0.010435528173412333,-0.010435528173412333,-0.010435528173412333,0.0006527986307449126,0.0006527986307449126,0.0006527986307449126,-0.011088326804157245,-0.011088326804157245,-0.011088326804157245,0.0,0.0,0.0,1988660.8716050372
2023-08-13,2017252.3416176233,1901389.335033916,2084604.2428022902,2017252.3416176233,2017252.3416176233,0.0,0.0,0.0,0.0,0.0,0.0,0.0,0.0,0.0,0.0,0.0,0.0,0.0,0.0,0.0,0.0,0.0,0.0,0.0,0.0,0.0,0.0,0.0,0.0,0.0,0.0,0.0,0.0,0.0,0.0,0.0,0.0,0.0,-0.010793883824554708,-0.010793883824554708,-0.010793883824554708,0.0012943274964928627,0.0012943274964928627,0.0012943274964928627,-0.01208821132104757,-0.01208821132104757,-0.01208821132104757,0.0,0.0,0.0,1995478.3541973918
2023-08-14,2024872.235604758,1902779.3182126717,2092541.3799589989,2024872.235604758,2024872.235604758,0.0,0.0,0.0,0.0,0.0,0.0,0.0,0.0,0.0,0.0,0.0,0.0,0.0,0.0,0.0,0.0,0.0,0.0,0.0,0.0,0.0,0.0,0.0,0.0,0.0,0.0,0.0,0.0,0.0,0.0,0.0,0.0,0.0,-0.013800565356490215,-0.013800565356490215,-0.013800565356490215,-0.000699339119167455,-0.000699339119167455,-0.000699339119167455,-0.013101226237322761,-0.013101226237322761,-0.013101226237322761,0.0,0.0,0.0,1996927.853978752
2023-08-15,2032492.1295918925,1906797.5405189758,2082362.9251463837,2032492.1295918925,2032492.1295918925,0.0,0.0,0.0,-0.0044775376,-0.0044775376,-0.0044775376,0.0,0.0,0.0,0.0,0.0,0.0,0.0,0.0,0.0,0.0,0.0,0.0,0.0,0.0,0.0,0.0,0.0,0.0,0.0,0.0,0.0,0.0,0.0,0.0,-0.0044775376,-0.0044775376,-0.0044775376,-0.019533213097476354,-0.019533213097476354,-0.019533213097476354,-0.0009328826298030655,-0.0009328826298030655,-0.0009328826298030655,-0.01412279286767329,-0.01412279286767329,-0.01412279286767329,0.0,0.0,0.0,1992791.0277056305
2023-08-16,2040112.0235790268,1919583.830304062,2096387.3957177089,2040112.0235790268,2040112.0235790268,0.0,0.0,0.0,0.0,0.0,0.0,0.0,0.0,0.0,0.0,0.0,0.0,0.0,0.0,0.0,0.0,0.0,0.0,0.0,0.0,0.0,0.0,0.0,0.0,0.0,0.0,0.0,0.0,0.0,0.0,0.0,0.0,0.0,-0.015423863733479036,-0.015423863733479036,-0.015423863733479036,-0.00027635329644390655,-0.00027635329644390655,-0.00027635329644390655,-0.01514751043703513,-0.01514751043703513,-0.01514751043703513,0.0,0.0,0.0,2008645.6137263118
2023-08-17,2047731.9175661611,1926678.8455221006,2106094.6109421053,2047731.9175661611,2047731.9175661611,0.0,0.0,0.0,0.0,0.0,0.0,0.0,0.0,0.0,0.0,0.0,0.0,0.0,0.0,0.0,0.0,0.0,0.0,0.0,0.0,0.0,0.0,0.0,0.0,0.0,0.0,0.0,0.0,0.0,0.0,0.0,0.0,0.0,-0.016202872091393573,-0.016202872091393573,-0.016202872091393573,-3.356731099995083e-05,-3.356731099995083e-05,-3.356731099995083e-05,-0.016169304780393624,-0.016169304780393624,-0.016169304780393624,0.0,0.0,0.0,2014552.7792283725
2023-08-18,2055351.8115532957,1929270.5154075401,2106866.497132143,2055351.8115532957,2055351.8115532957,0.0,0.0,0.0,0.0,0.0,0.0,0.0,0.0,0.0,0.0,0.0,0.0,0.0,0.0,0.0,0.0,0.0,0.0,0.0,0.0,0.0,0.0,0.0,0.0,0.0,0.0,0.0,0.0,0.0,0.0,0.0,0.0,0.0,-0.017186584047876697,-0.017186584047876697,-0.017186584047876697,-4.98377082206784e-06,-4.98377082206784e-06,-4.98377082206784e-06,-0.017181600277054628,-0.017181600277054628,-0.017181600277054628,0.0,0.0,0.0,2020027.3348960795
2023-08-19,2062971.70554043,1942702.9851668288,2113834.0640805066,2062971.70554043,2062971.70554043,0.0,0.0,0.0,0.0,0.0,0.0,0.0,0.0,0.0,0.0,0.0,0.0,0.0,0.0,0.0,0.0,0.0,0.0,0.0,0.0,0.0,0.0,0.0,0.0,0.0,0.0,0.0,0.0,0.0,0.0,0.0,0.0,0.0,-0.017524711244667014,-0.017524711244667014,-0.017524711244667014,0.0006527986307454988,0.0006527986307454988,0.0006527986307454988,-0.018177509875412515,-0.018177509875412515,-0.018177509875412515,0.0,0.0,0.0,2026818.7220949158
2023-08-20,2070591.5995275646,1939656.2527356753,2118745.4563926775,2070591.5995275646,2070591.5995275646,0.0,0.0,0.0,0.0,0.0,0.0,0.0,0.0,0.0,0.0,0.0,0.0,0.0,0.0,0.0,0.0,0.0,0.0,0.0,0.0,0.0,0.0,0.0,0.0,0.0,0.0,0.0,0.0,0.0,0.0,0.0,0.0,0.0,-0.017855710003501113,-0.017855710003501113,-0.017855710003501113,0.0012943274964956988,0.0012943274964956988,0.0012943274964956988,-0.019150037499996813,-0.019150037499996813,-0.019150037499996813,0.0,0.0,0.0,2033619.716390715
2023-08-21,2078211.4935146992,1950340.8851351177,2117321.334547109,2078211.4935146992,2078211.4935146992,0.0,0.0,0.0,0.0,0.0,0.0,0.0,0.0,0.0,0.0,0.0,0.0,0.0,0.0,0.0,0.0,0.0,0.0,0.0,0.0,0.0,0.0,0.0,0.0,0.0,0.0,0.0,0.0,0.0,0.0,0.0,0.0,0.0,-0.020791625856065254,-0.020791625856065254,-0.020791625856065254,-0.0006993391191690459,-0.0006993391191690459,-0.0006993391191690459,-0.020092286736896208,-0.020092286736896208,-0.020092286736896208,0.0,0.0,0.0,2035002.0976917672
2023-08-22,2085831.3875018337,1953261.6219346973,2127516.3842790728,2085831.3875018337,2085831.3875018337,0.0,0.0,0.0,0.0,0.0,0.0,0.0,0.0,0.0,0.0,0.0,0.0,0.0,0.0,0.0,0.0,0.0,0.0,0.0,0.0,0.0,0.0,0.0,0.0,0.0,0.0,0.0,0.0,0.0,0.0,0.0,0.0,0.0,-0.021930552108060504,-0.021930552108060504,-0.021930552108060504,-0.0009328826298030087,-0.0009328826298030087,-0.0009328826298030087,-0.020997669478257496,-0.020997669478257496,-0.020997669478257496,0.0,0.0,0.0,2040087.9535695966
2023-08-23,2093451.281488968,1957127.9199976136,2138656.8298162143,2093451.281488968,2093451.281488968,0.0,0.0,0.0,0.0,0.0,0.0,0.0,0.0,0.0,0.0,0.0,0.0,0.0,0.0,0.0,0.0,0.0,0.0,0.0,0.0,0.0,0.0,0.0,0.0,0.0,0.0,0.0,0.0,0.0,0.0,0.0,0.0,0.0,-0.022136461474709233,-0.022136461474709233,-0.022136461474709233,-0.00027635329644454146,-0.00027635329644454146,-0.00027635329644454146,-0.021860108178264694,-0.021860108178264694,-0.021860108178264694,0.0,0.0,0.0,2047109.6778471067
2023-08-24,2101071.1754761026,1966035.7384163497,2138938.29570555,2101071.1754761026,2101071.1754761026,0.0,0.0,0.0,0.0,0.0,0.0,0.0,0.0,0.0,0.0,0.0,0.0,0.0,0.0,0.0,0.0,0.0,0.0,0.0,0.0,0.0,0.0,0.0,0.0,0.0,0.0,0.0,0.0,0.0,0.0,0.0,0.0,0.0,-0.022707792844102084,-0.022707792844102084,-0.022707792844102084,-3.35673110005928e-05,-3.35673110005928e-05,-3.35673110005928e-05,-0.022674225533101493,-0.022674225533101493,-0.022674225533101493,0.0,0.0,0.0,2053360.4864726772
2023-08-25,2108691.0694632367,1971940.6775413027,2148749.017508416,2108691.0694632367,2108691.0694632367,0.0,0.0,0.0,0.0,0.0,0.0,0.0,0.0,0.0,0.0,0.0,0.0,0.0,0.0,0.0,0.0,0.0,0.0,0.0,0.0,0.0,0.0,0.0,0.0,0.0,0.0,0.0,0.0,0.0,0.0,0.0,0.0,0.0,-0.023440499512160286,-0.023440499512160286,-0.023440499512160286,-4.9837708199392526e-06,-4.9837708199392526e-06,-4.9837708199392526e-06,-0.023435515741340347,-0.023435515741340347,-0.023435515741340347,0.0,0.0,0.0,2059262.297478187
2023-08-26,2116310.9643178503,1978966.515965332,2145236.4505357924,2116310.9643178503,2116310.9643178503,0.0,0.0,0.0,0.0,0.0,0.0,0.0,0.0,0.0,0.0,0.0,0.0,0.0,0.0,0.0,0.0,0.0,0.0,0.0,0.0,0.0,0.0,0.0,0.0,0.0,0.0,0.0,0.0,0.0,0.0,0.0,0.0,0.0,-0.02348769338892843,-0.02348769338892843,-0.02348769338892843,0.0006527986307407756,0.0006527986307407756,0.0006527986307407756,-0.024140492019669207,-0.024140492019669207,-0.024140492019669207,0.0,0.0,0.0,2066603.7012723251
2023-08-27,2123930.859172464,1983816.442372818,2161484.030407837,2123930.859172464,2123930.859172464,0.0,0.0,0.0,0.0,0.0,0.0,0.0,0.0,0.0,0.0,0.0,0.0,0.0,0.0,0.0,0.0,0.0,0.0,0.0,0.0,0.0,0.0,0.0,0.0,0.0,0.0,0.0,0.0,0.0,0.0,0.0,0.0,0.0,-0.02349247822998015,-0.02349247822998015,-0.02349247822998015,0.0012943274964952844,0.0012943274964952844,0.0012943274964952844,-0.024786805726475434,-0.024786805726475434,-0.024786805726475434,0.0,0.0,0.0,2074034.4597013718
2023-08-28,2131550.7540270775,1989223.292220044,2160793.645904212,2131550.7540270775,2131550.7540270775,0.0,0.0,0.0,0.0,0.0,0.0,0.0,0.0,0.0,0.0,0.0,0.0,0.0,0.0,0.0,0.0,0.0,0.0,0.0,0.0,0.0,0.0,0.0,0.0,0.0,0.0,0.0,0.0,0.0,0.0,0.0,0.0,0.0,-0.026072672382668204,-0.026072672382668204,-0.026072672382668204,-0.0006993391191706367,-0.0006993391191706367,-0.0006993391191706367,-0.02537333326349757,-0.02537333326349757,-0.02537333326349757,0.0,0.0,0.0,2075975.5295503002
2023-08-29,2139170.648881691,1996796.5212157215,2174407.869282818,2139170.648881691,2139170.648881691,0.0,0.0,0.0,0.0,0.0,0.0,0.0,0.0,0.0,0.0,0.0,0.0,0.0,0.0,0.0,0.0,0.0,0.0,0.0,0.0,0.0,0.0,0.0,0.0,0.0,0.0,0.0,0.0,0.0,0.0,0.0,0.0,0.0,-0.026833110489280897,-0.026833110489280897,-0.026833110489280897,-0.0009328826298017452,-0.0009328826298017452,-0.0009328826298017452,-0.025900227859479152,-0.025900227859479152,-0.025900227859479152,0.0,0.0,0.0,2081770.0465048219
2023-08-30,2146790.543736304,1996554.1468331143,2179910.28647955,2146790.543736304,2146790.543736304,0.0,0.0,0.0,0.0,0.0,0.0,0.0,0.0,0.0,0.0,0.0,0.0,0.0,0.0,0.0,0.0,0.0,0.0,0.0,0.0,0.0,0.0,0.0,0.0,0.0,0.0,0.0,0.0,0.0,0.0,0.0,0.0,0.0,-0.026645287658989863,-0.026645287658989863,-0.026645287658989863,-0.0002763532964435586,-0.0002763532964435586,-0.0002763532964435586,-0.026368934362546306,-0.026368934362546306,-0.026368934362546306,0.0,0.0,0.0,2089588.692154851
2023-08-31,2154410.4385909177,2003461.133408373,2185548.1761923893,2154410.4385909177,2154410.4385909177,0.0,0.0,0.0,0.0,0.0,0.0,0.0,0.0,0.0,0.0,0.0,0.0,0.0,0.0,0.0,0.0,0.0,0.0,0.0,0.0,0.0,0.0,0.0,0.0,0.0,0.0,0.0,0.0,0.0,0.0,0.0,0.0,0.0,-0.02681573356103497,-0.02681573356103497,-0.02681573356103497,-3.3567310998132546e-05,-3.3567310998132546e-05,-3.3567310998132546e-05,-0.026782166250036838,-0.026782166250036838,-0.026782166250036838,0.0,0.0,0.0,2096638.3422885512
2023-09-01,2162030.3334455313,2012137.8227375003,2194442.8901995514,2162030.3334455313,2162030.3334455313,0.0,0.0,0.0,0.0,0.0,0.0,0.0,0.0,0.0,0.0,0.0,0.0,0.0,0.0,0.0,0.0,0.0,0.0,0.0,0.0,0.0,0.0,0.0,0.0,0.0,0.0,0.0,0.0,0.0,0.0,0.0,0.0,0.0,-0.02714882894497357,-0.02714882894497357,-0.02714882894497357,-4.983770820731452e-06,-4.983770820731452e-06,-4.983770820731452e-06,-0.02714384517415284,-0.02714384517415284,-0.02714384517415284,0.0,0.0,0.0,2103333.741748974
2023-09-02,2169650.228300145,2020758.902739813,2196951.936586413,2169650.228300145,2169650.228300145,0.0,0.0,0.0,0.0,0.0,0.0,0.0,0.0,0.0,0.0,0.0,0.0,0.0,0.0,0.0,0.0,0.0,0.0,0.0,0.0,0.0,0.0,0.0,0.0,0.0,0.0,0.0,0.0,0.0,0.0,0.0,0.0,0.0,-0.026806205835968277,-0.026806205835968277,-0.026806205835968277,0.0006527986307413618,0.0006527986307413618,0.0006527986307413618,-0.02745900446670964,-0.02745900446670964,-0.02745900446670964,0.0,0.0,0.0,2111490.137688276
2023-09-03,2177270.1231547585,2024823.3227122214,2206105.796164222,2177270.1231547585,2177270.1231547585,0.0,0.0,0.0,0.0,0.0,0.0,0.0,0.0,0.0,0.0,0.0,0.0,0.0,0.0,0.0,0.0,0.0,0.0,0.0,0.0,0.0,0.0,0.0,0.0,0.0,0.0,0.0,0.0,0.0,0.0,0.0,0.0,0.0,-0.026439331597419645,-0.026439331597419645,-0.026439331597419645,0.0012943274964944632,0.0012943274964944632,0.0012943274964944632,-0.02773365909391411,-0.02773365909391411,-0.02773365909391411,0.0,0.0,0.0,2119704.5563915153
2023-09-04,2184890.018009372,2040226.3189433634,2216585.2341370955,2184890.018009372,2184890.018009372,0.0,0.0,0.0,0.0,0.0,0.0,0.0,0.0,0.0,0.0,0.0,0.0,0.0,0.0,0.0,0.0,0.0,0.0,0.0,0.0,0.0,0.0,0.0,0.0,0.0,0.0,0.0,0.0,0.0,0.0,0.0,0.0,0.0,-0.02867398467058665,-0.02867398467058665,-0.02867398467058665,-0.000699339119171671,-0.000699339119171671,-0.000699339119171671,-0.02797464555141498,-0.02797464555141498,-0.02797464555141498,0.0,0.0,0.0,2122240.5151260532
2023-09-05,2192509.9128639856,2041126.559922906,2224082.882938693,2192509.9128639856,2192509.9128639856,0.0,0.0,0.0,0.0,0.0,0.0,0.0,0.0,0.0,0.0,0.0,0.0,0.0,0.0,0.0,0.0,0.0,0.0,0.0,0.0,0.0,0.0,0.0,0.0,0.0,0.0,0.0,0.0,0.0,0.0,0.0,0.0,0.0,-0.029122318721042557,-0.029122318721042557,-0.029122318721042557,-0.0009328826298047205,-0.0009328826298047205,-0.0009328826298047205,-0.028189436091237835,-0.028189436091237835,-0.028189436091237835,0.0,0.0,0.0,2128658.9403825155
2023-09-06,2200129.807718599,2050797.0909332207,2223357.561093514,2200129.807718599,2200129.807718599,0.0,0.0,0.0,0.0,0.0,0.0,0.0,0.0,0.0,0.0,0.0,0.0,0.0,0.0,0.0,0.0,0.0,0.0,0.0,0.0,0.0,0.0,0.0,0.0,0.0,0.0,0.0,0.0,0.0,0.0,0.0,0.0,0.0,-0.028662285745654537,-0.028662285745654537,-0.028662285745654537,-0.000276353296442576,-0.000276353296442576,-0.000276353296442576,-0.028385932449211962,-0.028385932449211962,-0.028385932449211962,0.0,0.0,0.0,2137069.058492237
2023-09-07,2207749.7025732123,2048927.0662443943,2236247.7064491306,2207749.7025732123,2207749.7025732123,0.0,0.0,0.0,0.0,0.0,0.0,0.0,0.0,0.0,0.0,0.0,0.0,0.0,0.0,0.0,0.0,0.0,0.0,0.0,0.0,0.0,0.0,0.0,0.0,0.0,0.0,0.0,0.0,0.0,0.0,0.0,0.0,0.0,-0.028605812182063057,-0.028605812182063057,-0.028605812182063057,-3.3567311000482676e-05,-3.3567311000482676e-05,-3.3567311000482676e-05,-0.028572244871062576,-0.028572244871062576,-0.028572244871062576,0.0,0.0,0.0,2144595.2292363974
2023-09-08,2215369.597427826,2059164.71078326,2231677.57715281,2215369.597427826,2215369.597427826,0.0,0.0,0.0,0.0,0.0,0.0,0.0,0.0,0.0,0.0,0.0,0.0,0.0,0.0,0.0,0.0,0.0,0.0,0.0,0.0,0.0,0.0,0.0,0.0,0.0,0.0,0.0,0.0,0.0,0.0,0.0,0.0,0.0,-0.02876144646960541,-0.02876144646960541,-0.02876144646960541,-4.9837708215234346e-06,-4.9837708215234346e-06,-4.9837708215234346e-06,-0.02875646269878389,-0.02875646269878389,-0.02875646269878389,0.0,0.0,0.0,2151652.3633410144
2023-09-09,2222989.4922824395,2068619.3444708707,2242218.976719895,2222989.4922824395,2222989.4922824395,0.0,0.0,0.0,0.0,0.0,0.0,0.0,0.0,0.0,0.0,0.0,0.0,0.0,0.0,0.0,0.0,0.0,0.0,0.0,0.0,0.0,0.0,0.0,0.0,0.0,0.0,0.0,0.0,0.0,0.0,0.0,0.0,0.0,-0.02829362443152575,-0.02829362443152575,-0.02829362443152575,0.0006527986307428714,0.0006527986307428714,0.0006527986307428714,-0.02894642306226862,-0.02894642306226862,-0.02894642306226862,0.0,0.0,0.0,2160093.062472572
2023-09-10,2230609.3871370535,2076593.507874533,2256189.680277161,2230609.3871370535,2230609.3871370535,0.0,0.0,0.0,0.0,0.0,0.0,0.0,0.0,0.0,0.0,0.0,0.0,0.0,0.0,0.0,0.0,0.0,0.0,0.0,0.0,0.0,0.0,0.0,0.0,0.0,0.0,0.0,0.0,0.0,0.0,0.0,0.0,0.0,-0.027855156819207836,-0.027855156819207836,-0.027855156819207836,0.0012943274964938454,0.0012943274964938454,0.0012943274964938454,-0.02914948431570168,-0.02914948431570168,-0.02914948431570168,0.0,0.0,0.0,2168475.412855954
2023-09-11,2238229.2819916666,2087820.4993933754,2263288.098982907,2238229.2819916666,2238229.2819916666,0.0,0.0,0.0,0.0,0.0,0.0,0.0,0.0,0.0,0.0,0.0,0.0,0.0,0.0,0.0,0.0,0.0,0.0,0.0,0.0,0.0,0.0,0.0,0.0,0.0,0.0,0.0,0.0,0.0,0.0,0.0,0.0,0.0,-0.03007164988000845,-0.03007164988000845,-0.03007164988000845,-0.0006993391191668681,-0.0006993391191668681,-0.0006993391191668681,-0.029372310760841583,-0.029372310760841583,-0.029372310760841583,0.0,0.0,0.0,2170922.0346724307
2023-09-12,2245849.17684628,2095258.1056397571,2268083.5414920887,2245849.17684628,2245849.17684628,0.0,0.0,0.0,0.0,0.0,0.0,0.0,0.0,0.0,0.0,0.0,0.0,0.0,0.0,0.0,0.0,0.0,0.0,0.0,0.0,0.0,0.0,0.0,0.0,0.0,0.0,0.0,0.0,0.0,0.0,0.0,0.0,0.0,-0.030553557541910293,-0.030553557541910293,-0.030553557541910293,-0.0009328826298034572,-0.0009328826298034572,-0.0009328826298034572,-0.029620674912106838,-0.029620674912106838,-0.029620674912106838,0.0,0.0,0.0,2177230.4947910556
2023-09-13,2253469.071700894,2094925.021963131,2272348.1729125343,2253469.071700894,2253469.071700894,0.0,0.0,0.0,0.0,0.0,0.0,0.0,0.0,0.0,0.0,0.0,0.0,0.0,0.0,0.0,0.0,0.0,0.0,0.0,0.0,0.0,0.0,0.0,0.0,0.0,0.0,0.0,0.0,0.0,0.0,0.0,0.0,0.0,-0.0301756363858981,-0.0301756363858981,-0.0301756363858981,-0.0002763532964415933,-0.0002763532964415933,-0.0002763532964415933,-0.029899283089456507,-0.029899283089456507,-0.029899283089456507,0.0,0.0,0.0,2185469.20838638
2023-09-14,2261088.9665555074,2100884.0683105523,2276745.9218481695,2261088.9665555074,2261088.9665555074,0.0,0.0,0.0,0.0,0.0,0.0,0.0,0.0,0.0,0.0,0.0,0.0,0.0,0.0,0.0,0.0,0.0,0.0,0.0,0.0,0.0,0.0,0.0,0.0,0.0,0.0,0.0,0.0,0.0,0.0,0.0,0.0,0.0,-0.030245196798303335,-0.030245196798303335,-0.030245196798303335,-3.3567310999416485e-05,-3.3567310999416485e-05,-3.3567310999416485e-05,-0.03021162948730392,-0.03021162948730392,-0.03021162948730392,0.0,0.0,0.0,2192701.885783564
2023-09-15,2268708.8614101205,2108860.805756966,2279537.7968851128,2268708.8614101205,2268708.8614101205,0.0,0.0,0.0,0.0,0.0,0.0,0.0,0.0,0.0,0.0,0.0,0.0,0.0,0.0,0.0,0.0,0.0,0.0,0.0,0.0,0.0,0.0,0.0,0.0,0.0,0.0,0.0,0.0,0.0,0.0,0.0,0.0,0.0,-0.03056486685019064,-0.03056486685019064,-0.03056486685019064,-4.983770820855268e-06,-4.983770820855268e-06,-4.983770820855268e-06,-0.030559883079369785,-0.030559883079369785,-0.030559883079369785,0.0,0.0,0.0,2199366.0771392724
2023-09-16,2276328.7562647345,2118345.7353511704,2289360.0583311548,2276328.7562647345,2276328.7562647345,0.0,0.0,0.0,0.0,0.0,0.0,0.0,0.0,0.0,0.0,0.0,0.0,0.0,0.0,0.0,0.0,0.0,0.0,0.0,0.0,0.0,0.0,0.0,0.0,0.0,0.0,0.0,0.0,0.0,0.0,0.0,0.0,0.0,-0.030292012171959377,-0.030292012171959377,-0.030292012171959377,0.0006527986307390714,0.0006527986307390714,0.0006527986307390714,-0.03094481080269845,-0.03094481080269845,-0.03094481080269845,0.0,0.0,0.0,2207374.177872582
2023-09-17,2283948.651119348,2123629.293045911,2300141.087232123,2283948.651119348,2283948.651119348,0.0,0.0,0.0,0.0,0.0,0.0,0.0,0.0,0.0,0.0,0.0,0.0,0.0,0.0,0.0,0.0,0.0,0.0,0.0,0.0,0.0,0.0,0.0,0.0,0.0,0.0,0.0,0.0,0.0,0.0,0.0,0.0,0.0,-0.030071411948869857,-0.030071411948869857,-0.030071411948869857,0.0012943274964932277,0.0012943274964932277,0.0012943274964932277,-0.03136573944536308,-0.03136573944536308,-0.03136573944536308,0.0,0.0,0.0,2215267.0903614727
2023-09-18,2291568.5459739617,2119579.3387936326,2302470.399531909,2291568.5459739617,2291568.5459739617,0.0,0.0,0.0,0.0,0.0,0.0,0.0,0.0,0.0,0.0,0.0,0.0,0.0,0.0,0.0,0.0,0.0,0.0,0.0,0.0,0.0,0.0,0.0,0.0,0.0,0.0,0.0,0.0,0.0,0.0,0.0,0.0,0.0,-0.03251989668983948,-0.03251989668983948,-0.03251989668983948,-0.0006993391191673457,-0.0006993391191673457,-0.0006993391191673457,-0.031820557570672134,-0.031820557570672134,-0.031820557570672134,0.0,0.0,0.0,2217046.973601203
2023-09-19,2299188.440828575,2128696.457585531,2306503.0593501683,2299188.440828575,2299188.440828575,0.0,0.0,0.0,0.0,0.0,0.0,0.0,0.0,0.0,0.0,0.0,0.0,0.0,0.0,0.0,0.0,0.0,0.0,0.0,0.0,0.0,0.0,0.0,0.0,0.0,0.0,0.0,0.0,0.0,0.0,0.0,0.0,0.0,-0.033238640307190176,-0.033238640307190176,-0.033238640307190176,-0.000932882629804607,-0.000932882629804607,-0.000932882629804607,-0.03230575767738557,-0.03230575767738557,-0.03230575767738557,0.0,0.0,0.0,2222766.5432454245
2023-09-20,2306808.3356831884,2142661.119934348,2311940.309264517,2306808.3356831884,2306808.3356831884,0.0,0.0,0.0,0.0,0.0,0.0,0.0,0.0,0.0,0.0,0.0,0.0,0.0,0.0,0.0,0.0,0.0,0.0,0.0,0.0,0.0,0.0,0.0,0.0,0.0,0.0,0.0,0.0,0.0,0.0,0.0,0.0,0.0,-0.033092870949353224,-0.033092870949353224,-0.033092870949353224,-0.0002763532964422282,-0.0002763532964422282,-0.0002763532964422282,-0.032816517652911,-0.032816517652911,-0.032816517652911,0.0,0.0,0.0,2230469.4251255323
2023-09-21,2314428.230537802,2146765.5544002946,2325315.400961199,2314428.230537802,2314428.230537802,0.0,0.0,0.0,0.0,0.0,0.0,0.0,0.0,0.0,0.0,0.0,0.0,0.0,0.0,0.0,0.0,0.0,0.0,0.0,0.0,0.0,0.0,0.0,0.0,0.0,0.0,0.0,0.0,0.0,0.0,0.0,0.0,0.0,-0.03338038676866421,-0.03338038676866421,-0.03338038676866421,-3.3567311000058455e-05,-3.3567311000058455e-05,-3.3567311000058455e-05,-0.03334681945766414,-0.03334681945766414,-0.03334681945766414,0.0,0.0,0.0,2237171.721054135
2023-09-22,2322048.1253924156,2158548.6010242873,2328417.317067827,2322048.1253924156,2322048.1253924156,0.0,0.0,0.0,0.0,0.0,0.0,0.0,0.0,0.0,0.0,0.0,0.0,0.0,0.0,0.0,0.0,0.0,0.0,0.0,0.0,0.0,0.0,0.0,0.0,0.0,0.0,0.0,0.0,0.0,0.0,0.0,0.0,0.0,-0.033894585686604944,-0.033894585686604944,-0.033894585686604944,-4.983770822036533e-06,-4.983770822036533e-06,-4.983770822036533e-06,-0.03388960191578291,-0.03388960191578291,-0.03388960191578291,0.0,0.0,0.0,2243343.266237882
2023-09-23,2329668.020247029,2160451.2170014875,2338364.3706213445,2329668.020247029,2329668.020247029,0.0,0.0,0.0,0.0,0.0,0.0,0.0,0.0,0.0,0.0,0.0,0.0,0.0,0.0,0.0,0.0,0.0,0.0,0.0,0.0,0.0,0.0,0.0,0.0,0.0,0.0,0.0,0.0,0.0,0.0,0.0,0.0,0.0,-0.033784144880029905,-0.033784144880029905,-0.033784144880029905,0.0006527986307405811,0.0006527986307405811,0.0006527986307405811,-0.034436943510770486,-0.034436943510770486,-0.034436943510770486,0.0,0.0,0.0,2250962.178328631
2023-09-24,2343830.04785766,2180399.263289637,2355357.1213115067,2343830.04785766,2343830.04785766,0.0,0.0,0.0,0.0,0.0,0.0,0.0,0.0,0.0,0.0,0.0,0.0,0.0,0.0,0.0,0.0,0.0,0.0,0.0,0.0,0.0,0.0,0.0,0.0,0.0,0.0,0.0,0.0,0.0,0.0,0.0,0.0,0.0,-0.03368594272608552,-0.03368594272608552,-0.03368594272608552,0.00129432749649261,0.00129432749649261,0.00129432749649261,-0.03498027022257813,-0.03498027022257813,-0.03498027022257813,0.0,0.0,0.0,2264875.9231058485
2023-09-25,2357992.0754682906,2188652.8971953867,2365613.179557801,2357992.0754682906,2357992.0754682906,0.0,0.0,0.0,0.0,0.0,0.0,0.0,0.0,0.0,0.0,0.0,0.0,0.0,0.0,0.0,0.0,0.0,0.0,0.0,0.0,0.0,0.0,0.0,0.0,0.0,0.0,0.0,0.0,0.0,0.0,0.0,0.0,0.0,-0.03620992183899541,-0.03620992183899541,-0.03620992183899541,-0.0006993391191689365,-0.0006993391191689365,-0.0006993391191689365,-0.035510582719826475,-0.035510582719826475,-0.035510582719826475,0.0,0.0,0.0,2272609.366718613
2023-09-26,2372154.1030789213,2195607.461901614,2368007.581106463,2372154.1030789213,2372154.1030789213,0.0,0.0,0.0,0.0,0.0,0.0,0.0,0.0,0.0,0.0,0.0,0.0,0.0,0.0,0.0,0.0,0.0,0.0,0.0,0.0,0.0,0.0,0.0,0.0,0.0,0.0,0.0,0.0,0.0,0.0,0.0,0.0,0.0,-0.036951579288145166,-0.036951579288145166,-0.036951579288145166,-0.0009328826298033435,-0.0009328826298033435,-0.0009328826298033435,-0.03601869665834182,-0.03601869665834182,-0.03601869665834182,0.0,0.0,0.0,2284499.2626553015
2023-09-27,2386316.1306895525,2209470.5466238693,2394809.796810562,2386316.1306895525,2386316.1306895525,0.0,0.0,0.0,0.0,0.0,0.0,0.0,0.0,0.0,0.0,0.0,0.0,0.0,0.0,0.0,0.0,0.0,0.0,0.0,0.0,0.0,0.0,0.0,0.0,0.0,0.0,0.0,0.0,0.0,0.0,0.0,0.0,0.0,-0.036771842747271515,-0.036771842747271515,-0.036771842747271515,-0.0002763532964446296,-0.0002763532964446296,-0.0002763532964446296,-0.03649548945082689,-0.03649548945082689,-0.03649548945082689,0.0,0.0,0.0,2298566.889186559
2023-09-28,2400478.1583001832,2218295.8276265254,2399641.0165629205,2400478.1583001832,2400478.1583001832,0.0,0.0,0.0,0.0,0.0,0.0,0.0,0.0,0.0,0.0,0.0,0.0,0.0,0.0,0.0,0.0,0.0,0.0,0.0,0.0,0.0,0.0,0.0,0.0,0.0,0.0,0.0,0.0,0.0,0.0,0.0,0.0,0.0,-0.03696571398490297,-0.03696571398490297,-0.03696571398490297,-3.3567311000700425e-05,-3.3567311000700425e-05,-3.3567311000700425e-05,-0.036932146673902266,-0.036932146673902266,-0.036932146673902266,0.0,0.0,0.0,2311742.769273452
2023-09-29,2414640.185910814,2237849.6316251983,2414838.8409497887,2414640.185910814,2414640.185910814,0.0,0.0,0.0,0.0,0.0,0.0,0.0,0.0,0.0,0.0,0.0,0.0,0.0,0.0,0.0,0.0,0.0,0.0,0.0,0.0,0.0,0.0,0.0,0.0,0.0,0.0,0.0,0.0,0.0,0.0,0.0,0.0,0.0,-0.03732538504417143,-0.03732538504417143,-0.03732538504417143,-4.983770819907784e-06,-4.983770819907784e-06,-4.983770819907784e-06,-0.037320401273351525,-0.037320401273351525,-0.037320401273351525,0.0,0.0,0.0,2324512.811228563
2023-09-30,2428802.2135214456,2253826.945972909,2420424.678874821,2428802.2135214456,2428802.2135214456,0.0,0.0,0.0,0.0,0.0,0.0,0.0,0.0,0.0,0.0,0.0,0.0,0.0,0.0,0.0,0.0,0.0,0.0,0.0,0.0,0.0,0.0,0.0,0.0,0.0,0.0,0.0,0.0,0.0,0.0,0.0,0.0,0.0,-0.03699996028587828,-0.03699996028587828,-0.03699996028587828,0.0006527986307402437,0.0006527986307402437,0.0006527986307402437,-0.03765275891661852,-0.03765275891661852,-0.03765275891661852,0.0,0.0,0.0,2338936.628078899
2023-10-01,2442964.2411320764,2269417.9106703,2439292.7261833563,2442964.2411320764,2442964.2411320764,0.0,0.0,0.0,0.0,0.0,0.0,0.0,0.0,0.0,0.0,0.0,0.0,0.0,0.0,0.0,0.0,0.0,0.0,0.0,0.0,0.0,0.0,0.0,0.0,0.0,0.0,0.0,0.0,0.0,0.0,0.0,0.0,0.0,-0.0366283757215822,-0.0366283757215822,-0.0366283757215822,0.0012943274964917887,0.0012943274964917887,0.0012943274964917887,-0.03792270321807399,-0.03792270321807399,-0.03792270321807399,0.0,0.0,0.0,2353482.4290335006
2023-10-02,2457126.268742707,2272319.6050288924,2451641.1608337457,2457126.268742707,2457126.268742707,0.0,0.0,0.0,0.0,0.0,0.0,0.0,0.0,0.0,0.0,0.0,0.0,0.0,0.0,0.0,0.0,0.0,0.0,0.0,0.0,0.0,0.0,0.0,0.0,0.0,0.0,0.0,0.0,0.0,0.0,0.0,0.0,0.0,-0.03882421423572441,-0.03882421423572441,-0.03882421423572441,-0.0006993391191699708,-0.0006993391191699708,-0.0006993391191699708,-0.038124875116554435,-0.038124875116554435,-0.038124875116554435,0.0,0.0,0.0,2361730.272080814
2023-10-03,2471288.296353338,2286086.0074857636,2471626.179569682,2471288.296353338,2471288.296353338,0.0,0.0,0.0,0.0,0.0,0.0,0.0,0.0,0.0,0.0,0.0,0.0,0.0,0.0,0.0,0.0,0.0,0.0,0.0,0.0,0.0,0.0,0.0,0.0,0.0,0.0,0.0,0.0,0.0,0.0,0.0,0.0,0.0,-0.0391881040303358,-0.0391881040303358,-0.0391881040303358,-0.0009328826298020802,-0.0009328826298020802,-0.0009328826298020802,-0.03825522140053372,-0.03825522140053372,-0.03825522140053372,0.0,0.0,0.0,2374443.193506892
2023-10-04,2485450.323963969,2299794.1719813407,2482940.8000739925,2485450.323963969,2485450.323963969,0.0,0.0,0.0,0.0,0.0,0.0,0.0,0.0,0.0,0.0,0.0,0.0,0.0,0.0,0.0,0.0,0.0,0.0,0.0,0.0,0.0,0.0,0.0,0.0,0.0,0.0,0.0,0.0,0.0,0.0,0.0,0.0,0.0,-0.0385874615297565,-0.0385874615297565,-0.0385874615297565,-0.0002763532964452645,-0.0002763532964452645,-0.0002763532964452645,-0.038311108233311235,-0.038311108233311235,-0.038311108233311235,0.0,0.0,0.0,2389543.105203889
2023-10-05,2499612.3515745997,2313318.937991058,2487107.6949439724,2499612.3515745997,2499612.3515745997,0.0,0.0,0.0,0.0,0.0,0.0,0.0,0.0,0.0,0.0,0.0,0.0,0.0,0.0,0.0,0.0,0.0,0.0,0.0,0.0,0.0,0.0,0.0,0.0,0.0,0.0,0.0,0.0,0.0,0.0,0.0,0.0,0.0,-0.03832496381576648,-0.03832496381576648,-0.03832496381576648,-3.3567311001342394e-05,-3.3567311001342394e-05,-3.3567311001342394e-05,-0.03829139650476514,-0.03829139650476514,-0.03829139650476514,0.0,0.0,0.0,2403814.7986470605
2023-10-06,2513774.3791852305,2326238.028119872,2505179.846853612,2513774.3791852305,2513774.3791852305,0.0,0.0,0.0,0.0,0.0,0.0,0.0,0.0,0.0,0.0,0.0,0.0,0.0,0.0,0.0,0.0,0.0,0.0,0.0,0.0,0.0,0.0,0.0,0.0,0.0,0.0,0.0,0.0,0.0,0.0,0.0,0.0,0.0,-0.038201460670260166,-0.038201460670260166,-0.038201460670260166,-4.983770820699929e-06,-4.983770820699929e-06,-4.983770820699929e-06,-0.03819647689943946,-0.03819647689943946,-0.03819647689943946,0.0,0.0,0.0,2417744.526104878
2023-10-07,2527936.406795861,2344105.3619303303,2524154.207800867,2527936.406795861,2527936.406795861,0.0,0.0,0.0,0.0,0.0,0.0,0.0,0.0,0.0,0.0,0.0,0.0,0.0,0.0,0.0,0.0,0.0,0.0,0.0,0.0,0.0,0.0,0.0,0.0,0.0,0.0,0.0,0.0,0.0,0.0,0.0,0.0,0.0,-0.037375465062173006,-0.037375465062173006,-0.037375465062173006,0.0006527986307417534,0.0006527986307417534,0.0006527986307417534,-0.03802826369291476,-0.03802826369291476,-0.03802826369291476,0.0,0.0,0.0,2433453.6079442673
2023-10-08,2542098.4344064924,2357786.370044347,2534005.039972186,2542098.4344064924,2542098.4344064924,0.0,0.0,0.0,0.0,0.0,0.0,0.0,0.0,0.0,0.0,0.0,0.0,0.0,0.0,0.0,0.0,0.0,0.0,0.0,0.0,0.0,0.0,0.0,0.0,0.0,0.0,0.0,0.0,0.0,0.0,0.0,0.0,0.0,-0.036495819941095485,-0.036495819941095485,-0.036495819941095485,0.0012943274964948284,0.0012943274964948284,0.0012943274964948284,-0.037790147437590314,-0.037790147437590314,-0.037790147437590314,0.0,0.0,0.0,2449322.467671852
2023-10-09,2556260.462017123,2372038.4548409083,2553762.733476955,2556260.462017123,2556260.462017123,0.0,0.0,0.0,0.0,0.0,0.0,0.0,0.0,0.0,0.0,0.0,0.0,0.0,0.0,0.0,0.0,0.0,0.0,0.0,0.0,0.0,0.0,0.0,0.0,0.0,0.0,0.0,0.0,0.0,0.0,0.0,0.0,0.0,-0.03818624696175868,-0.03818624696175868,-0.03818624696175868,-0.0006993391191646111,-0.0006993391191646111,-0.0006993391191646111,-0.037486907842594064,-0.037486907842594064,-0.037486907842594064,0.0,0.0,0.0,2458646.468715958
2023-10-10,2570422.489627754,2387786.492903361,2559776.2393846014,2570422.489627754,2570422.489627754,0.0,0.0,0.0,0.0,0.0,0.0,0.0,0.0,0.0,0.0,0.0,0.0,0.0,0.0,0.0,0.0,0.0,0.0,0.0,0.0,0.0,0.0,0.0,0.0,0.0,0.0,0.0,0.0,0.0,0.0,0.0,0.0,0.0,-0.03805747188785199,-0.03805747188785199,-0.03805747188785199,-0.00093288262980323,-0.00093288262980323,-0.00093288262980323,-0.037124589258048755,-0.037124589258048755,-0.037124589258048755,0.0,0.0,0.0,2472598.707988843
2023-10-11,2584584.5172383846,2401236.5317937564,2577419.513033233,2584584.5172383846,2584584.5172383846,0.0,0.0,0.0,0.0,0.0,0.0,0.0,0.0,0.0,0.0,0.0,0.0,0.0,0.0,0.0,0.0,0.0,0.0,0.0,0.0,0.0,0.0,0.0,0.0,0.0,0.0,0.0,0.0,0.0,0.0,0.0,0.0,0.0,-0.036986695506637864,-0.036986695506637864,-0.036986695506637864,-0.00027635329644266427,-0.00027635329644266427,-0.00027635329644266427,-0.0367103422101952,-0.0367103422101952,-0.0367103422101952,0.0,0.0,0.0,2488989.2766881175
2023-10-12,2598746.544849016,2399762.3104903116,2577397.8751898147,2598746.544849016,2598746.544849016,0.0,0.0,0.0,0.0,0.0,0.0,0.0,0.0,0.0,0.0,0.0,0.0,0.0,0.0,0.0,0.0,0.0,0.0,0.0,0.0,0.0,0.0,0.0,0.0,-0.0054534714,-0.0054534714,-0.0054534714,0.0,0.0,0.0,-0.0054534714,-0.0054534714,-0.0054534714,-0.04173927408255616,-0.04173927408255616,-0.04173927408255616,-3.3567311000276204e-05,-3.3567311000276204e-05,-3.3567311000276204e-05,-0.036252235371555884,-0.036252235371555884,-0.036252235371555884,0.0,0.0,0.0,2490276.750542467
2023-10-13,2612908.5724596465,2429529.986379573,2608710.6517944033,2612908.5724596465,2612908.5724596465,0.0,0.0,0.0,0.0,0.0,0.0,0.0,0.0,0.0,0.0,0.0,0.0,0.0,0.0,0.0,0.0,0.0,0.0,0.0,0.0,0.0,0.0,0.0,0.0,0.0,0.0,0.0,0.0,0.0,0.0,0.0,0.0,0.0,-0.035764026934024,-0.035764026934024,-0.035764026934024,-4.983770821881113e-06,-4.983770821881113e-06,-4.983770821881113e-06,-0.035759043163202116,-0.035759043163202116,-0.035759043163202116,0.0,0.0,0.0,2519460.4398980574
2023-10-14,2627070.600070277,2447378.775279133,2627914.830799283,2627070.600070277,2627070.600070277,0.0,0.0,0.0,0.0,0.0,0.0,0.0,0.0,0.0,0.0,0.0,0.0,0.0,0.0,0.0,0.0,0.0,0.0,0.0,0.0,0.0,0.0,0.0,0.0,0.0,0.0,0.0,0.0,0.0,0.0,0.0,0.0,0.0,-0.03458721622069929,-0.03458721622069929,-0.03458721622069929,0.000652798630743263,0.000652798630743263,0.000652798630743263,-0.035240014851442555,-0.035240014851442555,-0.035240014851442555,0.0,0.0,0.0,2536207.5411986043
2023-10-15,2641232.627680908,2467247.6342430115,2646086.9181634434,2641232.627680908,2641232.627680908,0.0,0.0,0.0,0.0,0.0,0.0,0.0,0.0,0.0,0.0,0.0,0.0,0.0,0.0,0.0,0.0,0.0,0.0,0.0,0.0,0.0,0.0,0.0,0.0,0.0,0.0,0.0,0.0,0.0,0.0,0.0,0.0,0.0,-0.03341030400399629,-0.03341030400399629,-0.03341030400399629,0.0012943274964940072,0.0012943274964940072,0.0012943274964940072,-0.034704631500490295,-0.034704631500490295,-0.034704631500490295,0.0,0.0,0.0,2552988.242644815
2023-10-16,2655394.655291538,2466008.470170919,2650048.187520418,2655394.655291538,2655394.655291538,0.0,0.0,0.0,0.0,0.0,0.0,0.0,0.0,0.0,0.0,0.0,0.0,0.0,0.0,0.0,0.0,0.0,0.0,0.0,0.0,0.0,0.0,0.0,0.0,0.0,0.0,0.0,0.0,0.0,0.0,0.0,0.0,0.0,-0.03486169658135546,-0.03486169658135546,-0.03486169658135546,-0.0006993391191656453,-0.0006993391191656453,-0.0006993391191656453,-0.03416235746218982,-0.03416235746218982,-0.03416235746218982,0.0,0.0,0.0,2562823.0925150113
2023-10-17,2669556.6829021694,2488042.504835188,2670319.5501695178,2669556.6829021694,2669556.6829021694,0.0,0.0,0.0,0.0,0.0,0.0,0.0,0.0,0.0,0.0,0.0,0.0,0.0,0.0,0.0,0.0,0.0,0.0,0.0,0.0,0.0,0.0,0.0,0.0,0.0,0.0,0.0,0.0,0.0,0.0,0.0,0.0,0.0,-0.034555275845046945,-0.034555275845046945,-0.034555275845046945,-0.0009328826298019664,-0.0009328826298019664,-0.0009328826298019664,-0.033622393215244975,-0.033622393215244975,-0.033622393215244975,0.0,0.0,0.0,2577309.4153404967
2023-10-18,2683718.7105128,2507235.3116645715,2678673.303406437,2683718.7105128,2683718.7105128,0.0,0.0,0.0,0.0,0.0,0.0,0.0,0.0,0.0,0.0,0.0,0.0,0.0,0.0,0.0,0.0,0.0,0.0,0.0,0.0,0.0,0.0,0.0,0.0,0.0,0.0,0.0,0.0,0.0,0.0,0.0,0.0,0.0,-0.03336978960291443,-0.03336978960291443,-0.03336978960291443,-0.0002763532964432992,-0.0002763532964432992,-0.0002763532964432992,-0.03309343630647114,-0.03309343630647114,-0.03309343630647114,0.0,0.0,0.0,2594163.581789583
2023-10-19,2697880.738123431,2523119.3506687763,2697248.457078716,2697880.738123431,2697880.738123431,0.0,0.0,0.0,0.0,0.0,0.0,0.0,0.0,0.0,0.0,0.0,0.0,0.0,0.0,0.0,0.0,0.0,0.0,0.0,0.0,0.0,0.0,0.0,0.0,0.0,0.0,0.0,0.0,0.0,0.0,0.0,0.0,0.0,-0.03261702420865204,-0.03261702420865204,-0.03261702420865204,-3.356731100123228e-05,-3.356731100123228e-05,-3.356731100123228e-05,-0.032583456897650805,-0.032583456897650805,-0.032583456897650805,0.0,0.0,0.0,2609883.896776003
2023-10-20,2712042.7657340616,2543703.5779312123,2714807.293075807,2712042.7657340616,2712042.7657340616,0.0,0.0,0.0,0.0,0.0,0.0,0.0,0.0,0.0,0.0,0.0,0.0,0.0,0.0,0.0,0.0,0.0,0.0,0.0,0.0,0.0,0.0,0.0,0.0,0.0,0.0,0.0,0.0,0.0,0.0,0.0,0.0,0.0,-0.03210447776248712,-0.03210447776248712,-0.03210447776248712,-4.983770822673394e-06,-4.983770822673394e-06,-4.983770822673394e-06,-0.03209949399166445,-0.03209949399166445,-0.03209949399166445,0.0,0.0,0.0,2624974.049070638
2023-10-21,2726204.793344693,2553405.9579030904,2729880.9584609107,2726204.793344693,2726204.793344693,0.0,0.0,0.0,0.0,0.0,0.0,0.0,0.0,0.0,0.0,0.0,0.0,0.0,0.0,0.0,0.0,0.0,0.0,0.0,0.0,0.0,0.0,0.0,0.0,0.0,0.0,0.0,0.0,0.0,0.0,0.0,0.0,0.0,-0.030994679182375043,-0.030994679182375043,-0.030994679182375043,0.0006527986307429258,0.0006527986307429258,0.0006527986307429258,-0.03164747781311797,-0.03164747781311797,-0.03164747781311797,0.0,0.0,0.0,2641706.9503895207
2023-10-22,2740366.820955323,2567952.3792909808,2746254.6804206115,2740366.820955323,2740366.820955323,0.0,0.0,0.0,0.0,0.0,0.0,0.0,0.0,0.0,0.0,0.0,0.0,0.0,0.0,0.0,0.0,0.0,0.0,0.0,0.0,0.0,0.0,0.0,0.0,0.0,0.0,0.0,0.0,0.0,0.0,0.0,0.0,0.0,-0.029937755573293836,-0.029937755573293836,-0.029937755573293836,0.0012943274964935926,0.0012943274964935926,0.0012943274964935926,-0.031232083069787427,-0.031232083069787427,-0.031232083069787427,0.0,0.0,0.0,2658326.388888398
2023-10-23,2754528.8487535208,2585003.267294653,2762201.706593218,2754528.8487535208,2754528.8487535208,0.0,0.0,0.0,0.0,0.0,0.0,0.0,0.0,0.0,0.0,0.0,0.0,0.0,0.0,0.0,0.0,0.0,0.0,0.0,0.0,0.0,0.0,0.0,0.0,0.0,0.0,0.0,0.0,0.0,0.0,0.0,0.0,0.0,-0.031555956062553826,-0.031555956062553826,-0.031555956062553826,-0.0006993391191666797,-0.0006993391191666797,-0.0006993391191666797,-0.030856616943387146,-0.030856616943387146,-0.030856616943387146,0.0,0.0,0.0,2667607.0574292177
2023-10-24,2768690.876551719,2595442.7649787553,2774147.5005351687,2768690.876551719,2768690.876551719,0.0,0.0,0.0,0.0,0.0,0.0,0.0,0.0,0.0,0.0,0.0,0.0,0.0,0.0,0.0,0.0,0.0,0.0,0.0,0.0,0.0,0.0,0.0,0.0,0.0,0.0,0.0,0.0,0.0,0.0,0.0,0.0,0.0,-0.031455827306860897,-0.031455827306860897,-0.031455827306860897,-0.0009328826298037352,-0.0009328826298037352,-0.0009328826298037352,-0.03052294467705716,-0.03052294467705716,-0.03052294467705716,0.0,0.0,0.0,2681599.4144728268
2023-10-25,2782852.904349917,2604611.812355695,2783473.104529692,2782852.904349917,2782852.904349917,0.0,0.0,0.0,0.0,0.0,0.0,0.0,0.0,0.0,0.0,0.0,0.0,0.0,0.0,0.0,0.0,0.0,0.0,0.0,0.0,0.0,0.0,0.0,0.0,0.0,0.0,0.0,0.0,0.0,0.0,0.0,0.0,0.0,-0.03050780786718616,-0.03050780786718616,-0.03050780786718616,-0.0002763532964439339,-0.0002763532964439339,-0.0002763532964439339,-0.030231454570742226,-0.030231454570742226,-0.030231454570742226,0.0,0.0,0.0,2697954.1626213687
2023-10-26,2797014.932148115,2629039.7501313253,2803066.943366526,2797014.932148115,2797014.932148115,0.0,0.0,0.0,0.0,0.0,0.0,0.0,0.0,0.0,0.0,0.0,0.0,0.0,0.0,0.0,0.0,0.0,0.0,0.0,0.0,0.0,0.0,0.0,0.0,0.0,0.0,0.0,0.0,0.0,0.0,0.0,0.0,0.0,-0.030014630405605876,-0.030014630405605876,-0.030014630405605876,-3.356731100016608e-05,-3.356731100016608e-05,-3.356731100016608e-05,-0.02998106309460571,-0.02998106309460571,-0.02998106309460571,0.0,0.0,0.0,2713063.562720728
2023-10-27,2811176.959946313,2638319.986942614,2817765.6726357252,2811176.959946313,2811176.959946313,0.0,0.0,0.0,0.0,0.0,0.0,0.0,0.0,0.0,0.0,0.0,0.0,0.0,0.0,0.0,0.0,0.0,0.0,0.0,0.0,0.0,0.0,0.0,0.0,0.0,0.0,0.0,0.0,0.0,0.0,0.0,0.0,0.0,-0.029774243487053872,-0.029774243487053872,-0.029774243487053872,-4.983770822005146e-06,-4.983770822005146e-06,-4.983770822005146e-06,-0.029769259716231865,-0.029769259716231865,-0.029769259716231865,0.0,0.0,0.0,2727476.2926556757
2023-10-28,2825338.987744511,2659817.9634578465,2833573.9222219535,2825338.987744511,2825338.987744511,0.0,0.0,0.0,0.0,0.0,0.0,0.0,0.0,0.0,0.0,0.0,0.0,0.0,0.0,0.0,0.0,0.0,0.0,0.0,0.0,0.0,0.0,0.0,0.0,0.0,0.0,0.0,0.0,0.0,0.0,0.0,0.0,0.0,-0.028939391310447562,-0.028939391310447562,-0.028939391310447562,0.0006527986307444354,0.0006527986307444354,0.0006527986307444354,-0.029592189941191997,-0.029592189941191997,-0.029592189941191997,0.0,0.0,0.0,2743575.397193509
2023-10-29,2839501.0155427093,2674625.566170579,2845071.167865377,2839501.0155427093,2839501.0155427093,0.0,0.0,0.0,0.0,0.0,0.0,0.0,0.0,0.0,0.0,0.0,0.0,0.0,0.0,0.0,0.0,0.0,0.0,0.0,0.0,0.0,0.0,0.0,0.0,0.0,0.0,0.0,0.0,0.0,0.0,0.0,0.0,0.0,-0.02815044652304054,-0.02815044652304054,-0.02815044652304054,0.0012943274964927714,0.0012943274964927714,0.0012943274964927714,-0.029444774019533312,-0.029444774019533312,-0.029444774019533312,0.0,0.0,0.0,2759567.7940525548
2023-10-30,2853663.043340906,2678999.418304404,2855966.0188439065,2853663.043340906,2853663.043340906,0.0,0.0,0.0,0.0,0.0,0.0,0.0,0.0,0.0,0.0,0.0,0.0,0.0,0.0,0.0,0.0,0.0,0.0,0.0,0.0,0.0,0.0,0.0,0.0,0.0,0.0,0.0,0.0,0.0,0.0,0.0,0.0,0.0,-0.030020196921480044,-0.030020196921480044,-0.030020196921480044,-0.0006993391191677138,-0.0006993391191677138,-0.0006993391191677138,-0.02932085780231233,-0.02932085780231233,-0.02932085780231233,0.0,0.0,0.0,2767995.516832262
2023-10-31,2867825.071139104,2697706.8918237393,2876862.4240564597,2867825.071139104,2867825.071139104,0.0,0.0,0.0,0.0,0.0,0.0,0.0,0.0,0.0,0.0,0.0,0.0,0.0,0.0,0.0,0.0,0.0,0.0,0.0,0.0,0.0,0.0,0.0,0.0,0.0,0.0,0.0,0.0,0.0,0.0,0.0,0.0,0.0,-0.030146273999095936,-0.030146273999095936,-0.030146273999095936,-0.0009328826298024719,-0.0009328826298024719,-0.0009328826298024719,-0.029213391369293462,-0.029213391369293462,-0.029213391369293462,0.0,0.0,0.0,2781370.830763068
2023-11-01,2881987.098937302,2659128.000810866,2833456.659170139,2881987.098937302,2881987.098937302,-0.018855002,-0.018855002,-0.018855002,0.0,0.0,0.0,0.0,0.0,0.0,0.0,0.0,0.0,0.0,0.0,0.0,0.0,0.0,0.0,0.0,0.0,0.0,0.0,0.0,0.0,0.0,0.0,0.0,0.0,0.0,0.0,-0.018855002,-0.018855002,-0.018855002,-0.048245985611642186,-0.048245985611642186,-0.048245985611642186,-0.00027635329644133374,-0.00027635329644133374,-0.00027635329644133374,-0.029114630315200857,-0.029114630315200857,-0.029114630315200857,0.0,0.0,0.0,2742942.7908290345
2023-11-02,2896149.1267355,2727352.2691860236,2895017.7023893003,2896149.1267355,2896149.1267355,0.0,0.0,0.0,0.0,0.0,0.0,0.0,0.0,0.0,0.0,0.0,0.0,0.0,0.0,0.0,0.0,0.0,0.0,0.0,0.0,0.0,0.0,0.0,0.0,0.0,0.0,0.0,0.0,0.0,0.0,0.0,0.0,0.0,-0.029049921308333917,-0.029049921308333917,-0.029049921308333917,-3.356731100251622e-05,-3.356731100251622e-05,-3.356731100251622e-05,-0.0290163539973314,-0.0290163539973314,-0.0290163539973314,0.0,0.0,0.0,2812016.2225066335
2023-11-03,2910311.154533698,2733565.1478243116,2915609.010017301,2910311.154533698,2910311.154533698,0.0,0.0,0.0,0.0,0.0,0.0,0.0,0.0,0.0,0.0,0.0,0.0,0.0,0.0,0.0,0.0,0.0,0.0,0.0,0.0,0.0,0.0,0.0,0.0,0.0,0.0,0.0,0.0,0.0,0.0,0.0,0.0,0.0,-0.028915078398245846,-0.028915078398245846,-0.028915078398245846,-4.9837708213368705e-06,-4.9837708213368705e-06,-4.9837708213368705e-06,-0.02891009462742451,-0.02891009462742451,-0.02891009462742451,0.0,0.0,0.0,2826159.279337067
2023-11-04,2924473.1823318964,2750795.9474894446,2929957.6212841473,2924473.1823318964,2924473.1823318964,0.0,0.0,0.0,0.0,0.0,0.0,0.0,0.0,0.0,0.0,0.0,0.0,0.0,0.0,0.0,0.0,0.0,0.0,0.0,0.0,0.0,0.0,0.0,0.0,0.0,0.0,0.0,0.0,0.0,0.0,0.0,0.0,0.0,-0.028134572215434424,-0.028134572215434424,-0.028134572215434424,0.0006527986307406355,0.0006527986307406355,0.0006527986307406355,-0.02878737084617506,-0.02878737084617506,-0.02878737084617506,0.0,0.0,0.0,2842194.380391478
2023-11-05,2938635.210130094,2772675.8406376154,2946308.517361199,2938635.210130094,2938635.210130094,0.0,0.0,0.0,0.0,0.0,0.0,0.0,0.0,0.0,0.0,0.0,0.0,0.0,0.0,0.0,0.0,0.0,0.0,0.0,0.0,0.0,0.0,0.0,0.0,0.0,0.0,0.0,0.0,0.0,0.0,0.0,0.0,0.0,-0.02734559185870392,-0.02734559185870392,-0.02734559185870392,0.001294327496496015,0.001294327496496015,0.001294327496496015,-0.028639919355199935,-0.028639919355199935,-0.028639919355199935,0.0,0.0,0.0,2858276.49105226
2023-11-06,2952797.2379282922,2785443.4946636804,2951755.782152229,2952797.2379282922,2952797.2379282922,0.0,0.0,0.0,0.0,0.0,0.0,0.0,0.0,0.0,0.0,0.0,0.0,0.0,0.0,0.0,0.0,0.0,0.0,0.0,0.0,0.0,0.0,0.0,0.0,0.0,0.0,0.0,0.0,0.0,0.0,0.0,0.0,0.0,-0.029159257418204396,-0.029159257418204396,-0.029159257418204396,-0.0006993391191693047,-0.0006993391191693047,-0.0006993391191693047,-0.02845991829903509,-0.02845991829903509,-0.02845991829903509,0.0,0.0,0.0,2866695.8631637786
2023-11-07,2966959.2657264904,2794433.728385275,2970615.5646766266,2966959.2657264904,2966959.2657264904,0.0,0.0,0.0,0.0,0.0,0.0,0.0,0.0,0.0,0.0,0.0,0.0,0.0,0.0,0.0,0.0,0.0,0.0,0.0,0.0,0.0,0.0,0.0,0.0,0.0,0.0,0.0,0.0,0.0,0.0,0.0,0.0,0.0,-0.029173079013784856,-0.029173079013784856,-0.029173079013784856,-0.000932882629802415,-0.000932882629802415,-0.000932882629802415,-0.02824019638398244,-0.02824019638398244,-0.02824019638398244,0.0,0.0,0.0,2880403.92863677
2023-11-08,2981121.293524688,2812221.5836592494,2982701.4113372406,2981121.293524688,2981121.293524688,0.0,0.0,0.0,0.0,0.0,0.0,0.0,0.0,0.0,0.0,0.0,0.0,0.0,0.0,0.0,0.0,0.0,0.0,0.0,0.0,0.0,0.0,0.0,0.0,0.0,0.0,0.0,0.0,0.0,0.0,0.0,0.0,0.0,-0.02825077547789241,-0.02825077547789241,-0.02825077547789241,-0.0002763532964419686,-0.0002763532964419686,-0.0002763532964419686,-0.02797442218145044,-0.02797442218145044,-0.02797442218145044,0.0,0.0,0.0,2896902.3051889576
2023-11-09,2995283.3213228863,2824763.898242112,3002730.5367498123,2995283.3213228863,2995283.3213228863,0.0,0.0,0.0,0.0,0.0,0.0,0.0,0.0,0.0,0.0,0.0,0.0,0.0,0.0,0.0,0.0,0.0,0.0,0.0,0.0,0.0,0.0,0.0,0.0,0.0,0.0,0.0,0.0,0.0,0.0,0.0,0.0,0.0,-0.02769083598724405,-0.02769083598724405,-0.02769083598724405,-3.356731100005596e-05,-3.356731100005596e-05,-3.356731100005596e-05,-0.027657268676243997,-0.027657268676243997,-0.027657268676243997,0.0,0.0,0.0,2912341.4221368064
2023-11-10,3009445.3491210844,2837081.184998701,3019019.965843111,3009445.3491210844,3009445.3491210844,0.0,0.0,0.0,0.0,0.0,0.0,0.0,0.0,0.0,0.0,0.0,0.0,0.0,0.0,0.0,0.0,0.0,0.0,0.0,0.0,0.0,0.0,0.0,0.0,0.0,0.0,0.0,0.0,0.0,0.0,0.0,0.0,0.0,-0.02728953263700817,-0.02728953263700817,-0.02728953263700817,-4.983770820668568e-06,-4.983770820668568e-06,-4.983770820668568e-06,-0.027284548866187502,-0.027284548866187502,-0.027284548866187502,0.0,0.0,0.0,2927318.9920469522
2023-11-11,3023607.376919281,2855522.4314153246,3029497.4834838645,3023607.376919281,3023607.376919281,0.0,0.0,0.0,0.0,0.0,0.0,0.0,0.0,0.0,0.0,0.0,0.0,0.0,0.0,0.0,0.0,0.0,0.0,0.0,0.0,0.0,0.0,0.0,0.0,0.0,0.0,0.0,0.0,0.0,0.0,0.0,0.0,0.0,-0.026200520445201107,-0.026200520445201107,-0.026200520445201107,0.0006527986307421452,0.0006527986307421452,0.0006527986307421452,-0.026853319075943252,-0.026853319075943252,-0.026853319075943252,0.0,0.0,0.0,2944387.2900220463
2023-11-12,3037769.4047174794,2877324.1728114043,3043833.841684801,3037769.4047174794,3037769.4047174794,0.0,0.0,0.0,0.0,0.0,0.0,0.0,0.0,0.0,0.0,0.0,0.0,0.0,0.0,0.0,0.0,0.0,0.0,0.0,0.0,0.0,0.0,0.0,0.0,0.0,0.0,0.0,0.0,0.0,0.0,0.0,0.0,0.0,-0.02506762009292895,-0.02506762009292895,-0.02506762009292895,0.0012943274964951935,0.0012943274964951935,0.0012943274964951935,-0.026361947589424145,-0.026361947589424145,-0.026361947589424145,0.0,0.0,0.0,2961619.7553500985
2023-11-13,3051931.4325156775,2881390.5636953395,3061684.848179935,3051931.4325156775,3051931.4325156775,0.0,0.0,0.0,0.0,0.0,0.0,0.0,0.0,0.0,0.0,0.0,0.0,0.0,0.0,0.0,0.0,0.0,0.0,0.0,0.0,0.0,0.0,0.0,0.0,0.0,0.0,0.0,0.0,0.0,0.0,0.0,0.0,0.0,-0.026509486322987667,-0.026509486322987667,-0.026509486322987667,-0.0006993391191697823,-0.0006993391191697823,-0.0006993391191697823,-0.025810147203817885,-0.025810147203817885,-0.025810147203817885,0.0,0.0,0.0,2971026.297946707
2023-11-14,3066093.460313875,2894075.636895269,3069558.638147902,3066093.460313875,3066093.460313875,0.0,0.0,0.0,0.0,0.0,0.0,0.0,0.0,0.0,0.0,0.0,0.0,0.0,0.0,0.0,0.0,0.0,0.0,0.0,0.0,0.0,0.0,0.0,0.0,0.0,0.0,0.0,0.0,0.0,0.0,0.0,0.0,0.0,-0.02613185396486921,-0.02613185396486921,-0.02613185396486921,-0.0009328826298023584,-0.0009328826298023584,-0.0009328826298023584,-0.02519897133506685,-0.02519897133506685,-0.02519897133506685,0.0,0.0,0.0,2985970.7537663127
2023-11-15,3080255.4881120734,2913365.5329238083,3091055.561345412,3080255.4881120734,3080255.4881120734,0.0,0.0,0.0,0.0,0.0,0.0,0.0,0.0,0.0,0.0,0.0,0.0,0.0,0.0,0.0,0.0,0.0,0.0,0.0,0.0,0.0,0.0,0.0,0.0,0.0,0.0,0.0,0.0,0.0,0.0,0.0,0.0,0.0,-0.024807127625857368,-0.024807127625857368,-0.024807127625857368,-0.00027635329644437004,-0.00027635329644437004,-0.00027635329644437004,-0.024530774329413,-0.024530774329413,-0.024530774329413,0.0,0.0,0.0,3003843.1970982295
2023-11-16,3094417.5159102716,2940017.929415315,3115537.039023509,3094417.5159102716,3094417.5159102716,0.0,0.0,0.0,0.0,0.0,0.0,0.0,0.0,0.0,0.0,0.0,0.0,0.0,0.0,0.0,0.0,0.0,0.0,0.0,0.0,0.0,0.0,0.0,0.0,0.0,0.0,0.0,0.0,0.0,0.0,0.0,0.0,0.0,-0.02384270494046291,-0.02384270494046291,-0.02384270494046291,-3.356731100069793e-05,-3.356731100069793e-05,-3.356731100069793e-05,-0.023809137629462213,-0.023809137629462213,-0.023809137629462213,0.0,0.0,0.0,3020638.232115823
2023-11-17,3108579.5437084693,2955897.7150797388,3128607.4162823963,3108579.5437084693,3108579.5437084693,0.0,0.0,0.0,0.0,0.0,0.0,0.0,0.0,0.0,0.0,0.0,0.0,0.0,0.0,0.0,0.0,0.0,0.0,0.0,0.0,0.0,0.0,0.0,0.0,0.0,0.0,0.0,0.0,0.0,0.0,0.0,0.0,0.0,-0.02304374814807077,-0.02304374814807077,-0.02304374814807077,-4.983770821460659e-06,-4.983770821460659e-06,-4.983770821460659e-06,-0.023038764377249308,-0.023038764377249308,-0.023038764377249308,0.0,0.0,0.0,3036946.2196050067
2023-11-18,3122741.5715066674,2968810.5895824023,3145268.681374829,3122741.5715066674,3122741.5715066674,0.0,0.0,0.0,0.0,0.0,0.0,0.0,0.0,0.0,0.0,0.0,0.0,0.0,0.0,0.0,0.0,0.0,0.0,0.0,0.0,0.0,0.0,0.0,0.0,0.0,0.0,0.0,0.0,0.0,0.0,0.0,0.0,0.0,-0.021572547254618053,-0.021572547254618053,-0.021572547254618053,0.0006527986307427314,0.0006527986307427314,0.0006527986307427314,-0.022225345885360785,-0.022225345885360785,-0.022225345885360785,0.0,0.0,0.0,3055376.0813913792
2023-11-19,3136903.5993048656,2989611.190130192,3165352.923321912,3136903.5993048656,3136903.5993048656,0.0,0.0,0.0,0.0,0.0,0.0,0.0,0.0,0.0,0.0,0.0,0.0,0.0,0.0,0.0,0.0,0.0,0.0,0.0,0.0,0.0,0.0,0.0,0.0,0.0,0.0,0.0,0.0,0.0,0.0,0.0,0.0,0.0,-0.02008107664954713,-0.02008107664954713,-0.02008107664954713,0.0012943274964943724,0.0012943274964943724,0.0012943274964943724,-0.021375404146041506,-0.021375404146041506,-0.021375404146041506,0.0,0.0,0.0,3073911.197684984
2023-11-20,3151065.6271030637,2993185.175174948,3172678.781001869,3151065.6271030637,3151065.6271030637,0.0,0.0,0.0,0.0,0.0,0.0,0.0,0.0,0.0,0.0,0.0,0.0,0.0,0.0,0.0,0.0,0.0,0.0,0.0,0.0,0.0,0.0,0.0,0.0,0.0,0.0,0.0,0.0,0.0,0.0,0.0,0.0,0.0,-0.02119545427711535,-0.02119545427711535,-0.02119545427711535,-0.0006993391191649794,-0.0006993391191649794,-0.0006993391191649794,-0.02049611515795037,-0.02049611515795037,-0.02049611515795037,0.0,0.0,0.0,3084277.359679611
2023-11-21,3165227.6549012614,3006705.3747354746,3184729.926096461,3165227.6549012614,3165227.6549012614,0.0,0.0,0.0,0.0,0.0,0.0,0.0,0.0,0.0,0.0,0.0,0.0,0.0,0.0,0.0,0.0,0.0,0.0,0.0,0.0,0.0,0.0,0.0,0.0,0.0,0.0,0.0,0.0,0.0,0.0,0.0,0.0,0.0,-0.020528000943977793,-0.020528000943977793,-0.020528000943977793,-0.0009328826298023015,-0.0009328826298023015,-0.0009328826298023015,-0.019595118314175493,-0.019595118314175493,-0.019595118314175493,0.0,0.0,0.0,3100251.8586135437
2023-11-22,3179389.68362819,3032165.949875868,3209345.8772980883,3179389.68362819,3179389.68362819,0.0,0.0,0.0,0.0,0.0,0.0,0.0,0.0,0.0,0.0,0.0,0.0,0.0,0.0,0.0,0.0,0.0,0.0,0.0,0.0,0.0,0.0,0.0,0.0,0.0,0.0,0.0,0.0,0.0,0.0,0.0,0.0,0.0,-0.018956670698140294,-0.018956670698140294,-0.018956670698140294,-0.0002763532964433874,-0.0002763532964433874,-0.0002763532964433874,-0.018680317401696907,-0.018680317401696907,-0.018680317401696907,0.0,0.0,0.0,3119119.040374586
2023-11-23,3193551.712355118,3048940.020036219,3221435.1646386953,3193551.712355118,3193551.712355118,0.0,0.0,0.0,0.0,0.0,0.0,0.0,0.0,0.0,0.0,0.0,0.0,0.0,0.0,0.0,0.0,0.0,0.0,0.0,0.0,0.0,0.0,0.0,0.0,0.0,0.0,0.0,0.0,0.0,0.0,0.0,0.0,0.0,-0.01779324621581288,-0.01779324621581288,-0.01779324621581288,-3.356731099963174e-05,-3.356731099963174e-05,-3.356731099963174e-05,-0.01775967890481325,-0.01775967890481325,-0.01775967890481325,0.0,0.0,0.0,3136728.060434252
2023-11-24,3207713.7410820457,3064968.2060552645,3244350.2018189025,3207713.7410820457,3207713.7410820457,0.0,0.0,0.0,0.0,0.0,0.0,0.0,0.0,0.0,0.0,0.0,0.0,0.0,0.0,0.0,0.0,0.0,0.0,0.0,0.0,0.0,0.0,0.0,0.0,0.0,0.0,0.0,0.0,0.0,0.0,0.0,0.0,0.0,-0.016846017051634653,-0.016846017051634653,-0.016846017051634653,-4.983770819331991e-06,-4.983770819331991e-06,-4.983770819331991e-06,-0.01684103328081532,-0.01684103328081532,-0.01684103328081532,0.0,0.0,0.0,3153676.5407030145
2023-11-25,3221875.7698089746,3083419.4268335365,3262822.5897447607,3221875.7698089746,3221875.7698089746,0.0,0.0,0.0,0.0,0.0,0.0,0.0,0.0,0.0,0.0,0.0,0.0,0.0,0.0,0.0,0.0,0.0,0.0,0.0,0.0,0.0,0.0,0.0,0.0,0.0,0.0,0.0,0.0,0.0,0.0,0.0,0.0,0.0,-0.015279086057487732,-0.015279086057487732,-0.015279086057487732,0.0006527986307433175,0.0006527986307433175,0.0006527986307433175,-0.01593188468823105,-0.01593188468823105,-0.01593188468823105,0.0,0.0,0.0,3172648.4526555287
2023-11-26,3236037.7985359025,3105745.930897721,3271042.502852784,3236037.7985359025,3236037.7985359025,0.0,0.0,0.0,0.0,0.0,0.0,0.0,0.0,0.0,0.0,0.0,0.0,0.0,0.0,0.0,0.0,0.0,0.0,0.0,0.0,0.0,0.0,0.0,0.0,0.0,0.0,0.0,0.0,0.0,0.0,0.0,0.0,0.0,-0.013744906807504032,-0.013744906807504032,-0.013744906807504032,0.001294327496493958,0.001294327496493958,0.001294327496493958,-0.01503923430399799,-0.01503923430399799,-0.01503923430399799,0.0,0.0,0.0,3191558.760569466
2023-11-27,3250199.8272628305,3116140.650460625,3292241.006915386,3250199.8272628305,3250199.8272628305,0.0,0.0,0.0,0.0,0.0,0.0,0.0,0.0,0.0,0.0,0.0,0.0,0.0,0.0,0.0,0.0,0.0,0.0,0.0,0.0,0.0,0.0,0.0,0.0,0.0,0.0,0.0,0.0,0.0,0.0,0.0,0.0,0.0,-0.014868760997000068,-0.014868760997000068,-0.014868760997000068,-0.0006993391191660135,-0.0006993391191660135,-0.0006993391191660135,-0.014169421877834053,-0.014169421877834053,-0.014169421877834053,0.0,0.0,0.0,3201873.3828387684
2023-11-28,3264361.8559897584,3131569.941081646,3301662.660190822,3264361.8559897584,3264361.8559897584,0.0,0.0,0.0,0.0,0.0,0.0,0.0,0.0,0.0,0.0,0.0,0.0,0.0,0.0,0.0,0.0,0.0,0.0,0.0,0.0,0.0,0.0,0.0,0.0,0.0,0.0,0.0,0.0,0.0,0.0,0.0,0.0,0.0,-0.014260872186143863,-0.014260872186143863,-0.014260872186143863,-0.0009328826298010383,-0.0009328826298010383,-0.0009328826298010383,-0.013327989556342824,-0.013327989556342824,-0.013327989556342824,0.0,0.0,0.0,3217809.208792165
2023-11-29,3278523.884716687,3148612.6703810724,3327498.0605728026,3278523.884716687,3278523.884716687,0.0,0.0,0.0,0.0,0.0,0.0,0.0,0.0,0.0,0.0,0.0,0.0,0.0,0.0,0.0,0.0,0.0,0.0,0.0,0.0,0.0,0.0,0.0,0.0,0.0,0.0,0.0,0.0,0.0,0.0,0.0,0.0,0.0,-0.012795924582005853,-0.012795924582005853,-0.012795924582005853,-0.00027635329644240466,-0.00027635329644240466,-0.00027635329644240466,-0.01251957128556345,-0.01251957128556345,-0.01251957128556345,0.0,0.0,0.0,3236572.1403475474
2023-11-30,3292685.913443615,3165392.9512569006,3345839.626097333,3292685.913443615,3292685.913443615,0.0,0.0,0.0,0.0,0.0,0.0,0.0,0.0,0.0,0.0,0.0,0.0,0.0,0.0,0.0,0.0,0.0,0.0,0.0,0.0,0.0,0.0,0.0,0.0,0.0,0.0,0.0,0.0,0.0,0.0,0.0,0.0,0.0,-0.011781377602924026,-0.011781377602924026,-0.011781377602924026,-3.356731099856555e-05,-3.356731099856555e-05,-3.356731099856555e-05,-0.01174781029192546,-0.01174781029192546,-0.01174781029192546,0.0,0.0,0.0,3253893.537369507
2023-12-01,3306847.942170543,3178351.058281531,3360295.5166634517,3306847.942170543,3306847.942170543,0.0,0.0,0.0,0.0,0.0,0.0,0.0,0.0,0.0,0.0,0.0,0.0,0.0,0.0,0.0,0.0,0.0,0.0,0.0,0.0,0.0,0.0,0.0,0.0,0.0,0.0,0.0,0.0,0.0,0.0,0.0,0.0,0.0,-0.01102029004351664,-0.01102029004351664,-0.01102029004351664,-4.983770821973595e-06,-4.983770821973595e-06,-4.983770821973595e-06,-0.011015306272694666,-0.011015306272694666,-0.011015306272694666,0.0,0.0,0.0,3270405.5187180173
2023-12-02,3321009.9708974715,3193332.3871935266,3379363.5473531005,3321009.9708974715,3321009.9708974715,0.0,0.0,0.0,0.0,0.0,0.0,0.0,0.0,0.0,0.0,0.0,0.0,0.0,0.0,0.0,0.0,0.0,0.0,0.0,0.0,0.0,0.0,0.0,0.0,0.0,0.0,0.0,0.0,0.0,0.0,0.0,0.0,0.0,-0.009670794394075696,-0.009670794394075696,-0.009670794394075696,0.0006527986307385942,0.0006527986307385942,0.0006527986307385942,-0.01032359302481429,-0.01032359302481429,-0.01032359302481429,0.0,0.0,0.0,3288893.166288247
2023-12-03,3335171.9996243995,3223724.416880112,3405565.09947353,3335171.9996243995,3335171.9996243995,0.0,0.0,0.0,0.0,0.0,0.0,0.0,0.0,0.0,0.0,0.0,0.0,0.0,0.0,0.0,0.0,0.0,0.0,0.0,0.0,0.0,0.0,0.0,0.0,0.0,0.0,0.0,0.0,0.0,0.0,0.0,0.0,0.0,-0.008378818836344854,-0.008378818836344854,-0.008378818836344854,0.0012943274964931366,0.0012943274964931366,0.0012943274964931366,-0.00967314633283799,-0.00967314633283799,-0.00967314633283799,0.0,0.0,0.0,3307227.1976514966
2023-12-04,3349334.0283513283,3228364.608899987,3409034.252612037,3349334.0283513283,3349334.0283513283,0.0,0.0,0.0,0.0,0.0,0.0,0.0,0.0,0.0,0.0,0.0,0.0,0.0,0.0,0.0,0.0,0.0,0.0,0.0,0.0,0.0,0.0,0.0,0.0,0.0,0.0,0.0,0.0,0.0,0.0,0.0,0.0,0.0,-0.009762760168801723,-0.009762760168801723,-0.009762760168801723,-0.0006993391191676045,-0.0006993391191676045,-0.0006993391191676045,-0.009063421049634118,-0.009063421049634118,-0.009063421049634118,0.0,0.0,0.0,3316635.2835073275
2023-12-05,3363496.0570782563,3237037.897163282,3417092.7865575133,3363496.0570782563,3363496.0570782563,0.0,0.0,0.0,0.0,0.0,0.0,0.0,0.0,0.0,0.0,0.0,0.0,0.0,0.0,0.0,0.0,0.0,0.0,0.0,0.0,0.0,0.0,0.0,0.0,0.0,0.0,0.0,0.0,0.0,0.0,0.0,0.0,0.0,-0.009425798093711663,-0.009425798093711663,-0.009425798093711663,-0.0009328826298021879,-0.0009328826298021879,-0.0009328826298021879,-0.008492915463909475,-0.008492915463909475,-0.008492915463909475,0.0,0.0,0.0,3331792.422355241
2023-12-06,3377658.085805184,3226746.749621186,3401904.084197147,3377658.085805184,3377658.085805184,0.0,0.0,0.0,0.0,0.0,0.0,0.0,0.0,0.0,-0.0097707295,-0.0097707295,-0.0097707295,0.0,0.0,0.0,0.0,0.0,0.0,0.0,0.0,0.0,0.0,0.0,0.0,0.0,0.0,0.0,0.0,0.0,0.0,-0.0097707295,-0.0097707295,-0.0097707295,-0.018006343077628835,-0.018006343077628835,-0.018006343077628835,-0.0002763532964448062,-0.0002763532964448062,-0.0002763532964448062,-0.00795926028118403,-0.00795926028118403,-0.00795926028118403,0.0,0.0,0.0,3316838.815513249
2023-12-07,3391820.114532112,3278828.470165034,3448402.3326217793,3391820.114532112,3391820.114532112,0.0,0.0,0.0,0.0,0.0,0.0,0.0,0.0,0.0,0.0,0.0,0.0,0.0,0.0,0.0,0.0,0.0,0.0,0.0,0.0,0.0,0.0,0.0,0.0,0.0,0.0,0.0,0.0,0.0,0.0,0.0,0.0,0.0,-0.007492896182384083,-0.007492896182384083,-0.007492896182384083,-3.356731100091568e-05,-3.356731100091568e-05,-3.356731100091568e-05,-0.007459328871383167,-0.007459328871383167,-0.007459328871383167,0.0,0.0,0.0,3366405.558544601
2023-12-08,3405982.143259041,3228839.198944181,3405930.2014941974,3405982.143259041,3405982.143259041,0.0,0.0,0.0,0.0,0.0,0.0,0.0,0.0,0.0,0.0,0.0,0.0,0.0,0.0,0.0,0.0,0.0,0.0,-0.01861125,-0.01861125,-0.01861125,0.0,0.0,0.0,0.0,0.0,0.0,0.0,0.0,0.0,-0.01861125,-0.01861125,-0.01861125,-0.025605598647035984,-0.025605598647035984,-0.025605598647035984,-4.983770821305429e-06,-4.983770821305429e-06,-4.983770821305429e-06,-0.006989364876214679,-0.006989364876214679,-0.006989364876214679,0.0,0.0,0.0,3318769.9314997788
2023-12-09,3420144.171985969,3308597.970097616,3483546.8076198134,3420144.171985969,3420144.171985969,0.0,0.0,0.0,0.0,0.0,0.0,0.0,0.0,0.0,0.0,0.0,0.0,0.0,0.0,0.0,0.0,0.0,0.0,0.0,0.0,0.0,0.0,0.0,0.0,0.0,0.0,0.0,0.0,0.0,0.0,0.0,0.0,0.0,-0.005892324207159043,-0.005892324207159043,-0.005892324207159043,0.0006527986307401038,0.0006527986307401038,0.0006527986307401038,-0.006545122837899147,-0.006545122837899147,-0.006545122837899147,0.0,0.0,0.0,3399991.573689402
2023-12-10,3434306.200712897,3326280.1958309673,3511459.165306,3434306.200712897,3434306.200712897,0.0,0.0,0.0,0.0,0.0,0.0,0.0,0.0,0.0,0.0,0.0,0.0,0.0,0.0,0.0,0.0,0.0,0.0,0.0,0.0,0.0,0.0,0.0,0.0,0.0,0.0,0.0,0.0,0.0,0.0,0.0,0.0,0.0,-0.004827689722955683,-0.004827689722955683,-0.004827689722955683,0.001294327496492519,0.001294327496492519,0.001294327496492519,-0.006122017219448201,-0.006122017219448201,-0.006122017219448201,0.0,0.0,0.0,3417726.4359622323
2023-12-11,3448468.2294398253,3333802.488350481,3513679.8408284774,3448468.2294398253,3448468.2294398253,0.0,0.0,0.0,0.0,0.0,0.0,0.0,0.0,0.0,0.0,0.0,0.0,0.0,0.0,0.0,0.0,0.0,0.0,0.0,0.0,0.0,0.0,0.0,0.0,0.0,0.0,0.0,0.0,0.0,0.0,0.0,0.0,0.0,-0.006414614161318562,-0.006414614161318562,-0.006414614161318562,-0.0006993391191691953,-0.0006993391191691953,-0.0006993391191691953,-0.005715275042149366,-0.005715275042149366,-0.005715275042149366,0.0,0.0,0.0,3426347.636300403
2023-12-12,3462630.2581667537,3354855.431382232,3529561.5273583485,3462630.2581667537,3462630.2581667537,0.0,0.0,0.0,0.0,0.0,0.0,0.0,0.0,0.0,0.0,0.0,0.0,0.0,0.0,0.0,0.0,0.0,0.0,0.0,0.0,0.0,0.0,0.0,0.0,0.0,0.0,0.0,0.0,0.0,0.0,0.0,0.0,0.0,-0.006252970000622964,-0.006252970000622964,-0.006252970000622964,-0.00093288262980275,-0.00093288262980275,-0.00093288262980275,-0.005320087370820214,-0.005320087370820214,-0.005320087370820214,0.0,0.0,0.0,3440978.5350391874
2023-12-13,3476792.2868936816,3371526.1007881514,3545585.1098059164,3476792.2868936816,3476792.2868936816,0.0,0.0,0.0,0.0,0.0,0.0,0.0,0.0,0.0,0.0,0.0,0.0,0.0,0.0,0.0,0.0,0.0,0.0,0.0,0.0,0.0,0.0,0.0,0.0,0.0,0.0,0.0,0.0,0.0,0.0,0.0,0.0,0.0,-0.005208108326019237,-0.005208108326019237,-0.005208108326019237,-0.00027635329644382344,-0.00027635329644382344,-0.00027635329644382344,-0.004931755029575414,-0.004931755029575414,-0.004931755029575414,0.0,0.0,0.0,3458684.776036471
2023-12-14,3490954.31562061,3389212.552747959,3562685.936329066,3490954.31562061,3490954.31562061,0.0,0.0,0.0,0.0,0.0,0.0,0.0,0.0,0.0,0.0,0.0,0.0,0.0,0.0,0.0,0.0,0.0,0.0,0.0,0.0,0.0,0.0,0.0,0.0,0.0,0.0,0.0,0.0,0.0,0.0,0.0,0.0,0.0,-0.004579391534537285,-0.004579391534537285,-0.004579391534537285,-3.356731099984949e-05,-3.356731099984949e-05,-3.356731099984949e-05,-0.004545824223537435,-0.004545824223537435,-0.004545824223537435,0.0,0.0,0.0,3474967.868980201
2023-12-15,3505116.344347538,3405912.3210712485,3581345.2182815685,3505116.344347538,3505116.344347538,0.0,0.0,0.0,0.0,0.0,0.0,0.0,0.0,0.0,0.0,0.0,0.0,0.0,0.0,0.0,0.0,0.0,0.0,0.0,0.0,0.0,0.0,0.0,0.0,0.0,0.0,0.0,0.0,0.0,0.0,0.0,0.0,0.0,-0.004163191935271321,-0.004163191935271321,-0.004163191935271321,-4.983770822097438e-06,-4.983770822097438e-06,-4.983770822097438e-06,-0.0041582081644492225,-0.0041582081644492225,-0.0041582081644492225,0.0,0.0,0.0,3490523.8722505625
2023-12-16,3519278.373074466,3420780.6678659064,3600806.635070138,3519278.373074466,3519278.373074466,0.0,0.0,0.0,0.0,0.0,0.0,0.0,0.0,0.0,0.0,0.0,0.0,0.0,0.0,0.0,0.0,0.0,0.0,0.0,0.0,0.0,0.0,0.0,0.0,0.0,0.0,0.0,0.0,0.0,0.0,0.0,0.0,0.0,-0.0031124927046097296,-0.0031124927046097296,-0.0031124927046097296,0.00065279863074069,0.00065279863074069,0.00065279863074069,-0.0037652913353504193,-0.0037652913353504193,-0.0037652913353504193,0.0,0.0,0.0,3508324.6448127804
2023-12-17,3533440.4018013948,3442281.588310924,3610726.1624002084,3533440.4018013948,3533440.4018013948,0.0,0.0,0.0,0.0,0.0,0.0,0.0,0.0,0.0,0.0,0.0,0.0,0.0,0.0,0.0,0.0,0.0,0.0,0.0,0.0,0.0,0.0,0.0,0.0,0.0,0.0,0.0,0.0,0.0,0.0,0.0,0.0,0.0,-0.002069686167091805,-0.002069686167091805,-0.002069686167091805,0.0012943274964955585,0.0012943274964955585,0.0012943274964955585,-0.0033640136635873638,-0.0033640136635873638,-0.0033640136635873638,0.0,0.0,0.0,3526127.289079543
2023-12-18,3547602.4305283227,3446162.879348756,3622429.3492633086,3547602.4305283227,3547602.4305283227,0.0,0.0,0.0,0.0,0.0,0.0,0.0,0.0,0.0,0.0,0.0,0.0,0.0,0.0,0.0,0.0,0.0,0.0,0.0,0.0,0.0,0.0,0.0,0.0,0.0,0.0,0.0,0.0,0.0,0.0,0.0,0.0,0.0,-0.0036512717003815936,-0.0036512717003815936,-0.0036512717003815936,-0.0006993391191696729,-0.0006993391191696729,-0.0006993391191696729,-0.0029519325812119206,-0.0029519325812119206,-0.0029519325812119206,0.0,0.0,0.0,3534649.1701695295
2023-12-19,3561764.4592552506,3456519.010696844,3636380.6037321584,3561764.4592552506,3561764.4592552506,0.0,0.0,0.0,0.0,0.0,0.0,0.0,0.0,0.0,0.0,0.0,0.0,0.0,0.0,0.0,0.0,0.0,0.0,0.0,0.0,0.0,0.0,0.0,0.0,0.0,0.0,0.0,0.0,0.0,0.0,0.0,0.0,0.0,-0.003460144343821729,-0.003460144343821729,-0.003460144343821729,-0.0009328826298038998,-0.0009328826298038998,-0.0009328826298038998,-0.002527261714017829,-0.002527261714017829,-0.002527261714017829,0.0,0.0,0.0,3549440.2401075335
2023-12-20,3575926.487982178,3477338.382124326,3661536.246742744,3575926.487982178,3575926.487982178,0.0,0.0,0.0,0.0,0.0,0.0,0.0,0.0,0.0,0.0,0.0,0.0,0.0,0.0,0.0,0.0,0.0,0.0,0.0,0.0,0.0,0.0,0.0,0.0,0.0,0.0,0.0,0.0,0.0,0.0,0.0,0.0,0.0,-0.0023652390271804986,-0.0023652390271804986,-0.0023652390271804986,-0.00027635329644445824,-0.00027635329644445824,-0.00027635329644445824,-0.0020888857307360406,-0.0020888857307360406,-0.0020888857307360406,0.0,0.0,0.0,3567468.5670944746
2023-12-21,3590088.51479336,3496915.8595582237,3675594.537674005,3590088.51479336,3590088.51479336,0.0,0.0,0.0,0.0,0.0,0.0,0.0,0.0,0.0,0.0,0.0,0.0,0.0,0.0,0.0,0.0,0.0,0.0,0.0,0.0,0.0,0.0,0.0,0.0,0.0,0.0,0.0,0.0,0.0,0.0,0.0,0.0,0.0,-0.001669918987894025,-0.001669918987894025,-0.001669918987894025,-3.356731100049146e-05,-3.356731100049146e-05,-3.356731100049146e-05,-0.0016363516768935335,-0.0016363516768935335,-0.0016363516768935335,0.0,0.0,0.0,3584093.3578142864
2023-12-22,3604250.541604542,3509809.0832065614,3685791.7037088186,3604250.541604542,3604250.541604542,0.0,0.0,0.0,0.0,0.0,0.0,0.0,0.0,0.0,0.0,0.0,0.0,0.0,0.0,0.0,0.0,0.0,0.0,0.0,0.0,0.0,0.0,0.0,0.0,0.0,0.0,0.0,0.0,0.0,0.0,0.0,0.0,0.0,-0.0011748216590156133,-0.0011748216590156133,-0.0011748216590156133,-4.983770822889692e-06,-4.983770822889692e-06,-4.983770822889692e-06,-0.0011698378881927238,-0.0011698378881927238,-0.0011698378881927238,0.0,0.0,0.0,3600016.190003746
2023-12-23,3618412.568415723,3532605.9412607937,3705415.6445527975,3618412.568415723,3618412.568415723,0.0,0.0,0.0,0.0,0.0,0.0,0.0,0.0,0.0,0.0,0.0,0.0,0.0,0.0,0.0,0.0,0.0,0.0,0.0,0.0,0.0,0.0,0.0,0.0,0.0,0.0,0.0,0.0,0.0,0.0,0.0,0.0,0.0,-3.7303671426957034e-05,-3.7303671426957034e-05,-3.7303671426957034e-05,0.0006527986307421996,0.0006527986307421996,0.0006527986307421996,-0.0006901023021691566,-0.0006901023021691566,-0.0006901023021691566,0.0,0.0,0.0,3618277.5883421833
2023-12-24,3632574.595226905,3546239.0671717385,3723680.1258102376,3632574.595226905,3632574.595226905,0.0,0.0,0.0,0.0,0.0,0.0,0.0,0.0,0.0,0.0,0.0,0.0,0.0,0.0,0.0,0.0,0.0,0.0,0.0,0.0,0.0,0.0,0.0,0.0,0.0,0.0,0.0,0.0,0.0,0.0,0.0,0.0,0.0,0.0010959148551571542,0.0010959148551571542,0.0010959148551571542,0.0012943274964949407,0.0012943274964949407,0.0012943274964949407,-0.0001984126413377866,-0.0001984126413377866,-0.0001984126413377866,0.0,0.0,0.0,3636555.5876882807
2023-12-25,3646736.6220380864,3587770.694598199,3762194.77641417,3646736.6220380864,3646736.6220380864,0.0,0.0,0.0,0.0,0.0,0.0,0.0078037725,0.0078037725,0.0078037725,0.0,0.0,0.0,0.0,0.0,0.0,0.0,0.0,0.0,0.0,0.0,0.0,0.0,0.0,0.0,0.0,0.0,0.0,0.0,0.0,0.0,0.0078037725,0.0078037725,0.0078037725,0.0074079718747651225,0.0074079718747651225,0.0074079718747651225,-0.0006993391191712639,-0.0006993391191712639,-0.0006993391191712639,0.0003035384939363863,0.0003035384939363863,0.0003035384939363863,0.0,0.0,0.0,3673751.5443688203
2023-12-26,3660898.648849267,3580807.729414287,3749291.061903446,3660898.648849267,3660898.648849267,0.0,0.0,0.0,0.0,0.0,0.0,0.0,0.0,0.0,0.0,0.0,0.0,0.0,0.0,0.0,0.0,0.0,0.0,0.0,0.0,0.0,0.0,0.0,0.0,0.0,0.0,0.0,0.0,0.0,0.0,0.0,0.0,0.0,-0.00011915250326161123,-0.00011915250326161123,-0.00011915250326161123,-0.0009328826298026366,-0.0009328826298026366,-0.0009328826298026366,0.0008137301265410253,0.0008137301265410253,0.0008137301265410253,0.0,0.0,0.0,3660462.4436110696
2023-12-27,3675060.675660449,3587201.7687170138,3757545.809808265,3675060.675660449,3675060.675660449,0.0,0.0,0.0,0.0,0.0,0.0,0.0,0.0,0.0,0.0,0.0,0.0,0.0,0.0,0.0,0.0,0.0,0.0,0.0,0.0,0.0,0.0,0.0,0.0,0.0,0.0,0.0,0.0,0.0,0.0,0.0,0.0,0.0,0.0010535638674949118,0.0010535638674949118,0.0010535638674949118,-0.00027635329644347563,-0.00027635329644347563,-0.00027635329644347563,0.0013299171639383875,0.0013299171639383875,0.0013299171639383875,0.0,0.0,0.0,3678932.5867991764
2023-12-28,3689222.702471631,3615435.21454655,3776490.1365199573,3689222.702471631,3689222.702471631,0.0,0.0,0.0,0.0,0.0,0.0,0.0,0.0,0.0,0.0,0.0,0.0,0.0,0.0,0.0,0.0,0.0,0.0,0.0,0.0,0.0,0.0,0.0,0.0,0.0,0.0,0.0,0.0,0.0,0.0,0.0,0.0,0.0,0.001816171068128806,0.001816171068128806,0.001816171068128806,-3.3567310999739374e-05,-3.3567310999739374e-05,-3.3567310999739374e-05,0.0018497383791285455,0.0018497383791285455,0.0018497383791285455,0.0,0.0,0.0,3695922.9620077442
2023-12-29,3703384.7292828117,3621481.684418552,3796601.0679367683,3703384.7292828117,3703384.7292828117,0.0,0.0,0.0,0.0,0.0,0.0,0.0,0.0,0.0,0.0,0.0,0.0,0.0,0.0,0.0,0.0,0.0,0.0,0.0,0.0,0.0,0.0,0.0,0.0,0.0,0.0,0.0,0.0,0.0,0.0,0.0,0.0,0.0,0.0023658402295949226,0.0023658402295949226,0.0023658402295949226,-4.983770820761051e-06,-4.983770820761051e-06,-4.983770820761051e-06,0.0023708240004156837,0.0023708240004156837,0.0023708240004156837,0.0,0.0,0.0,3712146.345861017
2023-12-30,3717546.756093994,3644746.5325282775,3819384.3977509774,3717546.756093994,3717546.756093994,0.0,0.0,0.0,0.0,0.0,0.0,0.0,0.0,0.0,0.0,0.0,0.0,0.0,0.0,0.0,0.0,0.0,0.0,0.0,0.0,0.0,0.0,0.0,0.0,0.0,0.0,0.0,0.0,0.0,0.0,0.0,0.0,0.0,0.0035436974972980714,0.0035436974972980714,0.0035436974972980714,0.0006527986307418624,0.0006527986307418624,0.0006527986307418624,0.002890898866556209,0.002890898866556209,0.002890898866556209,0.0,0.0,0.0,3730720.617229652
2023-12-31,3731708.7829051754,3660384.7276681955,3843238.807738541,3731708.7829051754,3731708.7829051754,0.0,0.0,0.0,0.0,0.0,0.0,0.0,0.0,0.0,0.0,0.0,0.0,0.0,0.0,0.0,0.0,0.0,0.0,0.0,0.0,0.0,0.0,0.0,0.0,0.0,0.0,0.0,0.0,0.0,0.0,0.0,0.0,0.0,0.004702204802777906,0.004702204802777906,0.004702204802777906,0.0012943274964941195,0.0012943274964941195,0.0012943274964941195,0.0034078773062837867,0.0034078773062837867,0.0034078773062837867,0.0,0.0,0.0,3749256.04186672
2024-01-01,3745870.8097163565,3682400.614684346,3865762.713882898,3745870.8097163565,3745870.8097163565,0.0,0.0,0.0,0.0,0.0,0.0,0.0,0.0,0.0,0.0,0.0,0.0,0.0,0.0,0.0,0.0,0.0,0.0,0.0,0.0,0.0,0.0,0.0,0.0,0.0,0.0,0.0,0.0038295555,0.0038295555,0.0038295555,0.0038295555,0.0038295555,0.0038295555,0.007050162612121382,0.007050162612121382,0.007050162612121382,-0.000699339119172298,-0.000699339119172298,-0.000699339119172298,0.00391994623129368,0.00391994623129368,0.00391994623129368,0.0,0.0,0.0,3772279.8080488555
2024-01-02,3760032.836527538,3684120.385293778,3856947.1137386155,3760032.836527538,3760032.836527538,0.0,0.0,0.0,0.0,0.0,0.0,0.0,0.0,0.0,0.0,0.0,0.0,0.0,0.0,0.0,0.0,0.0,0.0,0.0,0.0,0.0,0.0,0.0,0.0,0.0,0.0,0.0,0.0,0.0,0.0,0.0,0.0,0.0,0.0034927507485547045,0.0034927507485547045,0.0034927507485547045,-0.0009328826298044052,-0.0009328826298044052,-0.0009328826298044052,0.00442563337835911,0.00442563337835911,0.00442563337835911,0.0,0.0,0.0,3773165.69403191
2024-01-03,3774194.86333872,3704251.7116409065,3878997.343871472,3774194.86333872,3774194.86333872,0.0,0.0,0.0,0.0,0.0,0.0,0.0,0.0,0.0,0.0,0.0,0.0,0.0,0.0,0.0,0.0,0.0,0.0,0.0,0.0,0.0,0.0,0.0,0.0,0.0,0.0,0.0,0.0,0.0,0.0,0.0,0.0,0.0,0.0046475048878065455,0.0046475048878065455,0.0046475048878065455,-0.0002763532964441105,-0.0002763532964441105,-0.0002763532964441105,0.004923858184250655,0.004923858184250655,0.004923858184250655,0.0,0.0,0.0,3791735.452413621
2024-01-04,3788356.8901499007,3718987.669918037,3905218.956570475,3788356.8901499007,3788356.8901499007,0.0,0.0,0.0,0.0,0.0,0.0,0.0,0.0,0.0,0.0,0.0,0.0,0.0,0.0,0.0,0.0,0.0,0.0,0.0,0.0,0.0,0.0,0.0,0.0,0.0,0.0,0.0,0.0,0.0,0.0,0.0,0.0,0.0,0.005380396097678487,0.005380396097678487,0.005380396097678487,-3.3567311000381344e-05,-3.3567311000381344e-05,-3.3567311000381344e-05,0.0054139634086788685,0.0054139634086788685,0.0054139634086788685,0.0,0.0,0.0,3808739.750778277
2024-01-05,3802518.9169610827,3744979.4161104765,3910785.294188816,3802518.9169610827,3802518.9169610827,0.0,0.0,0.0,0.0,0.0,0.0,0.0,0.0,0.0,0.0,0.0,0.0,0.0,0.0,0.0,0.0,0.0,0.0,0.0,0.0,0.0,0.0,0.0,0.0,0.0,0.0,0.0,0.0,0.0,0.0,0.0,0.0,0.0,0.005890742543911236,0.005890742543911236,0.005890742543911236,-4.9837708204818415e-06,-4.9837708204818415e-06,-4.9837708204818415e-06,0.0058957263147317186,0.0058957263147317186,0.0058957263147317186,0.0,0.0,0.0,3824918.5769192525
2024-01-06,3816680.9437722648,3716930.6189194284,3895682.7705732817,3816680.9437722648,3816680.9437722648,0.0,0.0,0.0,0.0,0.0,0.0,0.0,0.0,0.0,0.0,0.0,0.0,-0.0091424888,-0.0091424888,-0.0091424888,0.0,0.0,0.0,0.0,0.0,0.0,0.0,0.0,0.0,0.0,0.0,0.0,0.0,0.0,0.0,-0.0091424888,-0.0091424888,-0.0091424888,-0.0021203412188028443,-0.0021203412188028443,-0.0021203412188028443,0.0006527986307433718,0.0006527986307433718,0.0006527986307433718,0.006369348950453784,0.006369348950453784,0.006369348950453784,0.0,0.0,0.0,3808588.277848165
2024-01-07,3830842.9705834454,3766419.076155012,3954688.5644126134,3830842.9705834454,3830842.9705834454,0.0,0.0,0.0,0.0,0.0,0.0,0.0,0.0,0.0,0.0,0.0,0.0,0.0,0.0,0.0,0.0,0.0,0.0,0.0,0.0,0.0,0.0,0.0,0.0,0.0,0.0,0.0,0.0,0.0,0.0,0.0,0.0,0.0,0.008129755321970434,0.008129755321970434,0.008129755321970434,0.0012943274964935018,0.0012943274964935018,0.0012943274964935018,0.006835427825476932,0.006835427825476932,0.006835427825476932,0.0,0.0,0.0,3861986.786611179
2024-01-08,3845004.997394627,3787399.394187799,3959574.4685593215,3845004.997394627,3845004.997394627,0.0,0.0,0.0,0.0,0.0,0.0,0.0,0.0,0.0,0.0,0.0,0.0,0.0,0.0,0.0,0.0,0.0,0.0,0.0,0.0,0.0,0.0,0.0,0.0,0.0,0.0,0.0,0.0,0.0,0.0,0.0,0.0,0.0,0.00659556489935589,0.00659556489935589,0.00659556489935589,-0.0006993391191669386,-0.0006993391191669386,-0.0006993391191669386,0.007294904018522829,0.007294904018522829,0.007294904018522829,0.0,0.0,0.0,3870364.977393291
2024-01-09,3859167.024205809,3795240.718768432,3971333.4966856446,3859167.024205809,3859167.024205809,0.0,0.0,0.0,0.0,0.0,0.0,0.0,0.0,0.0,0.0,0.0,0.0,0.0,0.0,0.0,0.0,0.0,0.0,0.0,0.0,0.0,0.0,0.0,0.0,0.0,0.0,0.0,0.0,0.0,0.0,0.0,0.0,0.0,0.006816112830987764,0.006816112830987764,0.006816112830987764,-0.0009328826298043483,-0.0009328826298043483,-0.0009328826298043483,0.007748995460792112,0.007748995460792112,0.007748995460792112,0.0,0.0,0.0,3885471.5420764233
2024-01-10,3873329.0510169896,3810497.8812715644,3995683.9536252464,3873329.0510169896,3873329.0510169896,0.0,0.0,0.0,0.0,0.0,0.0,0.0,0.0,0.0,0.0,0.0,0.0,0.0,0.0,0.0,0.0,0.0,0.0,0.0,0.0,0.0,0.0,0.0,0.0,0.0,0.0,0.0,0.0,0.0,0.0,0.0,0.0,0.0,0.00792276049725835,0.00792276049725835,0.00792276049725835,-0.0002763532964415102,-0.0002763532964415102,-0.0002763532964415102,0.00819911379369986,0.00819911379369986,0.00819911379369986,0.0,0.0,0.0,3904016.50941527
2024-01-11,3887491.0778281717,3827090.050152352,4010303.6508340263,3887491.0778281717,3887491.0778281717,0.0,0.0,0.0,0.0,0.0,0.0,0.0,0.0,0.0,0.0,0.0,0.0,0.0,0.0,0.0,0.0,0.0,0.0,0.0,0.0,0.0,0.0,0.0,0.0,0.0,0.0,0.0,0.0,0.0,0.0,0.0,0.0,0.0,0.008613201464603405,0.008613201464603405,0.008613201464603405,-3.356731099931515e-05,-3.356731099931515e-05,-3.356731099931515e-05,0.00864676877560272,0.00864676877560272,0.00864676877560272,0.0,0.0,0.0,3920974.821673354
2024-01-12,3901653.1046393537,3846301.820717403,4026877.3757952456,3901653.1046393537,3901653.1046393537,0.0,0.0,0.0,0.0,0.0,0.0,0.0,0.0,0.0,0.0,0.0,0.0,0.0,0.0,0.0,0.0,0.0,0.0,0.0,0.0,0.0,0.0,0.0,0.0,0.0,0.0,0.0,0.0,0.0,0.0,0.0,0.0,0.0,0.009088479921283865,0.009088479921283865,0.009088479921283865,-4.98377082127396e-06,-4.98377082127396e-06,-4.98377082127396e-06,0.00909346369210514,0.00909346369210514,0.00909346369210514,0.0,0.0,0.0,3937113.200540683
2024-01-13,3915815.1314505343,3871401.311013357,4045012.249735852,3915815.1314505343,3915815.1314505343,0.0,0.0,0.0,0.0,0.0,0.0,0.0,0.0,0.0,0.0,0.0,0.0,0.0,0.0,0.0,0.0,0.0,0.0,0.0,0.0,0.0,0.0,0.0,0.0,0.0,0.0,0.0,0.0,0.0,0.0,0.0,0.0,0.0,0.010193384222888643,0.010193384222888643,0.010193384222888643,0.0006527986307395721,0.0006527986307395721,0.0006527986307395721,0.009540585592149072,0.009540585592149072,0.009540585592149072,0.0,0.0,0.0,3955730.539631211
2024-01-14,3929977.1582617164,3885577.122770166,4067837.7112906715,3929977.1582617164,3929977.1582617164,0.0,0.0,0.0,0.0,0.0,0.0,0.0,0.0,0.0,0.0,0.0,0.0,0.0,0.0,0.0,0.0,0.0,0.0,0.0,0.0,0.0,0.0,0.0,0.0,0.0,0.0,0.0,0.0,0.0,0.0,0.0,0.0,0.0,0.01128362191142157,0.01128362191142157,0.01128362191142157,0.0012943274964926806,0.0012943274964926806,0.0012943274964926806,0.00998929441492889,0.00998929441492889,0.00998929441492889,0.0,0.0,0.0,3974321.534636065
2024-01-15,3944139.185072898,3898651.911558342,4074855.4705942404,3944139.185072898,3944139.185072898,0.0,0.0,0.0,0.0,0.0,0.0,0.0,0.0,0.0,0.0,0.0,0.0,0.0,0.0,0.0,0.0,0.0,0.0,0.0,0.0,0.0,0.0,0.0,0.0,0.0,0.0,0.0,0.0,0.0,0.0,0.0,0.0,0.0,0.009741076063101888,0.009741076063101888,0.009741076063101888,-0.0006993391191679726,-0.0006993391191679726,-0.0006993391191679726,0.01044041518226986,0.01044041518226986,0.01044041518226986,0.0,0.0,0.0,3982559.3448781534
2024-01-16,3958301.211884079,3905736.0087102647,4091610.1286771973,3958301.211884079,3958301.211884079,0.0,0.0,0.0,0.0,0.0,0.0,0.0,0.0,0.0,0.0,0.0,0.0,0.0,0.0,0.0,0.0,0.0,0.0,0.0,0.0,0.0,0.0,0.0,0.0,0.0,0.0,0.0,0.0,0.0,0.0,0.0,0.0,0.0,0.009961454772997778,0.009961454772997778,0.009961454772997778,-0.0009328826298042917,-0.0009328826298042917,-0.0009328826298042917,0.01089433740280207,0.01089433740280207,0.01089433740280207,0.0,0.0,0.0,3997731.650384165
2024-01-17,3972463.2386952606,3933644.4812094485,4097031.422117985,3972463.2386952606,3972463.2386952606,0.0,0.0,0.0,0.0,0.0,0.0,0.0,0.0,0.0,0.0,0.0,0.0,0.0,0.0,0.0,0.0,0.0,0.0,0.0,0.0,0.0,0.0,0.0,0.0,0.0,0.0,0.0,0.0,0.0,0.0,0.0,0.0,0.0,0.011074572371901356,0.011074572371901356,0.011074572371901356,-0.00027635329644214515,-0.00027635329644214515,-0.00027635329644214515,0.011350925668343502,0.011350925668343502,0.011350925668343502,0.0,0.0,0.0,4016456.5703269094
2024-01-18,3986625.2655064426,3940837.957777669,4121242.508492687,3986625.2655064426,3986625.2655064426,0.0,0.0,0.0,0.0,0.0,0.0,0.0,0.0,0.0,0.0,0.0,0.0,0.0,0.0,0.0,0.0,0.0,0.0,0.0,0.0,0.0,0.0,0.0,0.0,0.0,0.0,0.0,0.0,0.0,0.0,0.0,0.0,0.0,0.0117758778124787,0.0117758778124787,0.0117758778124787,-3.356731099995712e-05,-3.356731099995712e-05,-3.356731099995712e-05,0.011809445123478656,0.011809445123478656,0.011809445123478656,0.0,0.0,0.0,4033571.2775171874
2024-01-19,4000787.2923176237,3962739.92453538,4140777.41881558,4000787.2923176237,4000787.2923176237,0.0,0.0,0.0,0.0,0.0,0.0,0.0,0.0,0.0,0.0,0.0,0.0,0.0,0.0,0.0,0.0,0.0,0.0,0.0,0.0,0.0,0.0,0.0,0.0,0.0,0.0,0.0,0.0,0.0,0.0,0.0,0.0,0.0,0.012263521294124743,0.012263521294124743,0.012263521294124743,-4.983770822066078e-06,-4.983770822066078e-06,-4.983770822066078e-06,0.012268505064946809,0.012268505064946809,0.012268505064946809,0.0,0.0,0.0,4049851.0324702244
2024-01-20,4012271.31428078,3976710.464207829,4155839.543029035,4012271.31428078,4012271.31428078,0.0,0.0,0.0,0.0,0.0,0.0,0.0,0.0,0.0,0.0,0.0,0.0,0.0,0.0,0.0,0.0,0.0,0.0,0.0,0.0,0.0,0.0,0.0,0.0,0.0,0.0,0.0,0.0,0.0,0.0,0.0,0.0,0.0,0.013378822021528089,0.013378822021528089,0.013378822021528089,0.0006527986307401582,0.0006527986307401582,0.0006527986307401582,0.012726023390787931,0.012726023390787931,0.012726023390787931,0.0,0.0,0.0,4065950.778096625
2024-01-21,4023755.336243937,3998295.3152438444,4176080.7632094775,4023755.336243937,4023755.336243937,0.0,0.0,0.0,0.0,0.0,0.0,0.0,0.0,0.0,0.0,0.0,0.0,0.0,0.0,0.0,0.0,0.0,0.0,0.0,0.0,0.0,0.0,0.0,0.0,0.0,0.0,0.0,0.0,0.0,0.0,0.0,0.0,0.0,0.014473541482684473,0.014473541482684473,0.014473541482684473,0.0012943274964922662,0.0012943274964922662,0.0012943274964922662,0.013179213986192208,0.013179213986192208,0.013179213986192208,0.0,0.0,0.0,4081993.3260192364
2024-01-22,4035239.358207094,3998057.0756858364,4168355.2917898004,4035239.358207094,4035239.358207094,0.0,0.0,0.0,0.0,0.0,0.0,0.0,0.0,0.0,0.0,0.0,0.0,0.0,0.0,0.0,0.0,0.0,0.0,0.0,0.0,0.0,0.0,0.0,0.0,0.0,0.0,0.0,0.0,0.0,0.0,0.0,0.0,0.0,0.012925259303942708,0.012925259303942708,0.012925259303942708,-0.0006993391191690069,-0.0006993391191690069,-0.0006993391191690069,0.013624598423111716,0.013624598423111716,0.013624598423111716,0.0,0.0,0.0,4087395.873265396
2024-01-23,4046723.380170251,4010160.8722799234,4192455.228696285,4046723.380170251,4046723.380170251,0.0,0.0,0.0,0.0,0.0,0.0,0.0,0.0,0.0,0.0,0.0,0.0,0.0,0.0,0.0,0.0,0.0,0.0,0.0,0.0,0.0,0.0,0.0,0.0,0.0,0.0,0.0,0.0,0.0,0.0,0.0,0.0,0.0,0.013125159955699607,0.013125159955699607,0.013125159955699607,-0.0009328826298030282,-0.0009328826298030282,-0.0009328826298030282,0.014058042585502636,0.014058042585502636,0.014058042585502636,0.0,0.0,0.0,4099837.2718314547
2024-01-24,4058207.4021334075,4027374.5439883308,4210839.649421356,4058207.4021334075,4058207.4021334075,0.0,0.0,0.0,0.0,0.0,0.0,0.0,0.0,0.0,0.0,0.0,0.0,0.0,0.0,0.0,0.0,0.0,0.0,0.0,0.0,0.0,0.0,0.0,0.0,0.0,0.0,0.0,0.0,0.0,0.0,0.0,0.0,0.0,0.014198464738924851,0.014198464738924851,0.014198464738924851,-0.00027635329644454666,-0.00027635329644454666,-0.00027635329644454666,0.014474818035369397,0.014474818035369397,0.014474818035369397,0.0,0.0,0.0,4115827.7168358425
2024-01-25,4069691.4240965643,4044538.732628271,4222762.298187534,4069691.4240965643,4069691.4240965643,0.0,0.0,0.0,0.0,0.0,0.0,0.0,0.0,0.0,0.0,0.0,0.0,0.0,0.0,0.0,0.0,0.0,0.0,0.0,0.0,0.0,0.0,0.0,0.0,0.0,0.0,0.0,0.0,0.0,0.0,0.0,0.0,0.0,0.014836119820385588,0.014836119820385588,0.014836119820385588,-3.3567310998890925e-05,-3.3567310998890925e-05,-3.3567310998890925e-05,0.01486968713138448,0.01486968713138448,0.01486968713138448,0.0,0.0,0.0,4130069.853696457
2024-01-26,4081175.446059721,4054261.6980806207,4228755.140745577,4081175.446059721,4081175.446059721,0.0,0.0,0.0,0.0,0.0,0.0,0.0,0.0,0.0,0.0,0.0,0.0,0.0,0.0,0.0,0.0,0.0,0.0,0.0,0.0,0.0,0.0,0.0,0.0,0.0,0.0,0.0,0.0,0.0,0.0,0.0,0.0,0.0,0.01523202635596658,0.01523202635596658,0.01523202635596658,-4.983770821397803e-06,-4.983770821397803e-06,-4.983770821397803e-06,0.015237010126787978,0.015237010126787978,0.015237010126787978,0.0,0.0,0.0,4143340.0180174266
2024-01-27,4092659.468022878,4076493.957664962,4255711.828196205,4092659.468022878,4092659.468022878,0.0,0.0,0.0,0.0,0.0,0.0,0.0,0.0,0.0,0.0,0.0,0.0,0.0,0.0,0.0,0.0,0.0,0.0,0.0,0.0,0.0,0.0,0.0,0.0,0.0,0.0,0.0,0.0,0.0,0.0,0.0,0.0,0.0,0.016223670362251506,0.016223670362251506,0.016223670362251506,0.0006527986307407445,0.0006527986307407445,0.0006527986307407445,0.015570871731510762,0.015570871731510762,0.015570871731510762,0.0,0.0,0.0,4159057.4261370287
2024-01-28,4104143.4899860346,4083982.5888438583,4259972.770488855,4104143.4899860346,4104143.4899860346,0.0,0.0,0.0,0.0,0.0,0.0,0.0,0.0,0.0,0.0,0.0,0.0,0.0,0.0,0.0,0.0,0.0,0.0,0.0,0.0,0.0,0.0,0.0,0.0,0.0,0.0,0.0,0.0,0.0,0.0,0.0,0.0,0.0,0.017159551445029946,0.017159551445029946,0.017159551445029946,0.0012943274964914448,0.0012943274964914448,0.0012943274964914448,0.0158652239485385,0.0158652239485385,0.0158652239485385,0.0,0.0,0.0,4174568.751340235
2024-01-29,4115627.5119491913,4088621.182327192,4268418.2286279965,4115627.5119491913,4115627.5119491913,0.0,0.0,0.0,0.0,0.0,0.0,0.0,0.0,0.0,0.0,0.0,0.0,0.0,0.0,0.0,0.0,0.0,0.0,0.0,0.0,0.0,0.0,0.0,0.0,0.0,0.0,0.0,0.0,0.0,0.0,0.0,0.0,0.0,0.015414702289022364,0.015414702289022364,0.015414702289022364,-0.0006993391191636473,-0.0006993391191636473,-0.0006993391191636473,0.016114041408186012,0.016114041408186012,0.016114041408186012,0.0,0.0,0.0,4179068.684778398
2024-01-30,4127111.5339123486,4106888.3903691634,4277322.7430871315,4127111.5339123486,4127111.5339123486,0.0,0.0,0.0,0.0,0.0,0.0,0.0,0.0,0.0,0.0,0.0,0.0,0.0,0.0,0.0,0.0,0.0,0.0,0.0,0.0,0.0,0.0,0.0,0.0,0.0,0.0,0.0,0.0,0.0,0.0,0.0,0.0,0.0,0.015378602315558989,0.015378602315558989,0.015378602315558989,-0.0009328826298017647,-0.0009328826298017647,-0.0009328826298017647,0.016311484945360753,0.016311484945360753,0.016311484945360753,0.0,0.0,0.0,4190580.740904344
2024-01-31,4138595.5558755053,4112606.9266042844,4296685.44349021,4138595.5558755053,4138595.5558755053,0.0,0.0,0.0,0.0,0.0,0.0,0.0,0.0,0.0,0.0,0.0,0.0,0.0,0.0,0.0,0.0,0.0,0.0,0.0,0.0,0.0,0.0,0.0,0.0,0.0,0.0,0.0,0.0,0.0,0.0,0.0,0.0,0.0,0.01617571551362369,0.01617571551362369,0.01617571551362369,-0.00027635329644356383,-0.00027635329644356383,-0.00027635329644356383,0.016452068810067253,0.016452068810067253,0.016452068810067253,0.0,0.0,0.0,4205540.300213295
2024-02-01,4150079.577838662,4130948.2007674286,4307485.037315141,4150079.577838662,4150079.577838662,0.0,0.0,0.0,0.0,0.0,0.0,0.0,0.0,0.0,0.0,0.0,0.0,0.0,0.0,0.0,0.0,0.0,0.0,0.0,0.0,0.0,0.0,0.0,0.0,0.0,0.0,0.0,0.0,0.0,0.0,0.0,0.0,0.0,0.016497259371586557,0.016497259371586557,0.016497259371586557,-3.356731100155517e-05,-3.356731100155517e-05,-3.356731100155517e-05,0.016530826682588113,0.016530826682588113,0.016530826682588113,0.0,0.0,0.0,4218544.517046991
2024-02-02,4161563.599801819,4139388.990055976,4321927.265450599,4161563.599801819,4161563.599801819,0.0,0.0,0.0,0.0,0.0,0.0,0.0,0.0,0.0,0.0,0.0,0.0,0.0,0.0,0.0,0.0,0.0,0.0,0.0,0.0,0.0,0.0,0.0,0.0,0.0,0.0,0.0,0.0,0.0,0.0,0.0,0.0,0.0,0.016538487819453076,0.016538487819453076,0.016538487819453076,-4.9837708207295275e-06,-4.9837708207295275e-06,-4.9837708207295275e-06,0.016543471590273806,0.016543471590273806,0.016543471590273806,0.0,0.0,0.0,4230389.56870702
2024-02-03,4173047.621764975,4156936.046668209,4331043.137579714,4173047.621764975,4173047.621764975,0.0,0.0,0.0,0.0,0.0,0.0,0.0,0.0,0.0,0.0,0.0,0.0,0.0,0.0,0.0,0.0,0.0,0.0,0.0,0.0,0.0,0.0,0.0,0.0,0.0,0.0,0.0,0.0,0.0,0.0,0.0,0.0,0.0,0.017139343527203074,0.017139343527203074,0.017139343527203074,0.000652798630742254,0.000652798630742254,0.000652798630742254,0.016486544896460818,0.016486544896460818,0.016486544896460818,0.0,0.0,0.0,4244570.918509783
2024-02-04,4184531.643728132,4165064.4670067825,4349661.337290371,4184531.643728132,4184531.643728132,0.0,0.0,0.0,0.0,0.0,0.0,0.0,0.0,0.0,0.0,0.0,0.0,0.0,0.0,0.0,0.0,0.0,0.0,0.0,0.0,0.0,0.0,0.0,0.0,0.0,0.0,0.0,0.0,0.0,0.0,0.0,0.0,0.0,0.01765187724960946,0.01765187724960946,0.01765187724960946,0.0012943274964944845,0.0012943274964944845,0.0012943274964944845,0.016357549753114976,0.016357549753114976,0.016357549753114976,0.0,0.0,0.0,4258396.4826503275
2024-02-05,4196015.665691289,4168043.56397701,4346748.00439615,4196015.665691289,4196015.665691289,0.0,0.0,0.0,0.0,0.0,0.0,0.0,0.0,0.0,0.0,0.0,0.0,0.0,0.0,0.0,0.0,0.0,0.0,0.0,0.0,0.0,0.0,0.0,0.0,0.0,0.0,0.0,0.0,0.0,0.0,0.0,0.0,0.0,0.015455725653115843,0.015455725653115843,0.015455725653115843,-0.0006993391191652382,-0.0006993391191652382,-0.0006993391191652382,0.01615506477228108,0.01615506477228108,0.01615506477228108,0.0,0.0,0.0,4260868.13265639
2024-02-06,4207499.687654446,4178966.807904919,4358818.903345302,4207499.687654446,4207499.687654446,0.0,0.0,0.0,0.0,0.0,0.0,0.0,0.0,0.0,0.0,0.0,0.0,0.0,0.0,0.0,0.0,0.0,0.0,0.0,0.0,0.0,0.0,0.0,0.0,0.0,0.0,0.0,0.0,0.0,0.0,0.0,0.0,0.0,0.014945951537800938,0.014945951537800938,0.014945951537800938,-0.0009328826298017079,-0.0009328826298017079,-0.0009328826298017079,0.015878834167602645,0.015878834167602645,0.015878834167602645,0.0,0.0,0.0,4270384.774081442
2024-02-07,4218983.709617603,4195290.4425714705,4373112.901788601,4218983.709617603,4218983.709617603,0.0,0.0,0.0,0.0,0.0,0.0,0.0,0.0,0.0,0.0,0.0,0.0,0.0,0.0,0.0,0.0,0.0,0.0,0.0,0.0,0.0,0.0,0.0,0.0,0.0,0.0,0.0,0.0,0.0,0.0,0.0,0.0,0.0,0.015253477936229809,0.015253477936229809,0.015253477936229809,-0.0002763532964425812,-0.0002763532964425812,-0.0002763532964425812,0.01552983123267239,0.01552983123267239,0.01552983123267239,0.0,0.0,0.0,4283337.884545568
2024-02-08,4230467.7315807585,4204196.684305373,4376044.458721779,4230467.7315807585,4230467.7315807585,0.0,0.0,0.0,0.0,0.0,0.0,0.0,0.0,0.0,0.0,0.0,0.0,0.0,0.0,0.0,0.0,0.0,0.0,0.0,0.0,0.0,0.0,0.0,0.0,0.0,0.0,0.0,0.0,0.0,0.0,0.0,0.0,0.0,0.01507672542915768,0.01507672542915768,0.01507672542915768,-3.356731100048897e-05,-3.356731100048897e-05,-3.356731100048897e-05,0.01511029274015817,0.01511029274015817,0.01511029274015817,0.0,0.0,0.0,4294249.332006713
2024-02-09,4241951.753543915,4218261.810038084,4397486.737832485,4241951.753543915,4241951.753543915,0.0,0.0,0.0,0.0,0.0,0.0,0.0,0.0,0.0,0.0,0.0,0.0,0.0,0.0,0.0,0.0,0.0,0.0,0.0,0.0,0.0,0.0,0.0,0.0,0.0,0.0,0.0,0.0,0.0,0.0,0.0,0.0,0.0,0.014618738873310963,0.014618738873310963,0.014618738873310963,-4.983770821910847e-06,-4.983770821910847e-06,-4.983770821910847e-06,0.014623722644132874,0.014623722644132874,0.014623722644132874,0.0,0.0,0.0,4303963.738542157
2024-02-10,4253435.775507072,4232455.039267152,4401445.960060914,4253435.775507072,4253435.775507072,0.0,0.0,0.0,0.0,0.0,0.0,0.0,0.0,0.0,0.0,0.0,0.0,0.0,0.0,0.0,0.0,0.0,0.0,0.0,0.0,0.0,0.0,0.0,0.0,0.0,0.0,0.0,0.0,0.0,0.0,0.0,0.0,0.0,0.014727662955249143,0.014727662955249143,0.014727662955249143,0.0006527986307437636,0.0006527986307437636,0.0006527986307437636,0.01407486432450538,0.01407486432450538,0.01407486432450538,0.0,0.0,0.0,4316078.944010539
2024-02-11,4264919.797470229,4240441.020206953,4413179.164022565,4264919.797470229,4264919.797470229,0.0,0.0,0.0,0.0,0.0,0.0,0.0,0.0,0.0,0.0,0.0,0.0,0.0,0.0,0.0,0.0,0.0,0.0,0.0,0.0,0.0,0.0,0.0,0.0,0.0,0.0,0.0,0.0,0.0,0.0,0.0,0.0,0.0,0.014763968998316218,0.014763968998316218,0.014763968998316218,0.001294327496493867,0.001294327496493867,0.001294327496493867,0.013469641501822352,0.013469641501822352,0.013469641501822352,0.0,0.0,0.0,4327886.9411403835
2024-02-12,4276403.8194333855,4232958.106332103,4420616.177536886,4276403.8194333855,4276403.8194333855,0.0,0.0,0.0,0.0,0.0,0.0,0.0,0.0,0.0,0.0,0.0,0.0,0.0,0.0,0.0,0.0,0.0,0.0,0.0,0.0,0.0,0.0,0.0,0.0,0.0,0.0,0.0,0.0,0.0,0.0,0.0,0.0,0.0,0.012115729727459518,0.012115729727459518,0.012115729727459518,-0.0006993391191657158,-0.0006993391191657158,-0.0006993391191657158,0.012815068846625234,0.012815068846625234,0.012815068846625234,0.0,0.0,0.0,4328215.5723151155
2024-02-13,4287887.841396542,4242313.761993876,4419708.6193911,4287887.841396542,4287887.841396542,0.0,0.0,0.0,0.0,0.0,0.0,0.0,0.0,0.0,0.0,0.0,0.0,0.0,0.0,0.0,0.0,0.0,0.0,0.0,0.0,0.0,0.0,0.0,0.0,0.0,0.0,0.0,0.0,0.0,0.0,0.0,0.0,0.0,0.011186251553571131,0.011186251553571131,0.011186251553571131,-0.0009328826298016512,-0.0009328826298016512,-0.0009328826298016512,0.012119134183372782,0.012119134183372782,0.012119134183372782,0.0,0.0,0.0,4335853.233423904
2024-02-14,4299371.8633597,4251931.10801835,4437193.585826589,4299371.8633597,4299371.8633597,0.0,0.0,0.0,0.0,0.0,0.0,0.0,0.0,0.0,0.0,0.0,0.0,0.0,0.0,0.0,0.0,0.0,0.0,0.0,0.0,0.0,0.0,0.0,0.0,0.0,0.0,0.0,0.0,0.0,0.0,0.0,0.0,0.0,0.011114301721898406,0.011114301721898406,0.011114301721898406,-0.0002763532964432161,-0.0002763532964432161,-0.0002763532964432161,0.011390655018341623,0.011390655018341623,0.011390655018341623,0.0,0.0,0.0,4347156.37946372
2024-02-15,4310855.885322857,4267788.489936911,4445543.539334568,4310855.885322857,4310855.885322857,0.0,0.0,0.0,0.0,0.0,0.0,0.0,0.0,0.0,0.0,0.0,0.0,0.0,0.0,0.0,0.0,0.0,0.0,0.0,0.0,0.0,0.0,0.0,0.0,0.0,0.0,0.0,0.0,0.0,0.0,0.0,0.0,0.0,0.010605545567759951,0.010605545567759951,0.010605545567759951,-3.356731100113094e-05,-3.356731100113094e-05,-3.356731100113094e-05,0.010639112878761082,0.010639112878761082,0.010639112878761082,0.0,0.0,0.0,4356574.863850695
2024-02-16,4322339.9072860135,4275490.038536585,4452721.466826291,4322339.9072860135,4322339.9072860135,0.0,0.0,0.0,0.0,0.0,0.0,0.0,0.0,0.0,0.0,0.0,0.0,0.0,0.0,0.0,0.0,0.0,0.0,0.0,0.0,0.0,0.0,0.0,0.0,0.0,0.0,0.0,0.0,0.0,0.0,0.0,0.0,0.0,0.009869485842894935,0.009869485842894935,0.009869485842894935,-4.983770822702857e-06,-4.983770822702857e-06,-4.983770822702857e-06,0.009874469613717638,0.009874469613717638,0.009874469613717638,0.0,0.0,0.0,4364999.179809152
2024-02-17,4333823.92924917,4287339.906995219,4468424.404461119,4333823.92924917,4333823.92924917,0.0,0.0,0.0,0.0,0.0,0.0,0.0,0.0,0.0,0.0,0.0,0.0,0.0,0.0,0.0,0.0,0.0,0.0,0.0,0.0,0.0,0.0,0.0,0.0,0.0,0.0,0.0,0.0,0.0,0.0,0.0,0.0,0.0,0.009759768986325133,0.009759768986325133,0.009759768986325133,0.00065279863074435,0.00065279863074435,0.00065279863074435,0.009106970355580783,0.009106970355580783,0.009106970355580783,0.0,0.0,0.0,4376121.04962605
2024-02-18,4345299.781417844,4295952.02788576,4480180.0465203365,4345299.781417844,4345299.781417844,0.0,0.0,0.0,0.0,0.0,0.0,0.0,0.0,0.0,0.0,0.0,0.0,0.0,0.0,0.0,0.0,0.0,0.0,0.0,0.0,0.0,0.0,0.0,0.0,0.0,0.0,0.0,0.0,0.0,0.0,0.0,0.0,0.0,0.009641265753138974,0.009641265753138974,0.009641265753138974,0.001294327496493249,0.001294327496493249,0.001294327496493249,0.008346938256645725,0.008346938256645725,0.008346938256645725,0.0,0.0,0.0,4387193.97138755
2024-02-19,4356775.633586518,4291070.173780126,4476418.842725208,4356775.633586518,4356775.633586518,0.0,0.0,0.0,0.0,0.0,0.0,0.0,0.0,0.0,0.0,0.0,0.0,0.0,0.0,0.0,0.0,0.0,0.0,0.0,0.0,0.0,0.0,0.0,0.0,0.0,0.0,0.0,0.0,0.0,0.0,0.0,0.0,0.0,0.006905227267104532,0.006905227267104532,0.006905227267104532,-0.0006993391191673067,-0.0006993391191673067,-0.0006993391191673067,0.007604566386271839,0.007604566386271839,0.007604566386271839,0.0,0.0,0.0,4386860.159488216
2024-02-20,4368251.485755192,4310773.44646813,4489640.824134205,4368251.485755192,4368251.485755192,0.0,0.0,0.0,0.0,0.0,0.0,0.0,0.0,0.0,0.0,0.0,0.0,0.0,0.0,0.0,0.0,0.0,0.0,0.0,0.0,0.0,0.0,0.0,0.0,0.0,0.0,0.0,0.0,0.0,0.0,0.0,0.0,0.0,0.005956829659934107,0.005956829659934107,0.005956829659934107,-0.0009328826298034198,-0.0009328826298034198,-0.0009328826298034198,0.006889712289737527,0.006889712289737527,0.006889712289737527,0.0,0.0,0.0,4394272.4157675905
2024-02-21,4379727.337923867,4315939.661519101,4493132.276533834,4379727.337923867,4379727.337923867,0.0,0.0,0.0,0.0,0.0,0.0,0.0,0.0,0.0,0.0,0.0,0.0,0.0,0.0,0.0,0.0,0.0,0.0,0.0,0.0,0.0,0.0,0.0,0.0,0.0,0.0,0.0,0.0,0.0,0.0,0.0,0.0,0.0,0.005935347370589323,0.005935347370589323,0.005935347370589323,-0.0002763532964438508,-0.0002763532964438508,-0.0002763532964438508,0.006211700667033174,0.006211700667033174,0.006211700667033174,0.0,0.0,0.0,4405722.541062912
2024-02-22,4391203.19009254,4323846.673442412,4500214.679423562,4391203.19009254,4391203.19009254,0.0,0.0,0.0,0.0,0.0,0.0,0.0,0.0,0.0,0.0,0.0,0.0,0.0,0.0,0.0,0.0,0.0,0.0,0.0,0.0,0.0,0.0,0.0,0.0,0.0,0.0,0.0,0.0,0.0,0.0,0.0,0.0,0.0,0.005545572117094984,0.005545572117094984,0.005545572117094984,-3.356731100006475e-05,-3.356731100006475e-05,-3.356731100006475e-05,0.005579139428095049,0.005579139428095049,0.005579139428095049,0.0,0.0,0.0,4415554.924064016
2024-02-23,4402679.042261215,4334012.430485273,4515337.369778754,4402679.042261215,4402679.042261215,0.0,0.0,0.0,0.0,0.0,0.0,0.0,0.0,0.0,0.0,0.0,0.0,0.0,0.0,0.0,0.0,0.0,0.0,0.0,0.0,0.0,0.0,0.0,0.0,0.0,0.0,0.0,0.0,0.0,0.0,0.0,0.0,0.0,0.00499477025458598,0.00499477025458598,0.00499477025458598,-4.983770820574324e-06,-4.983770820574324e-06,-4.983770820574324e-06,0.004999754025406554,0.004999754025406554,0.004999754025406554,0.0,0.0,0.0,4424669.4125819905
2024-02-24,4414154.894429889,4350532.548309463,4520075.936669412,4414154.894429889,4414154.894429889,0.0,0.0,0.0,0.0,0.0,0.0,0.0,0.0,0.0,0.0,0.0,0.0,0.0,0.0,0.0,0.0,0.0,0.0,0.0,0.0,0.0,0.0,0.0,0.0,0.0,0.0,0.0,0.0,0.0,0.0,0.0,0.0,0.0,0.005133043095925588,0.005133043095925588,0.005133043095925588,0.000652798630744936,0.000652798630744936,0.000652798630744936,0.004480244465180652,0.004480244465180652,0.004480244465180652,0.0,0.0,0.0,4436812.941735088
2024-02-25,4425630.746598562,4362198.289936332,4538085.405957452,4425630.746598562,4425630.746598562,0.0,0.0,0.0,0.0,0.0,0.0,0.0,0.0,0.0,0.0,0.0,0.0,0.0,0.0,0.0,0.0,0.0,0.0,0.0,0.0,0.0,0.0,0.0,0.0,0.0,0.0,0.0,0.0,0.0,0.0,0.0,0.0,0.0,0.005320496264816287,0.005320496264816287,0.005320496264816287,0.0012943274964962888,0.0012943274964962888,0.0012943274964962888,0.004026168768319998,0.004026168768319998,0.004026168768319998,0.0,0.0,0.0,4449177.298455296
2024-02-26,4437106.598767237,4363688.962936764,4536646.050535089,4437106.598767237,4437106.598767237,0.0,0.0,0.0,0.0,0.0,0.0,0.0,0.0,0.0,0.0,0.0,0.0,0.0,0.0,0.0,0.0,0.0,0.0,0.0,0.0,0.0,0.0,0.0,0.0,0.0,0.0,0.0,0.0,0.0,0.0,0.0,0.0,0.0,0.0029425167908367082,0.0029425167908367082,0.0029425167908367082,-0.0006993391191683409,-0.0006993391191683409,-0.0006993391191683409,0.003641855910005049,0.003641855910005049,0.003641855910005049,0.0,0.0,0.0,4450162.859436842
2024-02-27,4448582.450935911,4370842.3630580995,4547789.679961696,4448582.450935911,4448582.450935911,0.0,0.0,0.0,0.0,0.0,0.0,0.0,0.0,0.0,0.0,0.0,0.0,0.0,0.0,0.0,0.0,0.0,0.0,0.0,0.0,0.0,0.0,0.0,0.0,0.0,0.0,0.0,0.0,0.0,0.0,0.0,0.0,0.0,0.002397467803545428,0.002397467803545428,0.002397467803545428,-0.0009328826298021564,-0.0009328826298021564,-0.0009328826298021564,0.003330350433347584,0.003330350433347584,0.003330350433347584,0.0,0.0,0.0,4459247.784133447
2024-02-28,4460058.303104585,4384511.805004527,4557445.7780512525,4460058.303104585,4460058.303104585,0.0,0.0,0.0,0.0,0.0,0.0,0.0,0.0,0.0,0.0,0.0,0.0,0.0,0.0,0.0,0.0,0.0,0.0,0.0,0.0,0.0,0.0,0.0,0.0,0.0,0.0,0.0,0.0,0.0,0.0,0.0,0.0,0.0,0.002817036735781465,0.002817036735781465,0.002817036735781465,-0.0002763532964446348,-0.0002763532964446348,-0.0002763532964446348,0.0030933900322261,0.0030933900322261,0.0030933900322261,0.0,0.0,0.0,4472622.451188157
2024-02-29,4471534.155273259,4397721.062536918,4571798.097628265,4471534.155273259,4471534.155273259,0.0,0.0,0.0,0.0,0.0,0.0,0.0,0.0,0.0,0.0,0.0,0.0,0.0,0.0,0.0,0.0,0.0,0.0,0.0,0.0,0.0,0.0,0.0,0.0,0.0,0.0,0.0,0.0,0.0,0.0,0.0,0.0,0.0,0.0028978491465340953,0.0028978491465340953,0.0028978491465340953,-3.356731100070672e-05,-3.356731100070672e-05,-3.356731100070672e-05,0.002931416457534802,0.002931416457534802,0.002931416457534802,0.0,0.0,0.0,4484491.986708815
2024-03-01,4483010.007441933,4411330.88900755,4588031.16469018,4483010.007441933,4483010.007441933,0.0,0.0,0.0,0.0,0.0,0.0,0.0,0.0,0.0,0.0,0.0,0.0,0.0,0.0,0.0,0.0,0.0,0.0,0.0,0.0,0.0,0.0,0.0,0.0,0.0,0.0,0.0,0.0,0.0,0.0,0.0,0.0,0.0,0.002838635376366799,0.002838635376366799,0.002838635376366799,-4.983770821366469e-06,-4.983770821366469e-06,-4.983770821366469e-06,0.0028436191471881657,0.0028436191471881657,0.0028436191471881657,0.0,0.0,0.0,4495735.6382416645
2024-03-02,4494485.859610608,4418328.720381362,4596167.5166635355,4494485.859610608,4494485.859610608,0.0,0.0,0.0,0.0,0.0,0.0,0.0,0.0,0.0,0.0,0.0,0.0,0.0,0.0,0.0,0.0,0.0,0.0,0.0,0.0,0.0,0.0,0.0,0.0,0.0,0.0,0.0,0.0,0.0,0.0,0.0,0.0,0.0,0.0034808086721385403,0.0034808086721385403,0.0034808086721385403,0.0006527986307411362,0.0006527986307411362,0.0006527986307411362,0.0028280100413974043,0.0028280100413974043,0.0028280100413974043,0.0,0.0,0.0,4510130.304967544
2024-03-03,4505961.7117792815,4440669.488678857,4614914.638700745,4505961.7117792815,4505961.7117792815,0.0,0.0,0.0,0.0,0.0,0.0,0.0,0.0,0.0,0.0,0.0,0.0,0.0,0.0,0.0,0.0,0.0,0.0,0.0,0.0,0.0,0.0,0.0,0.0,0.0,0.0,0.0,0.0,0.0,0.0,0.0,0.0,0.0,0.004175854645505071,0.004175854645505071,0.004175854645505071,0.001294327496495671,0.001294327496495671,0.001294327496495671,0.0028815271490093995,0.0028815271490093995,0.0028815271490093995,0.0,0.0,0.0,4524777.952925883
2024-03-04,4517437.563947956,4443259.995817736,4616591.4351250185,4517437.563947956,4517437.563947956,0.0,0.0,0.0,0.0,0.0,0.0,0.0,0.0,0.0,0.0,0.0,0.0,0.0,0.0,0.0,0.0,0.0,0.0,0.0,0.0,0.0,0.0,0.0,0.0,0.0,0.0,0.0,0.0,0.0,0.0,0.0,0.0,0.0,0.0023008244853567708,0.0023008244853567708,0.0023008244853567708,-0.0006993391191699319,-0.0006993391191699319,-0.0006993391191699319,0.0030001636045267027,0.0030001636045267027,0.0030001636045267027,0.0,0.0,0.0,4527831.394906159
2024-03-05,4528913.41611663,4453744.000831257,4624490.446080111,4528913.41611663,4528913.41611663,0.0,0.0,0.0,0.0,0.0,0.0,0.0,0.0,0.0,0.0,0.0,0.0,0.0,0.0,0.0,0.0,0.0,0.0,0.0,0.0,0.0,0.0,0.0,0.0,0.0,0.0,0.0,0.0,0.0,0.0,0.0,0.0,0.0,0.002246235593928201,0.002246235593928201,0.002246235593928201,-0.0009328826298033062,-0.0009328826298033062,-0.0009328826298033062,0.003179118223731507,0.003179118223731507,0.003179118223731507,0.0,0.0,0.0,4539086.42263373
2024-03-06,4540389.268285303,4463094.0597209,4641623.720871782,4540389.268285303,4540389.268285303,0.0,0.0,0.0,0.0,0.0,0.0,0.0,0.0,0.0,0.0,0.0,0.0,0.0,0.0,0.0,0.0,0.0,0.0,0.0,0.0,0.0,0.0,0.0,0.0,0.0,0.0,0.0,0.0,0.0,0.0,0.0,0.0,0.0,0.0031366096541491054,0.0031366096541491054,0.0031366096541491054,-0.0002763532964420345,-0.0002763532964420345,-0.0002763532964420345,0.00341296295059114,0.00341296295059114,0.00341296295059114,0.0,0.0,0.0,4554630.697097803
2024-03-07,4551865.120453978,4479704.938199419,4664907.546006376,4551865.120453978,4551865.120453978,0.0,0.0,0.0,0.0,0.0,0.0,0.0,0.0,0.0,0.0,0.0,0.0,0.0,0.0,0.0,0.0,0.0,0.0,0.0,0.0,0.0,0.0,0.0,0.0,0.0,0.0,0.0,0.0,0.0,0.0,0.0,0.0,0.0,0.003662254797054723,0.003662254797054723,0.003662254797054723,-3.356731099995463e-05,-3.356731099995463e-05,-3.356731099995463e-05,0.0036958221080546777,0.0036958221080546777,0.0036958221080546777,0.0,0.0,0.0,4568535.210326906
2024-03-08,4563340.972622653,4491465.931517541,4668215.977853334,4563340.972622653,4563340.972622653,0.0,0.0,0.0,0.0,0.0,0.0,0.0,0.0,0.0,0.0,0.0,0.0,0.0,0.0,0.0,0.0,0.0,0.0,0.0,0.0,0.0,0.0,0.0,0.0,0.0,0.0,0.0,0.0,0.0,0.0,0.0,0.0,0.0,0.004016574264392093,0.004016574264392093,0.004016574264392093,-4.983770820698167e-06,-4.983770820698167e-06,-4.983770820698167e-06,0.004021558035212791,0.004021558035212791,0.004021558035212791,0.0,0.0,0.0,4581669.970532934
2024-03-09,4574816.824791326,4506453.408418206,4686675.366609842,4574816.824791326,4574816.824791326,0.0,0.0,0.0,0.0,0.0,0.0,0.0,0.0,0.0,0.0,0.0,0.0,0.0,0.0,0.0,0.0,0.0,0.0,0.0,0.0,0.0,0.0,0.0,0.0,0.0,0.0,0.0,0.0,0.0,0.0,0.0,0.0,0.0,0.005036756154241767,0.005036756154241767,0.005036756154241767,0.0006527986307426456,0.0006527986307426456,0.0006527986307426456,0.004383957523499122,0.004383957523499122,0.004383957523499122,0.0,0.0,0.0,4597859.0615881225
2024-03-10,4586292.67696,4526361.184587607,4702780.1246895725,4586292.67696,4586292.67696,0.0,0.0,0.0,0.0,0.0,0.0,0.0,0.0,0.0,0.0,0.0,0.0,0.0,0.0,0.0,0.0,0.0,0.0,0.0,0.0,0.0,0.0,0.0,0.0,0.0,0.0,0.0,0.0,0.0,0.0,0.0,0.0,0.0,0.00607124095726999,0.00607124095726999,0.00607124095726999,0.0012943274964948499,0.0012943274964948499,0.0012943274964948499,0.00477691346077514,0.00477691346077514,0.00477691346077514,0.0,0.0,0.0,4614137.164902387
2024-03-11,4597768.529128674,4525196.2171947295,4715763.704476947,4597768.529128674,4597768.529128674,0.0,0.0,0.0,0.0,0.0,0.0,0.0,0.0,0.0,0.0,0.0,0.0,0.0,0.0,0.0,0.0,0.0,0.0,0.0,0.0,0.0,0.0,0.0,0.0,0.0,0.0,0.0,0.0,0.0,0.0,0.0,0.0,0.0,0.004495257135868205,0.004495257135868205,0.004495257135868205,-0.0006993391191709661,-0.0006993391191709661,-0.0006993391191709661,0.0051945962550391704,0.0051945962550391704,0.0051945962550391704,0.0,0.0,0.0,4618436.680918311
2024-03-12,4609244.381297349,4541012.372406399,4718603.2295356495,4609244.381297349,4609244.381297349,0.0,0.0,0.0,0.0,0.0,0.0,0.0,0.0,0.0,0.0,0.0,0.0,0.0,0.0,0.0,0.0,0.0,0.0,0.0,0.0,0.0,0.0,0.0,0.0,0.0,0.0,0.0,0.0,0.0,0.0,0.0,0.0,0.0,0.004698727305086797,0.004698727305086797,0.004698727305086797,-0.0009328826298020429,-0.0009328826298020429,-0.0009328826298020429,0.005631609934888839,0.005631609934888839,0.005631609934888839,0.0,0.0,0.0,4630901.963727568
2024-03-13,4620720.233466023,4564677.373895672,4743550.019929007,4620720.233466023,4620720.233466023,0.0,0.0,0.0,0.0,0.0,0.0,0.0,0.0,0.0,0.0,0.0,0.0,0.0,0.0,0.0,0.0,0.0,0.0,0.0,0.0,0.0,0.0,0.0,0.0,0.0,0.0,0.0,0.0,0.0,0.0,0.0,0.0,0.0,0.00580677500629126,0.00580677500629126,0.00580677500629126,-0.00027635329644266947,-0.00027635329644266947,-0.00027635329644266947,0.006083128302733929,0.006083128302733929,0.006083128302733929,0.0,0.0,0.0,4647551.716228778
2024-03-14,4632196.085634696,4575335.311792542,4752093.670308168,4632196.085634696,4632196.085634696,0.0,0.0,0.0,0.0,0.0,0.0,0.0,0.0,0.0,0.0,0.0,0.0,0.0,0.0,0.0,0.0,0.0,0.0,0.0,0.0,0.0,0.0,0.0,0.0,0.0,0.0,0.0,0.0,0.0,0.0,0.0,0.0,0.0,0.006511439824377093,0.006511439824377093,0.006511439824377093,-3.35673110005966e-05,-3.35673110005966e-05,-3.35673110005966e-05,0.006545007135377689,0.006545007135377689,0.006545007135377689,0.0,0.0,0.0,4662358.351701021
2024-03-15,4643671.937803371,4587647.760454618,4764322.188291318,4643671.937803371,4643671.937803371,0.0,0.0,0.0,0.0,0.0,0.0,0.0,0.0,0.0,0.0,0.0,0.0,0.0,0.0,0.0,0.0,0.0,0.0,0.0,0.0,0.0,0.0,0.0,0.0,0.0,0.0,0.0,0.0,0.0,0.0,0.0,0.0,0.0,0.007008885396193562,0.007008885396193562,0.007008885396193562,-4.983770821490312e-06,-4.983770821490312e-06,-4.983770821490312e-06,0.007013869167015052,0.007013869167015052,0.007013869167015052,0.0,0.0,0.0,4676218.902232955
2024-03-16,4655147.7899720445,4605540.100004656,4778713.1235357355,4655147.7899720445,4655147.7899720445,0.0,0.0,0.0,0.0,0.0,0.0,0.0,0.0,0.0,0.0,0.0,0.0,0.0,0.0,0.0,0.0,0.0,0.0,0.0,0.0,0.0,0.0,0.0,0.0,0.0,0.0,0.0,0.0,0.0,0.0,0.0,0.0,0.0,0.008139958061235665,0.008139958061235665,0.008139958061235665,0.0006527986307423086,0.0006527986307423086,0.0006527986307423086,0.0074871594304933555,0.0074871594304933555,0.0074871594304933555,0.0,0.0,0.0,4693040.49775127
2024-03-17,4666623.642140719,4616565.965559372,4795691.3369535385,4666623.642140719,4666623.642140719,0.0,0.0,0.0,0.0,0.0,0.0,0.0,0.0,0.0,0.0,0.0,0.0,0.0,0.0,0.0,0.0,0.0,0.0,0.0,0.0,0.0,0.0,0.0,0.0,0.0,0.0,0.0,0.0,0.0,0.0,0.0,0.0,0.0,0.009257496945374276,0.009257496945374276,0.009257496945374276,0.0012943274964944355,0.0012943274964944355,0.0012943274964944355,0.007963169448879842,0.007963169448879842,0.007963169448879842,0.0,0.0,0.0,4709824.896253048
2024-03-18,4678099.494309394,4623915.780448747,4805930.949452496,4678099.494309394,4678099.494309394,0.0,0.0,0.0,0.0,0.0,0.0,0.0,0.0,0.0,0.0,0.0,0.0,0.0,0.0,0.0,0.0,0.0,0.0,0.0,0.0,0.0,0.0,0.0,0.0,0.0,0.0,0.0,0.0,0.0,0.0,0.0,0.0,0.0,0.007741690614973446,0.007741690614973446,0.007741690614973446,-0.0006993391191656064,-0.0006993391191656064,-0.0006993391191656064,0.008441029734139053,0.008441029734139053,0.008441029734139053,0.0,0.0,0.0,4714315.893260401
2024-03-19,4689575.346706626,4641703.8572287075,4819400.813098505,4689575.346706626,4689575.346706626,0.0,0.0,0.0,0.0,0.0,0.0,0.0,0.0,0.0,0.0,0.0,0.0,0.0,0.0,0.0,0.0,0.0,0.0,0.0,0.0,0.0,0.0,0.0,0.0,0.0,0.0,0.0,0.0,0.0,0.0,0.0,0.0,0.0,0.007987788404479288,0.007987788404479288,0.007987788404479288,-0.0009328826298019862,-0.0009328826298019862,-0.0009328826298019862,0.008920671034281274,0.008920671034281274,0.008920671034281274,0.0,0.0,0.0,4727034.6822829805
2024-03-20,4701051.199103859,4657378.90172057,4827626.988562031,4701051.199103859,4701051.199103859,0.0,0.0,0.0,0.0,0.0,0.0,0.0,0.0,0.0,0.0,0.0,0.0,0.0,0.0,0.0,0.0,0.0,0.0,0.0,0.0,0.0,0.0,0.0,0.0,0.0,0.0,0.0,0.0,0.0,0.0,0.0,0.0,0.0,0.009126402448822919,0.009126402448822919,0.009126402448822919,-0.00027635329644330427,-0.00027635329644330427,-0.00027635329644330427,0.009402755745266222,0.009402755745266222,0.009402755745266222,0.0,0.0,0.0,4743954.884279403
2024-03-21,4712527.0515010925,4671943.756664147,4846167.449510289,4712527.0515010925,4712527.0515010925,0.0,0.0,0.0,0.0,0.0,0.0,0.0,0.0,0.0,0.0,0.0,0.0,0.0,0.0,0.0,0.0,0.0,0.0,0.0,0.0,0.0,0.0,0.0,0.0,0.0,0.0,0.0,0.0,0.0,0.0,0.0,0.0,0.0,0.009855014529121475,0.009855014529121475,0.009855014529121475,-3.356731099953041e-05,-3.356731099953041e-05,-3.356731099953041e-05,0.009888581840121004,0.009888581840121004,0.009888581840121004,0.0,0.0,0.0,4758969.074062513
2024-03-22,4724002.903898325,4682840.2576553235,4861704.724976292,4724002.903898325,4724002.903898325,0.0,0.0,0.0,0.0,0.0,0.0,0.0,0.0,0.0,0.0,0.0,0.0,0.0,0.0,0.0,0.0,0.0,0.0,0.0,0.0,0.0,0.0,0.0,0.0,0.0,0.0,0.0,0.0,0.0,0.0,0.0,0.0,0.0,0.010374978765934328,0.010374978765934328,0.010374978765934328,-4.98377082082201e-06,-4.98377082082201e-06,-4.98377082082201e-06,0.01037996253675515,0.01037996253675515,0.01037996253675515,0.0,0.0,0.0,4773014.333716483
2024-03-23,4735478.756295559,4700156.588147344,4875734.352844302,4735478.756295559,4735478.756295559,0.0,0.0,0.0,0.0,0.0,0.0,0.0,0.0,0.0,0.0,0.0,0.0,0.0,0.0,0.0,0.0,0.0,0.0,0.0,0.0,0.0,0.0,0.0,0.0,0.0,0.0,0.0,0.0,0.0,0.0,0.0,0.0,0.0,0.011531884332298337,0.011531884332298337,0.011531884332298337,0.0006527986307394319,0.0006527986307394319,0.0006527986307394319,0.010879085701558905,0.010879085701558905,0.010879085701558905,0.0,0.0,0.0,4790087.749571214
2024-03-24,4746954.608692791,4719540.031446608,4899202.992569788,4746954.608692791,4746954.608692791,0.0,0.0,0.0,0.0,0.0,0.0,0.0,0.0,0.0,0.0,0.0,0.0,0.0,0.0,0.0,0.0,0.0,0.0,0.0,0.0,0.0,0.0,0.0,0.0,0.0,0.0,0.0,0.0,0.0,0.0,0.0,0.0,0.0,0.01268268514065566,0.01268268514065566,0.01268268514065566,0.0012943274964936143,0.0012943274964936143,0.0012943274964936143,0.011388357644162045,0.011388357644162045,0.011388357644162045,0.0,0.0,0.0,4807158.739371826
2024-03-25,4758430.461090024,4728041.806200378,4899214.333000889,4758430.461090024,4758430.461090024,0.0,0.0,0.0,0.0,0.0,0.0,0.0,0.0,0.0,0.0,0.0,0.0,0.0,0.0,0.0,0.0,0.0,0.0,0.0,0.0,0.0,0.0,0.0,0.0,0.0,0.0,0.0,0.0,0.0,0.0,0.0,0.0,0.0,0.011210897360242198,0.011210897360242198,0.011210897360242198,-0.0006993391191666407,-0.0006993391191666407,-0.0006993391191666407,0.011910236479408838,0.011910236479408838,0.011910236479408838,0.0,0.0,0.0,4811776.736585154
2024-03-26,4769906.313487258,4733553.039728359,4908546.453922197,4769906.313487258,4769906.313487258,0.0,0.0,0.0,0.0,0.0,0.0,0.0,0.0,0.0,0.0,0.0,0.0,0.0,0.0,0.0,0.0,0.0,0.0,0.0,0.0,0.0,0.0,0.0,0.0,0.0,0.0,0.0,0.0,0.0,0.0,0.0,0.0,0.0,0.011514177969392856,0.011514177969392856,0.011514177969392856,-0.0009328826298007228,-0.0009328826298007228,-0.0009328826298007228,0.01244706059919358,0.01244706059919358,0.01244706059919358,0.0,0.0,0.0,4824827.86367808
2024-03-27,4781382.16588449,4755375.3105202,4926800.413365686,4781382.16588449,4781382.16588449,0.0,0.0,0.0,0.0,0.0,0.0,0.0,0.0,0.0,0.0,0.0,0.0,0.0,0.0,0.0,0.0,0.0,0.0,0.0,0.0,0.0,0.0,0.0,0.0,0.0,0.0,0.0,0.0,0.0,0.0,0.0,0.0,0.0,0.012724524700886022,0.012724524700886022,0.012724524700886022,-0.00027635329644232166,-0.00027635329644232166,-0.00027635329644232166,0.013000877997328342,0.013000877997328342,0.013000877997328342,0.0,0.0,0.0,4842222.981358663
2024-03-28,4792858.018281724,4768292.706021781,4944912.538402215,4792858.018281724,4792858.018281724,0.0,0.0,0.0,0.0,0.0,0.0,0.0,0.0,0.0,0.0,0.0,0.0,0.0,0.0,0.0,0.0,0.0,0.0,0.0,0.0,0.0,0.0,0.0,0.0,0.0,0.0,0.0,0.0,0.0,0.0,0.0,0.0,0.0,0.013539714907057687,0.013539714907057687,0.013539714907057687,-3.356731100188054e-05,-3.356731100188054e-05,-3.356731100188054e-05,0.013573282218059568,0.013573282218059568,0.013573282218059568,0.0,0.0,0.0,4857751.949439265
2024-03-29,4804333.870678957,4797249.3077740995,4980492.125314714,4804333.870678957,4804333.870678957,0.0,0.0,0.0,0.0,0.0,0.0,0.0,0.0,0.0,0.0,0.0,0.0,0.0,0.0,0.0,0.0043866938,0.0043866938,0.0043866938,0.0,0.0,0.0,0.0,0.0,0.0,0.0,0.0,0.0,0.0,0.0,0.0,0.0043866938,0.0043866938,0.0043866938,0.01854697058036155,0.01854697058036155,0.01854697058036155,-4.983770822003194e-06,-4.983770822003194e-06,-4.983770822003194e-06,0.014165260551183554,0.014165260551183554,0.014165260551183554,0.0,0.0,0.0,4893439.709636674
2024-03-30,4815809.723076189,4801070.585103834,4977361.107232378,4815809.723076189,4815809.723076189,0.0,0.0,0.0,0.0,0.0,0.0,0.0,0.0,0.0,0.0,0.0,0.0,0.0,0.0,0.0,0.0,0.0,0.0,0.0,0.0,0.0,0.0,0.0,0.0,0.0,0.0,0.0,0.0,0.0,0.0,0.0,0.0,0.0,0.015429858407894008,0.015429858407894008,0.015429858407894008,0.0006527986307390949,0.0006527986307390949,0.0006527986307390949,0.014777059777154914,0.014777059777154914,0.014777059777154914,0.0,0.0,0.0,4890116.985222613
2024-03-31,4827285.575473423,4819022.373508765,4992963.205204773,4827285.575473423,4827285.575473423,0.0,0.0,0.0,0.0,0.0,0.0,0.0,0.0,0.0,0.0,0.0,0.0,0.0,0.0,0.0,0.0,0.0,0.0,0.0,0.0,0.0,0.0,0.0,0.0,0.0,0.0,0.0,0.0,0.0,0.0,0.0,0.0,0.0,0.016702401778947197,0.016702401778947197,0.016702401778947197,0.001294327496492793,0.001294327496492793,0.001294327496492793,0.015408074282454404,0.015408074282454404,0.015408074282454404,0.0,0.0,0.0,4907912.8386566965
2024-04-01,4838761.427870655,4824037.874774106,5004985.480413963,4838761.427870655,4838761.427870655,0.0,0.0,0.0,0.0,0.0,0.0,0.0,0.0,0.0,0.0,0.0,0.0,0.0,0.0,0.0,0.0,0.0,0.0,0.0,0.0,0.0,0.0,0.0,0.0,0.0,0.0,0.0,0.0,0.0,0.0,0.0,0.0,0.0,0.015357421612764805,0.015357421612764805,0.015357421612764805,-0.0006993391191682316,-0.0006993391191682316,-0.0006993391191682316,0.01605676073193304,0.01605676073193304,0.01605676073193304,0.0,0.0,0.0,4913072.327202049
2024-04-02,4850237.280267888,4841020.261955097,5016449.627046954,4850237.280267888,4850237.280267888,0.0,0.0,0.0,0.0,0.0,0.0,0.0,0.0,0.0,0.0,0.0,0.0,0.0,0.0,0.0,0.0,0.0,0.0,0.0,0.0,0.0,0.0,0.0,0.0,0.0,0.0,0.0,0.0,0.0,0.0,0.0,0.0,0.0,0.01578770008898693,0.01578770008898693,0.01578770008898693,-0.000932882629803698,-0.000932882629803698,-0.000932882629803698,0.01672058271879063,0.01672058271879063,0.01672058271879063,0.0,0.0,0.0,4926811.371809181
2024-04-03,4861713.132665122,4856840.687721092,5031810.841828475,4861713.132665122,4861713.132665122,0.0,0.0,0.0,0.0,0.0,0.0,0.0,0.0,0.0,0.0,0.0,0.0,0.0,0.0,0.0,0.0,0.0,0.0,0.0,0.0,0.0,0.0,0.0,0.0,0.0,0.0,0.0,0.0,0.0,0.0,0.0,0.0,0.0,0.01711963463937246,0.01711963463937246,0.01711963463937246,-0.0002763532964463406,-0.0002763532964463406,-0.0002763532964463406,0.0173959879358188,0.0173959879358188,0.0173959879358188,0.0,0.0,0.0,4944943.885217788
2024-04-04,4873188.985062354,4874129.198250855,5054523.818672005,4873188.985062354,4873188.985062354,0.0,0.0,0.0,0.0,0.0,0.0,0.0,0.0,0.0,0.0,0.0,0.0,0.0,0.0,0.0,0.0,0.0,0.0,0.0,0.0,0.0,0.0,0.0,0.0,0.0,0.0,0.0,0.0,0.0,0.0,0.0,0.0,0.0,0.018044852137951047,0.018044852137951047,0.018044852137951047,-3.356731100081435e-05,-3.356731100081435e-05,-3.356731100081435e-05,0.01807841944895186,0.01807841944895186,0.01807841944895186,0.0,0.0,0.0,4961124.959738096
2024-04-05,4884664.837459588,4892052.456801105,5064357.086114177,4884664.837459588,4884664.837459588,0.0,0.0,0.0,0.0,0.0,0.0,0.0,0.0,0.0,0.0,0.0,0.0,0.0,0.0,0.0,0.0,0.0,0.0,0.0,0.0,0.0,0.0,0.0,0.0,0.0,0.0,0.0,0.0,0.0,0.0,0.0,0.0,0.0,0.018757377862995257,0.018757377862995257,0.018757377862995257,-4.983770821334919e-06,-4.983770821334919e-06,-4.983770821334919e-06,0.01876236163381659,0.01876236163381659,0.01876236163381659,0.0,0.0,0.0,4976288.341549904
2024-04-06,4896140.689856821,4904380.954298656,5085398.657940346,4896140.689856821,4896140.689856821,0.0,0.0,0.0,0.0,0.0,0.0,0.0,0.0,0.0,0.0,0.0,0.0,0.0,0.0,0.0,0.0,0.0,0.0,0.0,0.0,0.0,0.0,0.0,0.0,0.0,0.0,0.0,0.0,0.0,0.0,0.0,0.0,0.0,0.020094218918325694,0.020094218918325694,0.020094218918325694,0.0006527986307406044,0.0006527986307406044,0.0006527986307406044,0.01944142028758509,0.01944142028758509,0.01944142028758509,0.0,0.0,0.0,4994524.812733727
2024-04-07,4907616.542254055,4922633.8701844765,5099991.167269832,4907616.542254055,4907616.542254055,0.0,0.0,0.0,0.0,0.0,0.0,0.0,0.0,0.0,0.0,0.0,0.0,0.0,0.0,0.0,0.0,0.0,0.0,0.0,0.0,0.0,0.0,0.0,0.0,0.0,0.0,0.0,0.0,0.0,0.0,0.0,0.0,0.0,0.02140276287941694,0.02140276287941694,0.02140276287941694,0.0012943274964921751,0.0012943274964921751,0.0012943274964921751,0.020108435382924766,0.020108435382924766,0.020108435382924766,0.0,0.0,0.0,5012653.095411022
2024-04-08,4919092.394651287,4924204.028065804,5103926.131998745,4919092.394651287,4919092.394651287,0.0,0.0,0.0,0.0,0.0,0.0,0.0,0.0,0.0,0.0,0.0,0.0,0.0,0.0,0.0,0.0,0.0,0.0,0.0,0.0,0.0,0.0,0.0,0.0,0.0,0.0,0.0,0.0,0.0,0.0,0.0,0.0,0.0,0.02005628479976655,0.02005628479976655,0.02005628479976655,-0.0006993391191687091,-0.0006993391191687091,-0.0006993391191687091,0.02075562391893526,0.02075562391893526,0.02075562391893526,0.0,0.0,0.0,5017751.112674779
2024-04-09,4930568.24704852,4942562.00171874,5118306.599268,4930568.24704852,4930568.24704852,0.0,0.0,0.0,0.0,0.0,0.0,0.0,0.0,0.0,0.0,0.0,0.0,0.0,0.0,0.0,0.0,0.0,0.0,0.0,0.0,0.0,0.0,0.0,0.0,0.0,0.0,0.0,0.0,0.0,0.0,0.0,0.0,0.0,0.02044186674619705,0.02044186674619705,0.02044186674619705,-0.0009328826298036413,-0.0009328826298036413,-0.0009328826298036413,0.02137474937600069,0.02137474937600069,0.02137474937600069,0.0,0.0,0.0,5031358.266137715
2024-04-10,4942044.099445754,4961949.8090818105,5139331.229793103,4942044.099445754,4942044.099445754,0.0,0.0,0.0,0.0,0.0,0.0,0.0,0.0,0.0,0.0,0.0,0.0,0.0,0.0,0.0,0.0,0.0,0.0,0.0,0.0,0.0,0.0,0.0,0.0,0.0,0.0,0.0,0.0,0.0,0.0,0.0,0.0,0.0,0.021680960129271253,0.021680960129271253,0.021680960129271253,-0.00027635329644374045,-0.00027635329644374045,-0.00027635329644374045,0.02195731342571499,0.02195731342571499,0.02195731342571499,0.0,0.0,0.0,5049192.360522938
2024-04-11,4953519.951842986,4975739.482318118,5153994.018081702,4953519.951842986,4953519.951842986,0.0,0.0,0.0,0.0,0.0,0.0,0.0,0.0,0.0,0.0,0.0,0.0,0.0,0.0,0.0,0.0,0.0,0.0,0.0,0.0,0.0,0.0,0.0,0.0,0.0,0.0,0.0,0.0,0.0,0.0,0.0,0.0,0.0,0.02246119749846872,0.02246119749846872,0.02246119749846872,-3.3567310999748156e-05,-3.3567310999748156e-05,-3.3567310999748156e-05,0.02249476480946847,0.02249476480946847,0.02249476480946847,0.0,0.0,0.0,5064781.941793937
2024-04-12,4964995.804240218,4990281.357002684,5170483.629781383,4964995.804240218,4964995.804240218,0.0,0.0,0.0,0.0,0.0,0.0,0.0,0.0,0.0,0.0,0.0,0.0,0.0,0.0,0.0,0.0,0.0,0.0,0.0,0.0,0.0,0.0,0.0,0.0,0.0,0.0,0.0,0.0,0.0,0.0,0.0,0.0,0.0,0.022973735931745787,0.022973735931745787,0.022973735931745787,-4.983770820666644e-06,-4.983770820666644e-06,-4.983770820666644e-06,0.02297871970256645,0.02297871970256645,0.02297871970256645,0.0,0.0,0.0,5079060.306749058
2024-04-13,4976471.656637453,4998672.586651838,5180278.136081627,4976471.656637453,4976471.656637453,0.0,0.0,0.0,0.0,0.0,0.0,0.0,0.0,0.0,0.0,0.0,0.0,0.0,0.0,0.0,0.0,0.0,0.0,0.0,0.0,0.0,0.0,0.0,0.0,0.0,0.0,0.0,0.0,0.0,0.0,0.0,0.0,0.0,0.024053986074267685,0.024053986074267685,0.024053986074267685,0.0006527986307411906,0.0006527986307411906,0.0006527986307411906,0.023401187443526494,0.023401187443526494,0.023401187443526494,0.0,0.0,0.0,5096175.636565197
2024-04-14,4987947.509034685,5020854.249064286,5204978.87841511,4987947.509034685,4987947.509034685,0.0,0.0,0.0,0.0,0.0,0.0,0.0,0.0,0.0,0.0,0.0,0.0,0.0,0.0,0.0,0.0,0.0,0.0,0.0,0.0,0.0,0.0,0.0,0.0,0.0,0.0,0.0,0.0,0.0,0.0,0.0,0.0,0.0,0.025049122740987646,0.025049122740987646,0.025049122740987646,0.0012943274964950114,0.0012943274964950114,0.0012943274964950114,0.023754795244492633,0.023754795244492633,0.023754795244492633,0.0,0.0,0.0,5112891.218414099
2024-04-15,4999423.361431919,5025469.212467224,5211756.359588882,4999423.361431919,4999423.361431919,0.0,0.0,0.0,0.0,0.0,0.0,0.0,0.0,0.0,0.0,0.0,0.0,0.0,0.0,0.0,0.0,0.0,0.0,0.0,0.0,0.0,0.0,0.0,0.0,0.0,0.0,0.0,0.0,0.0,0.0,0.0,0.0,0.0,0.023333666298728288,0.023333666298728288,0.023333666298728288,-0.0006993391191703,-0.0006993391191703,-0.0006993391191703,0.024033005417898587,0.024033005417898587,0.024033005417898587,0.0,0.0,0.0,5116078.237833638
2024-04-16,5010899.213829152,5036880.109026404,5221496.782877457,5010899.213829152,5010899.213829152,0.0,0.0,0.0,0.0,0.0,0.0,0.0,0.0,0.0,0.0,0.0,0.0,0.0,0.0,0.0,0.0,0.0,0.0,0.0,0.0,0.0,0.0,0.0,0.0,0.0,0.0,0.0,0.0,0.0,0.0,0.0,0.0,0.0,0.023297436130334418,0.023297436130334418,0.023297436130334418,-0.0009328826298035845,-0.0009328826298035845,-0.0009328826298035845,0.024230318760138005,0.024230318760138005,0.024230318760138005,0.0,0.0,0.0,5127640.31821888
2024-04-17,5024176.058604339,5057009.409594144,5231663.386259981,5024176.058604339,5024176.058604339,0.0,0.0,0.0,0.0,0.0,0.0,0.0,0.0,0.0,0.0,0.0,0.0,0.0,0.0,0.0,0.0,0.0,0.0,0.0,0.0,0.0,0.0,0.0,0.0,0.0,0.0,0.0,0.0,0.0,0.0,0.0,0.0,0.0,0.024066104727481816,0.024066104727481816,0.024066104727481816,-0.00027635329644437525,-0.00027635329644437525,-0.00027635329644437525,0.02434245802392619,0.02434245802392619,0.02434245802392619,0.0,0.0,0.0,5145088.4058000175
2024-04-18,5037452.903379527,5065389.474921237,5251271.551762841,5037452.903379527,5037452.903379527,0.0,0.0,0.0,0.0,0.0,0.0,0.0,0.0,0.0,0.0,0.0,0.0,0.0,0.0,0.0,0.0,0.0,0.0,0.0,0.0,0.0,0.0,0.0,0.0,0.0,0.0,0.0,0.0,0.0,0.0,0.0,0.0,0.0,0.02433295856892997,0.02433295856892997,0.02433295856892997,-3.3567311000390126e-05,-3.3567311000390126e-05,-3.3567311000390126e-05,0.02436652587993036,0.02436652587993036,0.02436652587993036,0.0,0.0,0.0,5160029.036170397
2024-04-19,5050729.748154713,5081897.833319584,5261229.207045921,5050729.748154713,5050729.748154713,0.0,0.0,0.0,0.0,0.0,0.0,0.0,0.0,0.0,0.0,0.0,0.0,0.0,0.0,0.0,0.0,0.0,0.0,0.0,0.0,0.0,0.0,0.0,0.0,0.0,0.0,0.0,0.0,0.0,0.0,0.0,0.0,0.0,0.024296148632515106,0.024296148632515106,0.024296148632515106,-4.983770821848045e-06,-4.983770821848045e-06,-4.983770821848045e-06,0.024301132403336957,0.024301132403336957,0.024301132403336957,0.0,0.0,0.0,5173443.028818545
2024-04-20,5064006.592929901,5102595.717313908,5276707.499331389,5064006.592929901,5064006.592929901,0.0,0.0,0.0,0.0,0.0,0.0,0.0,0.0,0.0,0.0,0.0,0.0,0.0,0.0,0.0,0.0,0.0,0.0,0.0,0.0,0.0,0.0,0.0,0.0,0.0,0.0,0.0,0.0,0.0,0.0,0.0,0.0,0.0,0.024799286535759475,0.024799286535759475,0.024799286535759475,0.0006527986307417768,0.0006527986307417768,0.0006527986307417768,0.0241464879050177,0.0241464879050177,0.0241464879050177,0.0,0.0,0.0,5189590.343446945
2024-04-21,5077283.4377050875,5113917.759837066,5290121.499227744,5077283.4377050875,5077283.4377050875,0.0,0.0,0.0,0.0,0.0,0.0,0.0,0.0,0.0,0.0,0.0,0.0,0.0,0.0,0.0,0.0,0.0,0.0,0.0,0.0,0.0,0.0,0.0,0.0,0.0,0.0,0.0,0.0,0.0,0.0,0.0,0.0,0.0,0.02519878533503498,0.02519878533503498,0.02519878533503498,0.001294327496494597,0.001294327496494597,0.001294327496494597,0.023904457838540383,0.023904457838540383,0.023904457838540383,0.0,0.0,0.0,5205224.813136946
2024-04-22,5090560.282480274,5117968.566751391,5295459.228946854,5090560.282480274,5090560.282480274,0.0,0.0,0.0,0.0,0.0,0.0,0.0,0.0,0.0,0.0,0.0,0.0,0.0,0.0,0.0,0.0,0.0,0.0,0.0,0.0,0.0,0.0,0.0,0.0,0.0,0.0,0.0,0.0,0.0,0.0,0.0,0.0,0.0,0.022879238408999556,0.022879238408999556,0.022879238408999556,-0.0006993391191718909,-0.0006993391191718909,-0.0006993391191718909,0.023578577528171447,0.023578577528171447,0.023578577528171447,0.0,0.0,0.0,5207028.424818524
2024-04-23,5103837.127255461,5132703.188154016,5307339.366418849,5103837.127255461,5103837.127255461,0.0,0.0,0.0,0.0,0.0,0.0,0.0,0.0,0.0,0.0,0.0,0.0,0.0,0.0,0.0,0.0,0.0,0.0,0.0,0.0,0.0,0.0,0.0,0.0,0.0,0.0,0.0,0.0,0.0,0.0,0.0,0.0,0.0,0.022241142921010208,0.022241142921010208,0.022241142921010208,-0.0009328826298023212,-0.0009328826298023212,-0.0009328826298023212,0.02317402555081253,0.02317402555081253,0.02317402555081253,0.0,0.0,0.0,5217352.298248309
2024-04-24,5117113.972030649,5146839.02239264,5326920.967964886,5117113.972030649,5117113.972030649,0.0,0.0,0.0,0.0,0.0,0.0,0.0,0.0,0.0,0.0,0.0,0.0,0.0,0.0,0.0,0.0,0.0,0.0,0.0,0.0,0.0,0.0,0.0,0.0,0.0,0.0,0.0,0.0,0.0,0.0,0.0,0.0,0.0,0.02242120243949321,0.02242120243949321,0.02242120243949321,-0.0002763532964433924,-0.0002763532964433924,-0.0002763532964433924,0.0226975557359366,0.0226975557359366,0.0226975557359366,0.0,0.0,0.0,5231845.820303507
2024-04-25,5130390.816805835,5160827.308193858,5333240.053348838,5130390.816805835,5130390.816805835,0.0,0.0,0.0,0.0,0.0,0.0,0.0,0.0,0.0,0.0,0.0,0.0,0.0,0.0,0.0,0.0,0.0,0.0,0.0,0.0,0.0,0.0,0.0,0.0,0.0,0.0,0.0,0.0,0.0,0.0,0.0,0.0,0.0,0.022123821578944575,0.022123821578944575,0.022123821578944575,-3.3567310997929875e-05,-3.3567310997929875e-05,-3.3567310997929875e-05,0.022157388889942505,0.022157388889942505,0.022157388889942505,0.0,0.0,0.0,5243894.667867103
2024-04-26,5143667.661581023,5166836.229934322,5345705.024162159,5143667.661581023,5143667.661581023,0.0,0.0,0.0,0.0,0.0,0.0,0.0,0.0,0.0,0.0,0.0,0.0,0.0,0.0,0.0,0.0,0.0,0.0,0.0,0.0,0.0,0.0,0.0,0.0,0.0,0.0,0.0,0.0,0.0,0.0,0.0,0.0,0.0,0.02155808270146223,0.02155808270146223,0.02155808270146223,-4.983770822640163e-06,-4.983770822640163e-06,-4.983770822640163e-06,0.021563066472284873,0.021563066472284873,0.021563066472284873,0.0,0.0,0.0,5254555.274418224
2024-04-27,5156944.5063562095,5177517.975543963,5358661.833550773,5156944.5063562095,5156944.5063562095,0.0,0.0,0.0,0.0,0.0,0.0,0.0,0.0,0.0,0.0,0.0,0.0,0.0,0.0,0.0,0.0,0.0,0.0,0.0,0.0,0.0,0.0,0.0,0.0,0.0,0.0,0.0,0.0,0.0,0.0,0.0,0.0,0.0,0.021578068149113106,0.021578068149113106,0.021578068149113106,0.0006527986307423629,0.0006527986307423629,0.0006527986307423629,0.020925269518370742,0.020925269518370742,0.020925269518370742,0.0,0.0,0.0,5268221.406355558
2024-04-28,5170221.351131396,5192167.9642694825,5372075.561555402,5170221.351131396,5170221.351131396,0.0,0.0,0.0,0.0,0.0,0.0,0.0,0.0,0.0,0.0,0.0,0.0,0.0,0.0,0.0,0.0,0.0,0.0,0.0,0.0,0.0,0.0,0.0,0.0,0.0,0.0,0.0,0.0,0.0,0.0,0.0,0.0,0.0,0.021549934584052723,0.021549934584052723,0.021549934584052723,0.0012943274964937758,0.0012943274964937758,0.0012943274964937758,0.020255607087558948,0.020255607087558948,0.020255607087558948,0.0,0.0,0.0,5281639.2830333505
2024-04-29,5183498.195906583,5193440.805346485,5370740.335167531,5183498.195906583,5183498.195906583,0.0,0.0,0.0,0.0,0.0,0.0,0.0,0.0,0.0,0.0,0.0,0.0,0.0,0.0,0.0,0.0,0.0,0.0,0.0,0.0,0.0,0.0,0.0,0.0,0.0,0.0,0.0,0.0,0.0,0.0,0.0,0.0,0.0,0.018867040266216963,0.018867040266216963,0.018867040266216963,-0.0006993391191659747,-0.0006993391191659747,-0.0006993391191659747,0.01956637938538294,0.01956637938538294,0.01956637938538294,0.0,0.0,0.0,5281295.465088616
2024-04-30,5196775.040681771,5200688.956433195,5373925.952347516,5196775.040681771,5196775.040681771,0.0,0.0,0.0,0.0,0.0,0.0,0.0,0.0,0.0,0.0,0.0,0.0,0.0,0.0,0.0,0.0,0.0,0.0,0.0,0.0,0.0,0.0,0.0,0.0,0.0,0.0,0.0,0.0,0.0,0.0,0.0,0.0,0.0,0.01793743881210505,0.01793743881210505,0.01793743881210505,-0.0009328826298040896,-0.0009328826298040896,-0.0009328826298040896,0.01887032144190914,0.01887032144190914,0.01887032144190914,0.0,0.0,0.0,5289991.874994274
2024-05-01,5210051.885456957,5144118.095290244,5322654.008174224,5210051.885456957,5210051.885456957,0.0,0.0,0.0,0.0,0.0,0.0,0.0,0.0,0.0,0.0,0.0,0.0,0.0,0.0,0.0,0.0,0.0,0.0,0.0,0.0,0.0,-0.014208229,-0.014208229,-0.014208229,0.0,0.0,0.0,0.0,0.0,0.0,-0.014208229,-0.014208229,-0.014208229,0.0036957515050411553,0.0036957515050411553,0.0036957515050411553,-0.00027635329644240986,-0.00027635329644240986,-0.00027635329644240986,0.018180333801483563,0.018180333801483563,0.018180333801483563,0.0,0.0,0.0,5229306.942553977
2024-05-02,5223328.730232145,5224110.389254906,5405170.44922772,5223328.730232145,5223328.730232145,0.0,0.0,0.0,0.0,0.0,0.0,0.0,0.0,0.0,0.0,0.0,0.0,0.0,0.0,0.0,0.0,0.0,0.0,0.0,0.0,0.0,0.0,0.0,0.0,0.0,0.0,0.0,0.0,0.0,0.0,0.0,0.0,0.0,0.01747563976489732,0.01747563976489732,0.01747563976489732,-3.3567311000280005e-05,-3.3567311000280005e-05,-3.3567311000280005e-05,0.0175092070758976,0.0175092070758976,0.0175092070758976,0.0,0.0,0.0,5314609.741495321
2024-05-03,5236605.575007332,5235645.5213599885,5417740.8518732805,5236605.575007332,5236605.575007332,0.0,0.0,0.0,0.0,0.0,0.0,0.0,0.0,0.0,0.0,0.0,0.0,0.0,0.0,0.0,0.0,0.0,0.0,0.0,0.0,0.0,0.0,0.0,0.0,0.0,0.0,0.0,0.0,0.0,0.0,0.0,0.0,0.0,0.016864363650438058,0.016864363650438058,0.016864363650438058,-4.98377082051144e-06,-4.98377082051144e-06,-4.98377082051144e-06,0.01686934742125857,0.01686934742125857,0.01686934742125857,0.0,0.0,0.0,5324917.595718166
2024-05-04,5249882.419782518,5248796.003645594,5425942.7405445445,5249882.419782518,5249882.419782518,0.0,0.0,0.0,0.0,0.0,0.0,0.0,0.0,0.0,0.0,0.0,0.0,0.0,0.0,0.0,0.0,0.0,0.0,0.0,0.0,0.0,0.0,0.0,0.0,0.0,0.0,0.0,0.0,0.0,0.0,0.0,0.0,0.0,0.016925308642662285,0.016925308642662285,0.016925308642662285,0.0006527986307438725,0.0006527986307438725,0.0006527986307438725,0.016272510011918415,0.016272510011918415,0.016272510011918415,0.0,0.0,0.0,5338738.300075023
2024-05-05,5263159.264557706,5266199.572157943,5443205.70309737,5263159.264557706,5263159.264557706,0.0,0.0,0.0,0.0,0.0,0.0,0.0,0.0,0.0,0.0,0.0,0.0,0.0,0.0,0.0,0.0,0.0,0.0,0.0,0.0,0.0,0.0,0.0,0.0,0.0,0.0,0.0,0.0,0.0,0.0,0.0,0.0,0.0,0.017023874897874516,0.017023874897874516,0.017023874897874516,0.001294327496493158,0.001294327496493158,0.001294327496493158,0.015729547401381355,0.015729547401381355,0.015729547401381355,0.0,0.0,0.0,5352758.629445126
2024-05-06,5276436.109332893,5262665.734758124,5438930.395884477,5276436.109332893,5276436.109332893,0.0,0.0,0.0,0.0,0.0,0.0,0.0,0.0,0.0,0.0,0.0,0.0,0.0,0.0,0.0,0.0,0.0,0.0,0.0,0.0,0.0,0.0,0.0,0.0,0.0,0.0,0.0,0.0,0.0,0.0,0.0,0.0,0.0,0.014550840165727923,0.014550840165727923,0.014550840165727923,-0.0006993391191675656,-0.0006993391191675656,-0.0006993391191675656,0.015250179284895488,0.015250179284895488,0.015250179284895488,0.0,0.0,0.0,5353212.687804472
2024-05-07,5289712.95410808,5275216.601512618,5453925.136318991,5289712.95410808,5289712.95410808,0.0,0.0,0.0,0.0,0.0,0.0,0.0,0.0,0.0,0.0,0.0,0.0,0.0,0.0,0.0,0.0,0.0,0.0,0.0,0.0,0.0,0.0,0.0,0.0,0.0,0.0,0.0,0.0,0.0,0.0,0.0,0.0,0.0,0.013909906991394933,0.013909906991394933,0.013909906991394933,-0.0009328826298028264,-0.0009328826298028264,-0.0009328826298028264,0.014842789621197758,0.014842789621197758,0.014842789621197758,0.0,0.0,0.0,5363292.3693109
2024-05-08,5302989.798883267,5282156.855356497,5470735.659054295,5302989.798883267,5302989.798883267,0.0,0.0,0.0,0.0,0.0,0.0,0.0,0.0,0.0,0.0,0.0,0.0,0.0,0.0,0.0,0.0,0.0,0.0,0.0,0.0,0.0,0.0,0.0,0.0,0.0,0.0,0.0,0.0,0.0,0.0,0.0,0.0,0.0,0.014237903050511374,0.014237903050511374,0.014237903050511374,-0.00027635329644142714,-0.00027635329644142714,-0.00027635329644142714,0.014514256346952801,0.014514256346952801,0.014514256346952801,0.0,0.0,0.0,5378493.2535176175
2024-05-09,5316266.6436584545,5302255.449877201,5478527.458752393,5316266.6436584545,5316266.6436584545,0.0,0.0,0.0,0.0,0.0,0.0,0.0,0.0,0.0,0.0,0.0,0.0,0.0,0.0,0.0,0.0,0.0,0.0,0.0,0.0,0.0,0.0,0.0,0.0,0.0,0.0,0.0,0.0,0.0,0.0,0.0,0.0,0.0,0.014236250735656049,0.014236250735656049,0.014236250735656049,-3.3567310999213814e-05,-3.3567310999213814e-05,-3.3567310999213814e-05,0.014269818046655263,0.014269818046655263,0.014269818046655263,0.0,0.0,0.0,5391950.348575181
2024-05-10,5329543.48843364,5322418.240765328,5490764.558403661,5329543.48843364,5329543.48843364,0.0,0.0,0.0,0.0,0.0,0.0,0.0,0.0,0.0,0.0,0.0,0.0,0.0,0.0,0.0,0.0,0.0,0.0,0.0,0.0,0.0,0.0,0.0,0.0,0.0,0.0,0.0,0.0,0.0,0.0,0.0,0.0,0.0,0.014107997176695353,0.014107997176695353,0.014107997176695353,-4.983770821303558e-06,-4.983770821303558e-06,-4.983770821303558e-06,0.014112980947516656,0.014112980947516656,0.014112980947516656,0.0,0.0,0.0,5404732.672921537
2024-05-11,5342820.333208828,5326827.478679248,5510982.850825063,5342820.333208828,5342820.333208828,0.0,0.0,0.0,0.0,0.0,0.0,0.0,0.0,0.0,0.0,0.0,0.0,0.0,0.0,0.0,0.0,0.0,0.0,0.0,0.0,0.0,0.0,0.0,0.0,0.0,0.0,0.0,0.0,0.0,0.0,0.0,0.0,0.0,0.01469826715153368,0.01469826715153368,0.01469826715153368,0.0006527986307400728,0.0006527986307400728,0.0006527986307400728,0.014045468520793608,0.014045468520793608,0.014045468520793608,0.0,0.0,0.0,5421350.533808977
2024-05-12,5356097.177984015,5344751.1606056085,5525927.0189477075,5356097.177984015,5356097.177984015,0.0,0.0,0.0,0.0,0.0,0.0,0.0,0.0,0.0,0.0,0.0,0.0,0.0,0.0,0.0,0.0,0.0,0.0,0.0,0.0,0.0,0.0,0.0,0.0,0.0,0.0,0.0,0.0,0.0,0.0,0.0,0.0,0.0,0.015361542315163533,0.015361542315163533,0.015361542315163533,0.00129432749649254,0.00129432749649254,0.00129432749649254,0.014067214818670994,0.014067214818670994,0.014067214818670994,0.0,0.0,0.0,5438375.091427745
2024-05-13,5369374.022759202,5361231.009277276,5522980.330795527,5369374.022759202,5369374.022759202,0.0,0.0,0.0,0.0,0.0,0.0,0.0,0.0,0.0,0.0,0.0,0.0,0.0,0.0,0.0,0.0,0.0,0.0,0.0,0.0,0.0,0.0,0.0,0.0,0.0,0.0,0.0,0.0,0.0,0.0,0.0,0.0,0.0,0.013477062372485237,0.013477062372485237,0.013477062372485237,-0.000699339119168043,-0.000699339119168043,-0.000699339119168043,0.014176401491653279,0.014176401491653279,0.014176401491653279,0.0,0.0,0.0,5441737.411365129
2024-05-14,5382650.867534389,5369162.943775427,5547438.441327904,5382650.867534389,5382650.867534389,0.0,0.0,0.0,0.0,0.0,0.0,0.0,0.0,0.0,0.0,0.0,0.0,0.0,0.0,0.0,0.0,0.0,0.0,0.0,0.0,0.0,0.0,0.0,0.0,0.0,0.0,0.0,0.0,0.0,0.0,0.0,0.0,0.0,0.013436654618936828,0.013436654618936828,0.013436654618936828,-0.0009328826298039761,-0.0009328826298039761,-0.0009328826298039761,0.014369537248740804,0.014369537248740804,0.014369537248740804,0.0,0.0,0.0,5454975.6881757695
2024-05-15,5395927.712309575,5383065.7232928965,5566580.84006077,5395927.712309575,5395927.712309575,0.0,0.0,0.0,0.0,0.0,0.0,0.0,0.0,0.0,0.0,0.0,0.0,0.0,0.0,0.0,0.0,0.0,0.0,0.0,0.0,0.0,0.0,0.0,0.0,0.0,0.0,0.0,0.0,0.0,0.0,0.0,0.0,0.0,0.0143652240784291,0.0143652240784291,0.0143652240784291,-0.000276353296442062,-0.000276353296442062,-0.000276353296442062,0.014641577374871163,0.014641577374871163,0.014641577374871163,0.0,0.0,0.0,5473441.423007907
2024-05-16,5406483.358085587,5394750.008877562,5573378.252196616,5406483.358085587,5406483.358085587,0.0,0.0,0.0,0.0,0.0,0.0,0.0,0.0,0.0,0.0,0.0,0.0,0.0,0.0,0.0,0.0,0.0,0.0,0.0,0.0,0.0,0.0,0.0,0.0,0.0,0.0,0.0,0.0,0.0,0.0,0.0,0.0,0.0,0.014952512528592568,0.014952512528592568,0.014952512528592568,-3.356731100016989e-05,-3.356731100016989e-05,-3.356731100016989e-05,0.014986079839592738,0.014986079839592738,0.014986079839592738,0.0,0.0,0.0,5487323.868232989
2024-05-17,5417039.003861597,5409818.902935478,5588086.695525931,5417039.003861597,5417039.003861597,0.0,0.0,0.0,0.0,0.0,0.0,0.0,0.0,0.0,0.0,0.0,0.0,0.0,0.0,0.0,0.0,0.0,0.0,0.0,0.0,0.0,0.0,0.0,0.0,0.0,0.0,0.0,0.0,0.0,0.0,0.0,0.0,0.0,0.015390409777383103,0.015390409777383103,0.015390409777383103,-4.983770822095731e-06,-4.983770822095731e-06,-4.983770822095731e-06,0.0153953935482052,0.0153953935482052,0.0153953935482052,0.0,0.0,0.0,5500409.453911094
2024-05-18,5427594.649637608,5429643.741810211,5606479.2356918715,5427594.649637608,5427594.649637608,0.0,0.0,0.0,0.0,0.0,0.0,0.0,0.0,0.0,0.0,0.0,0.0,0.0,0.0,0.0,0.0,0.0,0.0,0.0,0.0,0.0,0.0,0.0,0.0,0.0,0.0,0.0,0.0,0.0,0.0,0.0,0.0,0.0,0.016513672060160505,0.016513672060160505,0.016513672060160505,0.0006527986307415825,0.0006527986307415825,0.0006527986307415825,0.015860873429418925,0.015860873429418925,0.015860873429418925,0.0,0.0,0.0,5517224.167757205
2024-05-19,5438150.295413618,5448189.9256995,5626212.692706457,5438150.295413618,5438150.295413618,0.0,0.0,0.0,0.0,0.0,0.0,0.0,0.0,0.0,0.0,0.0,0.0,0.0,0.0,0.0,0.0,0.0,0.0,0.0,0.0,0.0,0.0,0.0,0.0,0.0,0.0,0.0,0.0,0.0,0.0,0.0,0.0,0.0,0.017667443842621568,0.017667443842621568,0.017667443842621568,0.0012943274964919225,0.0012943274964919225,0.0012943274964919225,0.016373116346129646,0.016373116346129646,0.016373116346129646,0.0,0.0,0.0,5534228.510365575
2024-05-20,5448705.94118963,5445375.549457888,5624864.224309865,5448705.94118963,5448705.94118963,0.0,0.0,0.0,0.0,0.0,0.0,0.0,0.0,0.0,0.0,0.0,0.0,0.0,0.0,0.0,0.0,0.0,0.0,0.0,0.0,0.0,0.0,0.0,0.0,0.0,0.0,0.0,0.0,0.0,0.0,0.0,0.0,0.0,0.016222872158868216,0.016222872158868216,0.016222872158868216,-0.000699339119169634,-0.000699339119169634,-0.000699339119169634,0.016922211278037853,0.016922211278037853,0.016922211278037853,0.0,0.0,0.0,5537099.601104815
2024-05-21,5459261.58696564,5461092.365429384,5634608.10598927,5459261.58696564,5459261.58696564,0.0,0.0,0.0,0.0,0.0,0.0,0.0,0.0,0.0,0.0,0.0,0.0,0.0,0.0,0.0,0.0,0.0,0.0,0.0,0.0,0.0,0.0,0.0,0.0,0.0,0.0,0.0,0.0,0.0,0.0,0.0,0.0,0.0,0.016565114241930013,0.016565114241930013,0.016565114241930013,-0.0009328826298027129,-0.0009328826298027129,-0.0009328826298027129,0.017497996871732726,0.017497996871732726,0.017497996871732726,0.0,0.0,0.0,5549694.878830306
2024-05-22,5469817.23274165,5472515.606623019,5656727.283036893,5469817.23274165,5469817.23274165,0.0,0.0,0.0,0.0,0.0,0.0,0.0,0.0,0.0,0.0,0.0,0.0,0.0,0.0,0.0,0.0,0.0,0.0,0.0,0.0,0.0,0.0,0.0,0.0,0.0,0.0,0.0,0.0,0.0,0.0,0.0,0.0,0.0,0.017813965998733042,0.017813965998733042,0.017813965998733042,-0.0002763532964444635,-0.0002763532964444635,-0.0002763532964444635,0.018090319295177505,0.018090319295177505,0.018090319295177505,0.0,0.0,0.0,5567256.3709449945
2024-05-23,5480372.878517661,5500236.976836614,5673254.548176965,5480372.878517661,5480372.878517661,0.0,0.0,0.0,0.0,0.0,0.0,0.0,0.0,0.0,0.0,0.0,0.0,0.0,0.0,0.0,0.0,0.0,0.0,0.0,0.0,0.0,0.0,0.0,0.0,0.0,0.0,0.0,0.0,0.0,0.0,0.0,0.0,0.0,0.018655716062654846,0.018655716062654846,0.018655716062654846,-3.356731099910369e-05,-3.356731099910369e-05,-3.356731099910369e-05,0.01868928337365395,0.01868928337365395,0.01868928337365395,0.0,0.0,0.0,5582613.158856761
2024-05-24,5490928.524293671,5509627.381563838,5688141.435268712,5490928.524293671,5490928.524293671,0.0,0.0,0.0,0.0,0.0,0.0,0.0,0.0,0.0,0.0,0.0,0.0,0.0,0.0,0.0,0.0,0.0,0.0,0.0,0.0,0.0,0.0,0.0,0.0,0.0,0.0,0.0,0.0,0.0,0.0,0.0,0.0,0.0,0.019280506450725543,0.019280506450725543,0.019280506450725543,-4.983770819966981e-06,-4.983770819966981e-06,-4.983770819966981e-06,0.019285490221545513,0.019285490221545513,0.019285490221545513,0.0,0.0,0.0,5596796.407126788
2024-05-25,5501484.1700696815,5528829.168851017,5708806.556374851,5501484.1700696815,5501484.1700696815,0.0,0.0,0.0,0.0,0.0,0.0,0.0,0.0,0.0,0.0,0.0,0.0,0.0,0.0,0.0,0.0,0.0,0.0,0.0,0.0,0.0,0.0,0.0,0.0,0.0,0.0,0.0,0.0,0.0,0.0,0.0,0.0,0.0,0.020523053642639604,0.020523053642639604,0.020523053642639604,0.000652798630741245,0.000652798630741245,0.000652798630741245,0.019870255011898357,0.019870255011898357,0.019870255011898357,0.0,0.0,0.0,5614391.424806153
2024-05-26,5512039.815845693,5545840.2933167685,5719870.07336983,5512039.815845693,5512039.815845693,0.0,0.0,0.0,0.0,0.0,0.0,0.0,0.0,0.0,0.0,0.0,0.0,0.0,0.0,0.0,0.0,0.0,0.0,0.0,0.0,0.0,0.0,0.0,0.0,0.0,0.0,0.0,0.0,0.0,0.0,0.0,0.0,0.0,0.021730126627433177,0.021730126627433177,0.021730126627433177,0.0012943274964949622,0.0012943274964949622,0.0012943274964949622,0.020435799130938216,0.020435799130938216,0.020435799130938216,0.0,0.0,0.0,5631817.139019474
2024-05-27,5522595.461621704,5552347.171950489,5724267.155967187,5522595.461621704,5522595.461621704,0.0,0.0,0.0,0.0,0.0,0.0,0.0,0.0,0.0,0.0,0.0,0.0,0.0,0.0,0.0,0.0,0.0,0.0,0.0,0.0,0.0,0.0,0.0,0.0,0.0,0.0,0.0,0.0,0.0,0.0,0.0,0.0,0.0,0.02027607261078315,0.02027607261078315,0.02027607261078315,-0.0006993391191642745,-0.0006993391191642745,-0.0006993391191642745,0.02097541172994742,0.02097541172994742,0.02097541172994742,0.0,0.0,0.0,5634572.0082015265
2024-05-28,5533151.107397714,5554604.373201425,5734673.575801698,5533151.107397714,5533151.107397714,0.0,0.0,0.0,0.0,0.0,0.0,0.0,0.0,0.0,0.0,0.0,0.0,0.0,0.0,0.0,0.0,0.0,0.0,0.0,0.0,0.0,0.0,0.0,0.0,0.0,0.0,0.0,0.0,0.0,0.0,0.0,0.0,0.0,0.02055069396029477,0.02055069396029477,0.02055069396029477,-0.0009328826298014494,-0.0009328826298014494,-0.0009328826298014494,0.02148357659009622,0.02148357659009622,0.02148357659009622,0.0,0.0,0.0,5646861.20244191
2024-05-29,5543706.753173725,5576799.941562956,5744820.812235381,5543706.753173725,5543706.753173725,0.0,0.0,0.0,0.0,0.0,0.0,0.0,0.0,0.0,0.0,0.0,0.0,0.0,0.0,0.0,0.0,0.0,0.0,0.0,0.0,0.0,0.0,0.0,0.0,0.0,0.0,0.0,0.0,0.0,0.0,0.0,0.0,0.0,0.021679707934305476,0.021679707934305476,0.021679707934305476,-0.00027635329644509836,-0.00027635329644509836,-0.00027635329644509836,0.021956061230750574,0.021956061230750574,0.021956061230750574,0.0,0.0,0.0,5663892.696455968
2024-05-30,5554262.398949735,5587291.98736205,5765578.812808671,5554262.398949735,5554262.398949735,0.0,0.0,0.0,0.0,0.0,0.0,0.0,0.0,0.0,0.0,0.0,0.0,0.0,0.0,0.0,0.0,0.0,0.0,0.0,0.0,0.0,0.0,0.0,0.0,0.0,0.0,0.0,0.0,0.0,0.0,0.0,0.0,0.0,0.022356398978243784,0.022356398978243784,0.022356398978243784,-3.356731099974566e-05,-3.356731099974566e-05,-3.356731099974566e-05,0.02238996628924353,0.02238996628924353,0.02238996628924353,0.0,0.0,0.0,5678435.705170513
2024-05-31,5564818.044725746,5599492.363458296,5777955.52549722,5564818.044725746,5564818.044725746,0.0,0.0,0.0,0.0,0.0,0.0,0.0,0.0,0.0,0.0,0.0,0.0,0.0,0.0,0.0,0.0,0.0,0.0,0.0,0.0,0.0,0.0,0.0,0.0,0.0,0.0,0.0,0.0,0.0,0.0,0.0,0.0,0.0,0.022778750577637234,0.022778750577637234,0.022778750577637234,-4.983770820759126e-06,-4.983770820759126e-06,-4.983770820759126e-06,0.022783734348457995,0.022783734348457995,0.022783734348457995,0.0,0.0,0.0,5691577.64697649
2024-06-01,5575373.690501757,5617516.038887031,5788454.82387465,5575373.690501757,5575373.690501757,0.0,0.0,0.0,0.0,0.0,0.0,0.0,0.0,0.0,0.0,0.0,0.0,0.0,0.0,0.0,0.0,0.0,0.0,0.0,0.0,0.0,0.0,0.0,0.0,0.0,0.0,0.0,0.0,0.0,0.0,0.0,0.0,0.0,0.023789917185553646,0.023789917185553646,0.023789917185553646,0.0006527986307427547,0.0006527986307427547,0.0006527986307427547,0.023137118554810893,0.023137118554810893,0.023137118554810893,0.0,0.0,0.0,5708011.3688773075
2024-06-02,5585929.336277767,5633551.789309713,5814002.0957678845,5585929.336277767,5585929.336277767,0.0,0.0,0.0,0.0,0.0,0.0,0.0,0.0,0.0,0.0,0.0,0.0,0.0,0.0,0.0,0.0,0.0,0.0,0.0,0.0,0.0,0.0,0.0,0.0,0.0,0.0,0.0,0.0,0.0,0.0,0.0,0.0,0.0,0.024745440016430184,0.024745440016430184,0.024745440016430184,0.0012943274964943444,0.0012943274964943444,0.0012943274964943444,0.02345111251993584,0.02345111251993584,0.02345111251993584,0.0,0.0,0.0,5724155.6156046465
2024-06-03,5596484.982053778,5634178.910272346,5815715.76282555,5596484.982053778,5596484.982053778,0.0,0.0,0.0,0.0,0.0,0.0,0.0,0.0,0.0,0.0,0.0,0.0,0.0,0.0,0.0,0.0,0.0,0.0,0.0,0.0,0.0,0.0,0.0,0.0,0.0,0.0,0.0,0.0,0.0,0.0,0.0,0.0,0.0,0.02302850498226279,0.02302850498226279,0.02302850498226279,-0.0006993391191658653,-0.0006993391191658653,-0.0006993391191658653,0.023727844101428655,0.023727844101428655,0.023727844101428655,0.0,0.0,0.0,5725363.664346162
2024-06-04,5607040.627829788,5649642.020257544,5820682.3941488555,5607040.627829788,5607040.627829788,0.0,0.0,0.0,0.0,0.0,0.0,0.0,0.0,0.0,0.0,0.0,0.0,0.0,0.0,0.0,0.0,0.0,0.0,0.0,0.0,0.0,0.0,0.0,0.0,0.0,0.0,0.0,0.0,0.0,0.0,0.0,0.0,0.0,0.02303755405024773,0.02303755405024773,0.02303755405024773,-0.0009328826298025991,-0.0009328826298025991,-0.0009328826298025991,0.02397043668005033,0.02397043668005033,0.02397043668005033,0.0,0.0,0.0,5736213.129355351
2024-06-05,5617596.273605798,5664069.550257134,5839806.5744321905,5617596.273605798,5617596.273605798,0.0,0.0,0.0,0.0,0.0,0.0,0.0,0.0,0.0,0.0,0.0,0.0,0.0,0.0,0.0,0.0,0.0,0.0,0.0,0.0,0.0,0.0,0.0,0.0,0.0,0.0,0.0,0.0,0.0,0.0,0.0,0.0,0.0,0.023906489167143597,0.023906489167143597,0.023906489167143597,-0.00027635329644249806,-0.00027635329644249806,-0.00027635329644249806,0.024182842463586096,0.024182842463586096,0.024182842463586096,0.0,0.0,0.0,5751893.278066142
2024-06-06,5628151.919381809,5670735.230631032,5852481.023962759,5628151.919381809,5628151.919381809,0.0,0.0,0.0,0.0,0.0,0.0,0.0,0.0,0.0,0.0,0.0,0.0,0.0,0.0,0.0,0.0,0.0,0.0,0.0,0.0,0.0,0.0,0.0,0.0,0.0,0.0,0.0,0.0,0.0,0.0,0.0,0.0,0.0,0.024336085814131846,0.024336085814131846,0.024336085814131846,-3.356731100038763e-05,-3.356731100038763e-05,-3.356731100038763e-05,0.024369653125132233,0.024369653125132233,0.024369653125132233,0.0,0.0,0.0,5765119.107466857
2024-06-07,5638707.5651578205,5694806.432179436,5870154.959595673,5638707.5651578205,5638707.5651578205,0.0,0.0,0.0,0.0,0.0,0.0,0.0,0.0,0.0,0.0,0.0,0.0,0.0,0.0,0.0,0.0,0.0,0.0,0.0,0.0,0.0,0.0,0.0,0.0,0.0,0.0,0.0,0.0,0.0,0.0,0.0,0.0,0.0,0.024530909933215883,0.024530909933215883,0.024530909933215883,-4.983770821940446e-06,-4.983770821940446e-06,-4.983770821940446e-06,0.024535893704037824,0.024535893704037824,0.024535893704037824,0.0,0.0,0.0,5777030.19257845
2024-06-08,5649263.2109338315,5705774.728066029,5883656.410942969,5649263.2109338315,5649263.2109338315,0.0,0.0,0.0,0.0,0.0,0.0,0.0,0.0,0.0,0.0,0.0,0.0,0.0,0.0,0.0,0.0,0.0,0.0,0.0,0.0,0.0,0.0,0.0,0.0,0.0,0.0,0.0,0.0,0.0,0.0,0.0,0.0,0.0,0.025339604774280104,0.025339604774280104,0.025339604774280104,0.0006527986307442641,0.0006527986307442641,0.0006527986307442641,0.024686806143535838,0.024686806143535838,0.024686806143535838,0.0,0.0,0.0,5792413.307964776
2024-06-09,5659818.856709842,5718273.877211132,5896704.565828923,5659818.856709842,5659818.856709842,0.0,0.0,0.0,0.0,0.0,0.0,0.0,0.0,0.0,0.0,0.0,0.0,0.0,0.0,0.0,0.0,0.0,0.0,0.0,0.0,0.0,0.0,0.0,0.0,0.0,0.0,0.0,0.0,0.0,0.0,0.0,0.0,0.0,0.0261219565945566,0.0261219565945566,0.0261219565945566,0.001294327496493523,0.001294327496493523,0.001294327496493523,0.024827629098063075,0.024827629098063075,0.024827629098063075,0.0,0.0,0.0,5807664.399217868
2024-06-10,5670374.502485852,5714264.1757417265,5900472.533079495,5670374.502485852,5670374.502485852,0.0,0.0,0.0,0.0,0.0,0.0,0.0,0.0,0.0,0.0,0.0,0.0,0.0,0.0,0.0,0.0,0.0,0.0,0.0,0.0,0.0,0.0,0.0,0.0,0.0,0.0,0.0,0.0,0.0,0.0,0.0,0.0,0.0,0.02426404158918637,0.02426404158918637,0.02426404158918637,-0.0006993391191668994,-0.0006993391191668994,-0.0006993391191668994,0.024963380708353272,0.024963380708353272,0.024963380708353272,0.0,0.0,0.0,5807960.70524043
2024-06-11,5680930.148261863,5723965.572776721,5914585.253264665,5680930.148261863,5680930.148261863,0.0,0.0,0.0,0.0,0.0,0.0,0.0,0.0,0.0,0.0,0.0,0.0,0.0,0.0,0.0,0.0,0.0,0.0,0.0,0.0,0.0,0.0,0.0,0.0,0.0,0.0,0.0,0.0,0.0,0.0,0.0,0.0,0.0,0.02416576828266274,0.02416576828266274,0.02416576828266274,-0.0009328826298013359,-0.0009328826298013359,-0.0009328826298013359,0.02509865091246408,0.02509865091246408,0.02509865091246408,0.0,0.0,0.0,5818214.189854752
2024-06-12,5691485.794037873,5744496.574131418,5922127.319159212,5691485.794037873,5691485.794037873,0.0,0.0,0.0,0.0,0.0,0.0,0.0,0.0,0.0,0.0,0.0,0.0,0.0,0.0,0.0,0.0,0.0,0.0,0.0,0.0,0.0,0.0,0.0,0.0,0.0,0.0,0.0,0.0,0.0,0.0,0.0,0.0,0.0,0.024961056243795538,0.024961056243795538,0.024961056243795538,-0.00027635329644489957,-0.00027635329644489957,-0.00027635329644489957,0.025237409540240438,0.025237409540240438,0.025237409540240438,0.0,0.0,0.0,5833551.291053616
2024-06-13,5702041.439813884,5758575.442946471,5934816.350464956,5702041.439813884,5702041.439813884,0.0,0.0,0.0,0.0,0.0,0.0,0.0,0.0,0.0,0.0,0.0,0.0,0.0,0.0,0.0,0.0,0.0,0.0,0.0,0.0,0.0,0.0,0.0,0.0,0.0,0.0,0.0,0.0,0.0,0.0,0.0,0.0,0.0,0.025349268626346212,0.025349268626346212,0.025349268626346212,-3.356731100102961e-05,-3.356731100102961e-05,-3.356731100102961e-05,0.02538283593734724,0.02538283593734724,0.02538283593734724,0.0,0.0,0.0,5846584.019990284
2024-06-14,5712597.085589895,5771334.475929926,5953945.502214115,5712597.085589895,5712597.085589895,0.0,0.0,0.0,0.0,0.0,0.0,0.0,0.0,0.0,0.0,0.0,0.0,0.0,0.0,0.0,0.0,0.0,0.0,0.0,0.0,0.0,0.0,0.0,0.0,0.0,0.0,0.0,0.0,0.0,0.0,0.0,0.0,0.0,0.0255321914270687,0.0255321914270687,0.0255321914270687,-4.9837708227324555e-06,-4.9837708227324555e-06,-4.9837708227324555e-06,0.02553717519789143,0.02553717519789143,0.02553717519789143,0.0,0.0,0.0,5858452.207924891
2024-06-15,5723152.732499159,5782986.043339512,5960597.5002838895,5723152.732499159,5723152.732499159,0.0,0.0,0.0,0.0,0.0,0.0,0.0,0.0,0.0,0.0,0.0,0.0,0.0,0.0,0.0,0.0,0.0,0.0,0.0,0.0,0.0,0.0,0.0,0.0,0.0,0.0,0.0,0.0,0.0,0.0,0.0,0.0,0.0,0.026354423902680852,0.026354423902680852,0.026354423902680852,0.000652798630743927,0.000652798630743927,0.000652798630743927,0.025701625271936927,0.025701625271936927,0.025701625271936927,0.0,0.0,0.0,5873983.125671228
2024-06-16,5733708.379408422,5802166.096705564,5980799.857591916,5733708.379408422,5733708.379408422,0.0,0.0,0.0,0.0,0.0,0.0,0.0,0.0,0.0,0.0,0.0,0.0,0.0,0.0,0.0,0.0,0.0,0.0,0.0,0.0,0.0,0.0,0.0,0.0,0.0,0.0,0.0,0.0,0.0,0.0,0.0,0.0,0.0,0.027170585776220845,0.027170585776220845,0.027170585776220845,0.0012943274964931088,0.0012943274964931088,0.0012943274964931088,0.025876258279727737,0.025876258279727737,0.025876258279727737,0.0,0.0,0.0,5889496.594746974
2024-06-17,5744264.026317687,5800283.788907907,5978248.621621537,5744264.026317687,5744264.026317687,0.0,0.0,0.0,0.0,0.0,0.0,0.0,0.0,0.0,0.0,0.0,0.0,0.0,0.0,0.0,0.0,0.0,0.0,0.0,0.0,0.0,0.0,0.0,0.0,0.0,0.0,0.0,0.0,0.0,0.0,0.0,0.0,0.0,0.025360639216859226,0.025360639216859226,0.025360639216859226,-0.0006993391191679338,-0.0006993391191679338,-0.0006993391191679338,0.02605997833602716,0.02605997833602716,0.02605997833602716,0.0,0.0,0.0,5889942.233855513
2024-06-18,5754819.67322695,5814545.266347859,5988783.5576422475,5754819.67322695,5754819.67322695,0.0,0.0,0.0,0.0,0.0,0.0,0.0,0.0,0.0,0.0,0.0,0.0,0.0,0.0,0.0,0.0,0.0,0.0,0.0,0.0,0.0,0.0,0.0,0.0,0.0,0.0,0.0,0.0,0.0,0.0,0.0,0.0,0.0,0.02531763446587297,0.02531763446587297,0.02531763446587297,-0.0009328826298031045,-0.0009328826298031045,-0.0009328826298031045,0.026250517095676076,0.026250517095676076,0.026250517095676076,0.0,0.0,0.0,5900518.094130725
2024-06-19,5765375.320136214,5828440.464823045,5997632.338495572,5765375.320136214,5765375.320136214,0.0,0.0,0.0,0.0,0.0,0.0,0.0,0.0,0.0,0.0,0.0,0.0,0.0,0.0,0.0,0.0,0.0,0.0,0.0,0.0,0.0,0.0,0.0,0.0,0.0,0.0,0.0,0.0,0.0,0.0,0.0,0.0,0.0,0.026168113811067442,0.026168113811067442,0.026168113811067442,-0.0002763532964439168,-0.0002763532964439168,-0.0002763532964439168,0.02644446710751136,0.02644446710751136,0.02644446710751136,0.0,0.0,0.0,5916244.317677057
2024-06-20,5775930.967045477,5841308.124354519,6015110.264115734,5775930.967045477,5775930.967045477,0.0,0.0,0.0,0.0,0.0,0.0,0.0,0.0,0.0,0.0,0.0,0.0,0.0,0.0,0.0,0.0,0.0,0.0,0.0,0.0,0.0,0.0,0.0,0.0,0.0,0.0,0.0,0.0,0.0,0.0,0.0,0.0,0.0,0.026603784629968815,0.026603784629968815,0.026603784629968815,-3.356731099996341e-05,-3.356731099996341e-05,-3.356731099996341e-05,0.02663735194096878,0.02663735194096878,0.02663735194096878,0.0,0.0,0.0,5929592.590530321
2024-06-21,5786486.6139547415,5851052.68107653,6022842.962316073,5786486.6139547415,5786486.6139547415,0.0,0.0,0.0,0.0,0.0,0.0,0.0,0.0,0.0,0.0,0.0,0.0,0.0,0.0,0.0,0.0,0.0,0.0,0.0,0.0,0.0,0.0,0.0,0.0,0.0,0.0,0.0,0.0,0.0,0.0,0.0,0.0,0.0,0.026818747190001477,0.026818747190001477,0.026818747190001477,-4.9837708220642075e-06,-4.9837708220642075e-06,-4.9837708220642075e-06,0.02682373096082354,0.02682373096082354,0.02682373096082354,0.0,0.0,0.0,5941672.935572721
2024-06-22,5797042.2608640045,5877256.468297244,6048875.978872918,5797042.2608640045,5797042.2608640045,0.0,0.0,0.0,0.0,0.0,0.0,0.0,0.0,0.0,0.0,0.0,0.0,0.0,0.0,0.0,0.0,0.0,0.0,0.0,0.0,0.0,0.0,0.0,0.0,0.0,0.0,0.0,0.0,0.0,0.0,0.0,0.0,0.0,0.027650134233206218,0.027650134233206218,0.027650134233206218,0.0006527986307454367,0.0006527986307454367,0.0006527986307454367,0.02699733560246078,0.02699733560246078,0.02699733560246078,0.0,0.0,0.0,5957331.257532463
2024-06-23,5807597.907773268,5885804.950043643,6062612.17566286,5807597.907773268,5807597.907773268,0.0,0.0,0.0,0.0,0.0,0.0,0.0,0.0,0.0,0.0,0.0,0.0,0.0,0.0,0.0,0.0,0.0,0.0,0.0,0.0,0.0,0.0,0.0,0.0,0.0,0.0,0.0,0.0,0.0,0.0,0.0,0.0,0.0,0.028445560568848997,0.028445560568848997,0.028445560568848997,0.0012943274964959451,0.0012943274964959451,0.0012943274964959451,0.02715123307235305,0.02715123307235305,0.02715123307235305,0.0,0.0,0.0,5972798.285818353
2024-06-24,5818153.554682531,5885482.941713012,6063605.4887510985,5818153.554682531,5818153.554682531,0.0,0.0,0.0,0.0,0.0,0.0,0.0,0.0,0.0,0.0,0.0,0.0,0.0,0.0,0.0,0.0,0.0,0.0,0.0,0.0,0.0,0.0,0.0,0.0,0.0,0.0,0.0,0.0,0.0,0.0,0.0,0.0,0.0,0.02657867347408142,0.02657867347408142,0.02657867347408142,-0.0006993391191689679,-0.0006993391191689679,-0.0006993391191689679,0.027278012593250387,0.027278012593250387,0.027278012593250387,0.0,0.0,0.0,5972792.358234504
2024-06-25,5828709.201591796,5889670.374521521,6075327.8114520805,5828709.201591796,5828709.201591796,0.0,0.0,0.0,0.0,0.0,0.0,0.0,0.0,0.0,0.0,0.0,0.0,0.0,0.0,0.0,0.0,0.0,0.0,0.0,0.0,0.0,0.0,0.0,0.0,0.0,0.0,0.0,0.0,0.0,0.0,0.0,0.0,0.0,0.02643710602412697,0.02643710602412697,0.02643710602412697,-0.0009328826298018413,-0.0009328826298018413,-0.0009328826298018413,0.027369988653928812,0.027369988653928812,0.027369988653928812,0.0,0.0,0.0,5982803.4047380835
2024-06-26,5839264.84850106,5912762.322782477,6083730.1316063,5839264.84850106,5839264.84850106,0.0,0.0,0.0,0.0,0.0,0.0,0.0,0.0,0.0,0.0,0.0,0.0,0.0,0.0,0.0,0.0,0.0,0.0,0.0,0.0,0.0,0.0,0.0,0.0,0.0,0.0,0.0,0.0,0.0,0.0,0.0,0.0,0.0,0.027143061932005875,0.027143061932005875,0.027143061932005875,-0.00027635329644455176,-0.00027635329644455176,-0.00027635329644455176,0.027419415228450428,0.027419415228450428,0.027419415228450428,0.0,0.0,0.0,5997760.375921309
2024-06-27,5849820.495410323,5923209.797683408,6097690.999788317,5849820.495410323,5849820.495410323,0.0,0.0,0.0,0.0,0.0,0.0,0.0,0.0,0.0,0.0,0.0,0.0,0.0,0.0,0.0,0.0,0.0,0.0,0.0,0.0,0.0,0.0,0.0,0.0,0.0,0.0,0.0,0.0,0.0,0.0,0.0,0.0,0.0,0.02738513730267095,0.02738513730267095,0.02738513730267095,-3.356731100231354e-05,-3.356731100231354e-05,-3.356731100231354e-05,0.027418704613673267,0.027418704613673267,0.027418704613673267,0.0,0.0,0.0,6010018.632873114
2024-06-28,5860376.142319588,5931412.973941302,6112277.136451063,5860376.142319588,5860376.142319588,0.0,0.0,0.0,0.0,0.0,0.0,0.0,0.0,0.0,0.0,0.0,0.0,0.0,0.0,0.0,0.0,0.0,0.0,0.0,0.0,0.0,0.0,0.0,0.0,0.0,0.0,0.0,0.0,0.0,0.0,0.0,0.0,0.0,0.027355660634376954,0.027355660634376954,0.027355660634376954,-4.983770821396068e-06,-4.983770821396068e-06,-4.983770821396068e-06,0.02736064440519835,0.02736064440519835,0.02736064440519835,0.0,0.0,0.0,6020690.603258682
2024-06-29,5870931.789228851,5943849.308070731,6121041.614201474,5870931.789228851,5870931.789228851,0.0,0.0,0.0,0.0,0.0,0.0,0.0,0.0,0.0,0.0,0.0,0.0,0.0,0.0,0.0,0.0,0.0,0.0,0.0,0.0,0.0,0.0,0.0,0.0,0.0,0.0,0.0,0.0,0.0,0.0,0.0,0.0,0.0,0.02789140482509644,0.02789140482509644,0.02789140482509644,0.0006527986307407132,0.0006527986307407132,0.0006527986307407132,0.027238606194355728,0.027238606194355728,0.027238606194355728,0.0,0.0,0.0,6034680.32446276
2024-06-30,5881487.436138115,5960953.2326905755,6133845.148227867,5881487.436138115,5881487.436138115,0.0,0.0,0.0,0.0,0.0,0.0,0.0,0.0,0.0,0.0,0.0,0.0,0.0,0.0,0.0,0.0,0.0,0.0,0.0,0.0,0.0,0.0,0.0,0.0,0.0,0.0,0.0,0.0,0.0,0.0,0.0,0.0,0.0,0.028341067316464335,0.028341067316464335,0.028341067316464335,0.0012943274964953271,0.0012943274964953271,0.0012943274964953271,0.027046739819969006,0.027046739819969006,0.027046739819969006,0.0,0.0,0.0,6048175.067486645
2024-07-01,5892043.083047378,5958205.868056339,6128825.257619813,5892043.083047378,5892043.083047378,0.0,0.0,0.0,0.0,0.0,0.0,0.0,0.0,0.0,0.0,0.0,0.0,0.0,0.0,0.0,0.0,0.0,0.0,0.0,0.0,0.0,0.0,0.0,0.0,0.0,0.0,0.0,0.0,0.0,0.0,0.0,0.0,0.0,0.026080808321596698,0.026080808321596698,0.026080808321596698,-0.0006993391191705588,-0.0006993391191705588,-0.0006993391191705588,0.026780147440767257,0.026780147440767257,0.026780147440767257,0.0,0.0,0.0,6045712.329318926
2024-07-02,5902598.729956643,5966392.103179923,6136832.884237618,5902598.729956643,5902598.729956643,0.0,0.0,0.0,0.0,0.0,0.0,0.0,0.0,0.0,0.0,0.0,0.0,0.0,0.0,0.0,0.0,0.0,0.0,0.0,0.0,0.0,0.0,0.0,0.0,0.0,0.0,0.0,0.0,0.0,0.0,0.0,0.0,0.0,0.02550214966450844,0.02550214966450844,0.02550214966450844,-0.0009328826298017842,-0.0009328826298017842,-0.0009328826298017842,0.026435032294310223,0.026435032294310223,0.026435032294310223,0.0,0.0,0.0,6053127.686177535
2024-07-03,5913154.376865906,5979858.943491135,6157948.056054464,5913154.376865906,5913154.376865906,0.0,0.0,0.0,0.0,0.0,0.0,0.0,0.0,0.0,0.0,0.0,0.0,0.0,0.0,0.0,0.0,0.0,0.0,0.0,0.0,0.0,0.0,0.0,0.0,0.0,0.0,0.0,0.0,0.0,0.0,0.0,0.0,0.0,0.025732464461811145,0.025732464461811145,0.025732464461811145,-0.0002763532964451866,-0.0002763532964451866,-0.0002763532964451866,0.026008817758256333,0.026008817758256333,0.026008817758256333,0.0,0.0,0.0,6065314.411725811
2024-07-04,5923710.02377517,5983732.827253241,6161390.088290095,5923710.02377517,5923710.02377517,0.0,0.0,0.0,0.0,0.0,0.0,0.0,0.0,0.0,0.0,0.0,0.0,0.0,0.0,0.0,0.0,0.0,0.0,0.0,0.0,0.0,0.0,0.0,0.0,0.0,0.0,0.0,0.0,0.0,0.0,0.0,0.0,0.0,0.025466665896363254,0.025466665896363254,0.025466665896363254,-3.35673109998533e-05,-3.35673109998533e-05,-3.35673109998533e-05,0.025500233207363106,0.025500233207363106,0.025500233207363106,0.0,0.0,0.0,6074567.167817589
2024-07-05,5934265.670684433,5993697.013095671,6166700.320595783,5934265.670684433,5934265.670684433,0.0,0.0,0.0,0.0,0.0,0.0,0.0,0.0,0.0,0.0,0.0,0.0,0.0,0.0,0.0,0.0,0.0,0.0,0.0,0.0,0.0,0.0,0.0,0.0,0.0,0.0,0.0,0.0,0.0,0.0,0.0,0.0,0.0,0.02490438036796431,0.02490438036796431,0.02490438036796431,-4.983770820727657e-06,-4.983770820727657e-06,-4.983770820727657e-06,0.024909364138785035,0.024909364138785035,0.024909364138785035,0.0,0.0,0.0,6082054.8801517105
2024-07-06,5944821.317593697,6002822.208717434,6176339.213974836,5944821.317593697,5944821.317593697,0.0,0.0,0.0,0.0,0.0,0.0,0.0,0.0,0.0,0.0,0.0,0.0,0.0,0.0,0.0,0.0,0.0,0.0,0.0,0.0,0.0,0.0,0.0,0.0,0.0,0.0,0.0,0.0,0.0,0.0,0.0,0.0,0.0,0.024890463720712026,0.024890463720712026,0.024890463720712026,0.0006527986307422229,0.0006527986307422229,0.0006527986307422229,0.024237665089969804,0.024237665089969804,0.024237665089969804,0.0,0.0,0.0,6092790.67692538
2024-07-07,5955376.96450296,6009303.142057218,6188195.489265618,5955376.96450296,5955376.96450296,0.0,0.0,0.0,0.0,0.0,0.0,0.0,0.0,0.0,0.0,0.0,0.0,0.0,0.0,0.0,0.0,0.0,0.0,0.0,0.0,0.0,0.0,0.0,0.0,0.0,0.0,0.0,0.0,0.0,0.0,0.0,0.0,0.0,0.02478226246326622,0.02478226246326622,0.02478226246326622,0.0012943274964945062,0.0012943274964945062,0.0012943274964945062,0.023487934966771713,0.023487934966771713,0.023487934966771713,0.0,0.0,0.0,6102964.679504963
2024-07-08,5965932.611412224,6015253.696710893,6187596.211076437,5965932.611412224,5965932.611412224,0.0,0.0,0.0,0.0,0.0,0.0,0.0,0.0,0.0,0.0,0.0,0.0,0.0,0.0,0.0,0.0,0.0,0.0,0.0,0.0,0.0,0.0,0.0,0.0,0.0,0.0,0.0,0.0,0.0,0.0,0.0,0.0,0.0,0.0219649163828843,0.0219649163828843,0.0219649163828843,-0.0006993391191710365,-0.0006993391191710365,-0.0006993391191710365,0.022664255502055336,0.022664255502055336,0.022664255502055336,0.0,0.0,0.0,6096973.822367816
2024-07-09,5976488.258321487,6006945.008166111,6192167.556705499,5976488.258321487,5976488.258321487,0.0,0.0,0.0,0.0,0.0,0.0,0.0,0.0,0.0,0.0,0.0,0.0,0.0,0.0,0.0,0.0,0.0,0.0,0.0,0.0,0.0,0.0,0.0,0.0,0.0,0.0,0.0,0.0,0.0,0.0,0.0,0.0,0.0,0.020839012014740973,0.020839012014740973,0.020839012014740973,-0.0009328826298047598,-0.0009328826298047598,-0.0009328826298047598,0.021771894644545733,0.021771894644545733,0.021771894644545733,0.0,0.0,0.0,6101032.368942607
2024-07-10,5987043.905230751,6020597.6271217605,6198892.0913962945,5987043.905230751,5987043.905230751,0.0,0.0,0.0,0.0,0.0,0.0,0.0,0.0,0.0,0.0,0.0,0.0,0.0,0.0,0.0,0.0,0.0,0.0,0.0,0.0,0.0,0.0,0.0,0.0,0.0,0.0,0.0,0.0,0.0,0.0,0.0,0.0,0.0,0.02054082440584914,0.02054082440584914,0.02054082440584914,-0.00027635329644258637,-0.00027635329644258637,-0.00027635329644258637,0.020817177702291727,0.020817177702291727,0.020817177702291727,0.0,0.0,0.0,6110022.722798206
2024-07-11,5997599.552140016,6027327.5070342,6207505.88841923,5997599.552140016,5997599.552140016,0.0,0.0,0.0,0.0,0.0,0.0,0.0,0.0,0.0,0.0,0.0,0.0,0.0,0.0,0.0,0.0,0.0,0.0,0.0,0.0,0.0,0.0,0.0,0.0,0.0,0.0,0.0,0.0,0.0,0.0,0.0,0.0,0.0,0.01977376269388605,0.01977376269388605,0.01977376269388605,-3.356731100049527e-05,-3.356731100049527e-05,-3.356731100049527e-05,0.019807330004886544,0.019807330004886544,0.019807330004886544,0.0,0.0,0.0,6116194.66241699
2024-07-12,6008155.199049279,6034665.233467269,6205001.86797676,6008155.199049279,6008155.199049279,0.0,0.0,0.0,0.0,0.0,0.0,0.0,0.0,0.0,0.0,0.0,0.0,0.0,0.0,0.0,0.0,0.0,0.0,0.0,0.0,0.0,0.0,0.0,0.0,0.0,0.0,0.0,0.0,0.0,0.0,0.0,0.0,0.0,0.01874531190493886,0.01874531190493886,0.01874531190493886,-4.983770821519911e-06,-4.983770821519911e-06,-4.983770821519911e-06,0.018750295675760382,0.018750295675760382,0.018750295675760382,0.0,0.0,0.0,6120779.942228737
2024-07-13,6018710.845958542,6035643.501392269,6217139.089644023,6018710.845958542,6018710.845958542,0.0,0.0,0.0,0.0,0.0,0.0,0.0,0.0,0.0,0.0,0.0,0.0,0.0,0.0,0.0,0.0,0.0,0.0,0.0,0.0,0.0,0.0,0.0,0.0,0.0,0.0,0.0,0.0,0.0,0.0,0.0,0.0,0.0,0.018307336427251554,0.018307336427251554,0.018307336427251554,0.0006527986307428091,0.0006527986307428091,0.0006527986307428091,0.017654537796508746,0.017654537796508746,0.017654537796508746,0.0,0.0,0.0,6128897.410273853
2024-07-14,6030079.223843298,6059211.814639397,6227519.678448773,6030079.223843298,6030079.223843298,0.0,0.0,0.0,0.0,0.0,0.0,0.0,0.0,0.0,0.0,0.0,0.0,0.0,0.0,0.0,0.0,0.0,0.0,0.0,0.0,0.0,0.0,0.0,0.0,0.0,0.0,0.0,0.0,0.0,0.0,0.0,0.0,0.0,0.017823153275490958,0.017823153275490958,0.017823153275490958,0.0012943274964936848,0.0012943274964936848,0.0012943274964936848,0.016528825778997273,0.016528825778997273,0.016528825778997273,0.0,0.0,0.0,6137554.25011321
2024-07-15,6041447.601728055,6042937.230880293,6220359.97519619,6041447.601728055,6041447.601728055,0.0,0.0,0.0,0.0,0.0,0.0,0.0,0.0,0.0,0.0,0.0,0.0,0.0,0.0,0.0,0.0,0.0,0.0,0.0,0.0,0.0,0.0,0.0,0.0,0.0,0.0,0.0,0.0,0.0,0.0,0.0,0.0,0.0,0.014682677003446028,0.014682677003446028,0.014682677003446028,-0.0006993391191662335,-0.0006993391191662335,-0.0006993391191662335,0.015382016122612262,0.015382016122612262,0.015382016122612262,0.0,0.0,0.0,6130152.225497471
2024-07-16,6052815.979612811,6048921.759539478,6226904.610931122,6052815.979612811,6052815.979612811,0.0,0.0,0.0,0.0,0.0,0.0,0.0,0.0,0.0,0.0,0.0,0.0,0.0,0.0,0.0,0.0,0.0,0.0,0.0,0.0,0.0,0.0,0.0,0.0,0.0,0.0,0.0,0.0,0.0,0.0,0.0,0.0,0.0,0.013289950283004342,0.013289950283004342,0.013289950283004342,-0.0009328826298047029,-0.0009328826298047029,-0.0009328826298047029,0.014222832912809045,0.014222832912809045,0.014222832912809045,0.0,0.0,0.0,6133257.603054039
2024-07-17,6064184.357497567,6056490.714347591,6228774.069149035,6064184.357497567,6064184.357497567,0.0,0.0,0.0,0.0,0.0,0.0,0.0,0.0,0.0,0.0,0.0,0.0,0.0,0.0,0.0,0.0,0.0,0.0,0.0,0.0,0.0,0.0,0.0,0.0,0.0,0.0,0.0,0.0,0.0,0.0,0.0,0.0,0.0,0.012783301111849965,0.012783301111849965,0.012783301111849965,-0.0002763532964432212,-0.0002763532964432212,-0.0002763532964432212,0.013059654408293186,0.013059654408293186,0.013059654408293186,0.0,0.0,0.0,6141704.652137228
2024-07-18,6075552.735382323,6058325.1253908975,6232471.945794371,6075552.735382323,6075552.735382323,0.0,0.0,0.0,0.0,0.0,0.0,0.0,0.0,0.0,0.0,0.0,0.0,0.0,0.0,0.0,0.0,0.0,0.0,0.0,0.0,0.0,0.0,0.0,0.0,0.0,0.0,0.0,0.0,0.0,0.0,0.0,0.0,0.0,0.011866744557283666,0.011866744557283666,0.011866744557283666,-3.3567310999429076e-05,-3.3567310999429076e-05,-3.3567310999429076e-05,0.011900311868283095,0.011900311868283095,0.011900311868283095,0.0,0.0,0.0,6147649.767737412
2024-07-19,6086921.113267079,6066298.683592714,6239245.843811581,6086921.113267079,6086921.113267079,0.0,0.0,0.0,0.0,0.0,0.0,0.0,0.0,0.0,0.0,0.0,0.0,0.0,0.0,0.0,0.0,0.0,0.0,0.0,0.0,0.0,0.0,0.0,0.0,0.0,0.0,0.0,0.0,0.0,0.0,0.0,0.0,0.0,0.010746922623192419,0.010746922623192419,0.010746922623192419,-4.983770819391188e-06,-4.983770819391188e-06,-4.983770819391188e-06,0.01075190639401181,0.01075190639401181,0.01075190639401181,0.0,0.0,0.0,6152336.783484837
2024-07-20,6098289.491151836,6067469.494091028,6249320.712371096,6098289.491151836,6098289.491151836,0.0,0.0,0.0,0.0,0.0,0.0,0.0,0.0,0.0,0.0,0.0,0.0,0.0,0.0,0.0,0.0,0.0,0.0,0.0,0.0,0.0,0.0,0.0,0.0,0.0,0.0,0.0,0.0,0.0,0.0,0.0,0.0,0.0,0.010273447642584829,0.010273447642584829,0.010273447642584829,0.0006527986307390094,0.0006527986307390094,0.0006527986307390094,0.00962064901184582,0.00962064901184582,0.00962064901184582,0.0,0.0,0.0,6160939.948948509
2024-07-21,6109657.869036592,6083192.212228899,6257683.6149536995,6109657.869036592,6109657.869036592,0.0,0.0,0.0,0.0,0.0,0.0,0.0,0.0,0.0,0.0,0.0,0.0,0.0,0.0,0.0,0.0,0.0,0.0,0.0,0.0,0.0,0.0,0.0,0.0,0.0,0.0,0.0,0.0,0.0,0.0,0.0,0.0,0.0,0.009806056021436,0.009806056021436,0.009806056021436,0.0012943274964932704,0.0012943274964932704,0.0012943274964932704,0.008511728524942728,0.008511728524942728,0.008511728524942728,0.0,0.0,0.0,6169569.516372171
2024-07-22,6121026.246921347,6067612.896135499,6251933.880915391,6121026.246921347,6121026.246921347,0.0,0.0,0.0,0.0,0.0,0.0,0.0,0.0,0.0,0.0,0.0,0.0,0.0,0.0,0.0,0.0,0.0,0.0,0.0,0.0,0.0,0.0,0.0,0.0,0.0,0.0,0.0,0.0,0.0,0.0,0.0,0.0,0.0,0.006729871708464897,0.006729871708464897,0.006729871708464897,-0.0006993391191672678,-0.0006993391191672678,-0.0006993391191672678,0.0074292108276321645,0.0074292108276321645,0.0074292108276321645,0.0,0.0,0.0,6162219.968287275
2024-07-23,6132394.624806104,6084929.0378146805,6250807.888612277,6132394.624806104,6132394.624806104,0.0,0.0,0.0,0.0,0.0,0.0,0.0,0.0,0.0,0.0,0.0,0.0,0.0,0.0,0.0,0.0,0.0,0.0,0.0,0.0,0.0,0.0,0.0,0.0,0.0,0.0,0.0,0.0,0.0,0.0,0.0,0.0,0.0,0.00544308980603182,0.00544308980603182,0.00544308980603182,-0.0009328826298034395,-0.0009328826298034395,-0.0009328826298034395,0.006375972435835259,0.006375972435835259,0.006375972435835259,0.0,0.0,0.0,6165773.799474951
2024-07-24,6143763.00269086,6084375.49640935,6264794.588816099,6143763.00269086,6143763.00269086,0.0,0.0,0.0,0.0,0.0,0.0,0.0,0.0,0.0,0.0,0.0,0.0,0.0,0.0,0.0,0.0,0.0,0.0,0.0,0.0,0.0,0.0,0.0,0.0,0.0,0.0,0.0,0.0,0.0,0.0,0.0,0.0,0.0,0.005077316669870074,0.005077316669870074,0.005077316669870074,-0.0002763532964422385,-0.0002763532964422385,-0.0002763532964422385,0.005353669966312312,0.005353669966312312,0.005353669966312312,0.0,0.0,0.0,6174956.833000153
2024-07-25,6155131.380575616,6093337.478840622,6267285.446338796,6155131.380575616,6155131.380575616,0.0,0.0,0.0,0.0,0.0,0.0,0.0,0.0,0.0,0.0,0.0,0.0,0.0,0.0,0.0,0.0,0.0,0.0,0.0,0.0,0.0,0.0,0.0,0.0,0.0,0.0,0.0,0.0,0.0,0.0,0.0,0.0,0.0,0.004329178916360091,0.004329178916360091,0.004329178916360091,-3.356731099836288e-05,-3.356731099836288e-05,-3.356731099836288e-05,0.004362746227358453,0.004362746227358453,0.004362746227358453,0.0,0.0,0.0,6181778.045575831
2024-07-26,6166499.758460373,6094351.5251301965,6273615.36599782,6166499.758460373,6166499.758460373,0.0,0.0,0.0,0.0,0.0,0.0,0.0,0.0,0.0,0.0,0.0,0.0,0.0,0.0,0.0,0.0,0.0,0.0,0.0,0.0,0.0,0.0,0.0,0.0,0.0,0.0,0.0,0.0,0.0,0.0,0.0,0.0,0.0,0.0033974887243716587,0.0033974887243716587,0.0033974887243716587,-4.983770822032847e-06,-4.983770822032847e-06,-4.983770822032847e-06,0.0034024724951936913,0.0034024724951936913,0.0034024724951936913,0.0,0.0,0.0,6187450.371858583
2024-07-27,6177868.1363451285,6109180.850717127,6287261.880120174,6177868.1363451285,6177868.1363451285,0.0,0.0,0.0,0.0,0.0,0.0,0.0,0.0,0.0,0.0,0.0,0.0,0.0,0.0,0.0,0.0,0.0,0.0,0.0,0.0,0.0,0.0,0.0,0.0,0.0,0.0,0.0,0.0,0.0,0.0,0.0,0.0,0.0,0.003123824107170543,0.003123824107170543,0.003123824107170543,0.0006527986307395954,0.0006527986307395954,0.0006527986307395954,0.0024710254764309476,0.0024710254764309476,0.0024710254764309476,0.0,0.0,0.0,6197166.709760364
2024-07-28,6189236.514229884,6120727.569434214,6291564.819852515,6189236.514229884,6189236.514229884,0.0,0.0,0.0,0.0,0.0,0.0,0.0,0.0,0.0,0.0,0.0,0.0,0.0,0.0,0.0,0.0,0.0,0.0,0.0,0.0,0.0,0.0,0.0,0.0,0.0,0.0,0.0,0.0,0.0,0.0,0.0,0.0,0.0,0.002859923925579477,0.002859923925579477,0.002859923925579477,0.0012943274964924492,0.0012943274964924492,0.0012943274964924492,0.001565596429087028,0.001565596429087028,0.001565596429087028,0.0,0.0,0.0,6206937.259818001
2024-07-29,6200604.892114641,6116990.286091747,6285005.653679536,6200604.892114641,6200604.892114641,0.0,0.0,0.0,0.0,0.0,0.0,0.0,0.0,0.0,0.0,0.0,0.0,0.0,0.0,0.0,0.0,0.0,0.0,0.0,0.0,0.0,0.0,0.0,0.0,0.0,0.0,0.0,0.0,0.0,0.0,0.0,0.0,0.0,-1.6810156322925846e-05,-1.6810156322925846e-05,-1.6810156322925846e-05,-0.0006993391191688586,-0.0006993391191688586,-0.0006993391191688586,0.0006825289628459327,0.0006825289628459327,0.0006825289628459327,0.0,0.0,0.0,6200500.658977108
2024-07-30,6211973.269999396,6118767.550202585,6292807.541842564,6211973.269999396,6211973.269999396,0.0,0.0,0.0,0.0,0.0,0.0,0.0,0.0,0.0,0.0,0.0,0.0,0.0,0.0,0.0,0.0,0.0,0.0,0.0,0.0,0.0,0.0,0.0,0.0,0.0,0.0,0.0,0.0,0.0,0.0,0.0,0.0,0.0,-0.001115401437413695,-0.001115401437413695,-0.001115401437413695,-0.0009328826298033827,-0.0009328826298033827,-0.0009328826298033827,-0.00018251880761031207,-0.00018251880761031207,-0.00018251880761031207,0.0,0.0,0.0,6205044.426084863
2024-07-31,6223341.647884152,6131299.477027735,6307340.647255949,6223341.647884152,6223341.647884152,0.0,0.0,0.0,0.0,0.0,0.0,0.0,0.0,0.0,0.0,0.0,0.0,0.0,0.0,0.0,0.0,0.0,0.0,0.0,0.0,0.0,0.0,0.0,0.0,0.0,0.0,0.0,0.0,0.0,0.0,0.0,0.0,0.0,-0.001310746096525719,-0.001310746096525719,-0.001310746096525719,-0.00027635329644464,-0.00027635329644464,-0.00027635329644464,-0.0010343928000810792,-0.0010343928000810792,-0.0010343928000810792,0.0,0.0,0.0,6215184.427111842
2024-08-01,6234710.025768909,6136008.315857334,6312069.454107251,6234710.025768909,6234710.025768909,0.0,0.0,0.0,0.0,0.0,0.0,0.0,0.0,0.0,0.0,0.0,0.0,0.0,0.0,0.0,0.0,0.0,0.0,0.0,0.0,0.0,0.0,0.0,0.0,0.0,0.0,0.0,0.0,0.0,0.0,0.0,0.0,0.0,-0.0019118151147369245,-0.0019118151147369245,-0.0019118151147369245,-3.356731100071301e-05,-3.356731100071301e-05,-3.356731100071301e-05,-0.0018782478037362115,-0.0018782478037362115,-0.0018782478037362115,0.0,0.0,0.0,6222790.412905642
2024-08-02,6246078.4036536645,6135572.564344047,6312148.141094803,6246078.4036536645,6246078.4036536645,0.0,0.0,0.0,0.0,0.0,0.0,0.0,0.0,0.0,0.0,0.0,0.0,0.0,0.0,0.0,0.0,0.0,0.0,0.0,0.0,0.0,0.0,0.0,0.0,0.0,0.0,0.0,0.0,0.0,0.0,0.0,0.0,0.0,-0.0027243284003097695,-0.0027243284003097695,-0.0027243284003097695,-4.983770819904097e-06,-4.983770819904097e-06,-4.983770819904097e-06,-0.0027193446294898655,-0.0027193446294898655,-0.0027193446294898655,0.0,0.0,0.0,6229062.034868029
2024-08-03,6257446.78153842,6146350.886781747,6318160.864216742,6257446.78153842,6257446.78153842,0.0,0.0,0.0,0.0,0.0,0.0,0.0,0.0,0.0,0.0,0.0,0.0,0.0,0.0,0.0,0.0,0.0,0.0,0.0,0.0,0.0,0.0,0.0,0.0,0.0,0.0,0.0,0.0,0.0,0.0,0.0,0.0,0.0,-0.0029100471713550675,-0.0029100471713550675,-0.0029100471713550675,0.0006527986307411052,0.0006527986307411052,0.0006527986307411052,-0.0035628458020961727,-0.0035628458020961727,-0.0035628458020961727,0.0,0.0,0.0,6239237.3162319
2024-08-04,6268815.159423177,6161475.549289347,6339030.561502421,6268815.159423177,6268815.159423177,0.0,0.0,0.0,0.0,0.0,0.0,0.0,0.0,0.0,0.0,0.0,0.0,0.0,0.0,0.0,0.0,0.0,0.0,0.0,0.0,0.0,0.0,0.0,0.0,0.0,0.0,0.0,0.0,0.0,0.0,0.0,0.0,0.0,-0.0031192885619745502,-0.0031192885619745502,-0.0031192885619745502,0.0012943274964918312,0.0012943274964918312,0.0012943274964918312,-0.0044136160584663815,-0.0044136160584663815,-0.0044136160584663815,0.0,0.0,0.0,6249260.915999256
2024-08-05,6280183.537307933,6156447.864476925,6330624.754553159,6280183.537307933,6280183.537307933,0.0,0.0,0.0,0.0,0.0,0.0,0.0,0.0,0.0,0.0,0.0,0.0,0.0,0.0,0.0,0.0,0.0,0.0,0.0,0.0,0.0,0.0,0.0,0.0,0.0,0.0,0.0,0.0,0.0,0.0,0.0,0.0,0.0,-0.005975372883802343,-0.005975372883802343,-0.005975372883802343,-0.0006993391191704494,-0.0006993391191704494,-0.0006993391191704494,-0.005276033764631893,-0.005276033764631893,-0.005276033764631893,0.0,0.0,0.0,6242657.098893802
2024-08-06,6291551.915192689,6154530.101947226,6340117.361946986,6291551.915192689,6291551.915192689,0.0,0.0,0.0,0.0,0.0,0.0,0.0,0.0,0.0,0.0,0.0,0.0,0.0,0.0,0.0,0.0,0.0,0.0,0.0,0.0,0.0,0.0,0.0,0.0,0.0,0.0,0.0,0.0,0.0,0.0,0.0,0.0,0.0,-0.007086701658840791,-0.007086701658840791,-0.007086701658840791,-0.0009328826298021192,-0.0009328826298021192,-0.0009328826298021192,-0.006153819029038671,-0.006153819029038671,-0.006153819029038671,0.0,0.0,0.0,6246965.563798609
2024-08-07,6302920.293077446,6167872.956485668,6343371.04471529,6302920.293077446,6302920.293077446,0.0,0.0,0.0,0.0,0.0,0.0,0.0,0.0,0.0,0.0,0.0,0.0,0.0,0.0,0.0,0.0,0.0,0.0,0.0,0.0,0.0,0.0,0.0,0.0,0.0,0.0,0.0,0.0,0.0,0.0,0.0,0.0,0.0,-0.007326237079559679,-0.007326237079559679,-0.007326237079559679,-0.0002763532964436572,-0.0002763532964436572,-0.0002763532964436572,-0.007049883783116022,-0.007049883783116022,-0.007049883783116022,0.0,0.0,0.0,6256743.604716793
2024-08-08,6314288.670962201,6179926.829286743,6350252.189763989,6314288.670962201,6314288.670962201,0.0,0.0,0.0,0.0,0.0,0.0,0.0,0.0,0.0,0.0,0.0,0.0,0.0,0.0,0.0,0.0,0.0,0.0,0.0,0.0,0.0,0.0,0.0,0.0,0.0,0.0,0.0,0.0,0.0,0.0,0.0,0.0,0.0,-0.007999775746689645,-0.007999775746689645,-0.007999775746689645,-3.356731099964682e-05,-3.356731099964682e-05,-3.356731099964682e-05,-0.007966208435689999,-0.007966208435689999,-0.007966208435689999,0.0,0.0,0.0,6263775.777594641
2024-08-09,6325657.048846958,6177514.5386497555,6355594.45362723,6325657.048846958,6325657.048846958,0.0,0.0,0.0,0.0,0.0,0.0,0.0,0.0,0.0,0.0,0.0,0.0,0.0,0.0,0.0,0.0,0.0,0.0,0.0,0.0,0.0,0.0,0.0,0.0,0.0,0.0,0.0,0.0,0.0,0.0,0.0,0.0,0.0,-0.008908732676869249,-0.008908732676869249,-0.008908732676869249,-4.983770820696351e-06,-4.983770820696351e-06,-4.983770820696351e-06,-0.008903748906048552,-0.008903748906048552,-0.008903748906048552,0.0,0.0,0.0,6269303.461193227
2024-08-10,6337025.426731714,6189745.050675111,6371250.24654298,6337025.426731714,6337025.426731714,0.0,0.0,0.0,0.0,0.0,0.0,0.0,0.0,0.0,0.0,0.0,0.0,0.0,0.0,0.0,0.0,0.0,0.0,0.0,0.0,0.0,0.0,0.0,0.0,0.0,0.0,0.0,0.0,0.0,0.0,0.0,0.0,0.0,-0.009209578293576711,-0.009209578293576711,-0.009209578293576711,0.0006527986307416913,0.0006527986307416913,0.0006527986307416913,-0.009862376924318402,-0.009862376924318402,-0.009862376924318402,0.0,0.0,0.0,6278664.094915842
2024-08-11,6348393.80461647,6196311.671165326,6374818.22744472,6348393.80461647,6348393.80461647,0.0,0.0,0.0,0.0,0.0,0.0,0.0,0.0,0.0,0.0,0.0,0.0,0.0,0.0,0.0,0.0,0.0,0.0,0.0,0.0,0.0,0.0,0.0,0.0,0.0,0.0,0.0,0.0,0.0,0.0,0.0,0.0,0.0,-0.009546527988484274,-0.009546527988484274,-0.009546527988484274,0.001294327496494871,0.001294327496494871,0.001294327496494871,-0.010840855484979145,-0.010840855484979145,-0.010840855484979145,0.0,0.0,0.0,6287788.685478779
2024-08-12,6359762.182501225,6190406.111297575,6374701.204787632,6359762.182501225,6359762.182501225,0.0,0.0,0.0,0.0,0.0,0.0,0.0,0.0,0.0,0.0,0.0,0.0,0.0,0.0,0.0,0.0,0.0,0.0,0.0,0.0,0.0,0.0,0.0,0.0,0.0,0.0,0.0,0.0,0.0,0.0,0.0,0.0,0.0,-0.012536189398408011,-0.012536189398408011,-0.012536189398408011,-0.0006993391191639766,-0.0006993391191639766,-0.0006993391191639766,-0.011836850279244034,-0.011836850279244034,-0.011836850279244034,0.0,0.0,0.0,6280034.999252557
2024-08-13,6371130.564194624,6191408.075128159,6376106.590802974,6371130.564194624,6371130.564194624,0.0,0.0,0.0,0.0,0.0,0.0,0.0,0.0,0.0,0.0,0.0,0.0,0.0,0.0,0.0,0.0,0.0,0.0,0.0,0.0,0.0,0.0,0.0,0.0,0.0,0.0,0.0,0.0,0.0,0.0,0.0,0.0,0.0,-0.013779859475693703,-0.013779859475693703,-0.013779859475693703,-0.0009328826298032692,-0.0009328826298032692,-0.0009328826298032692,-0.012846976845890434,-0.012846976845890434,-0.012846976845890434,0.0,0.0,0.0,6283337.280318725
2024-08-14,6382498.945888025,6205541.080539885,6385163.476477935,6382498.945888025,6382498.945888025,0.0,0.0,0.0,0.0,0.0,0.0,0.0,0.0,0.0,0.0,0.0,0.0,0.0,0.0,0.0,0.0,0.0,0.0,0.0,0.0,0.0,0.0,0.0,0.0,0.0,0.0,0.0,0.0,0.0,0.0,0.0,0.0,0.0,-0.014143235396783539,-0.014143235396783539,-0.014143235396783539,-0.0002763532964442922,-0.0002763532964442922,-0.0002763532964442922,-0.013866882100339248,-0.013866882100339248,-0.013866882100339248,0.0,0.0,0.0,6292229.760876608
2024-08-15,6393867.327581422,6186448.504245939,6364982.851511428,6393867.327581422,6393867.327581422,0.0,0.0,0.0,-0.0044775376,-0.0044775376,-0.0044775376,0.0,0.0,0.0,0.0,0.0,0.0,0.0,0.0,0.0,0.0,0.0,0.0,0.0,0.0,0.0,0.0,0.0,0.0,0.0,0.0,0.0,0.0,0.0,0.0,-0.0044775376,-0.0044775376,-0.0044775376,-0.01940246277134296,-0.01940246277134296,-0.01940246277134296,-3.356731100028879e-05,-3.356731100028879e-05,-3.356731100028879e-05,-0.014891357860342673,-0.014891357860342673,-0.014891357860342673,0.0,0.0,0.0,6269810.554793118
2024-08-16,6405235.709274823,6214510.143572283,6395473.215406056,6405235.709274823,6405235.709274823,0.0,0.0,0.0,0.0,0.0,0.0,0.0,0.0,0.0,0.0,0.0,0.0,0.0,0.0,0.0,0.0,0.0,0.0,0.0,0.0,0.0,0.0,0.0,0.0,0.0,0.0,0.0,0.0,0.0,0.0,0.0,0.0,0.0,-0.015919466785039707,-0.015919466785039707,-0.015919466785039707,-4.983770821877616e-06,-4.983770821877616e-06,-4.983770821877616e-06,-0.015914483014217832,-0.015914483014217832,-0.015914483014217832,0.0,0.0,0.0,6303267.772150672
2024-08-17,6416604.090968222,6225601.106946374,6398306.244121357,6416604.090968222,6416604.090968222,0.0,0.0,0.0,0.0,0.0,0.0,0.0,0.0,0.0,0.0,0.0,0.0,0.0,0.0,0.0,0.0,0.0,0.0,0.0,0.0,0.0,0.0,0.0,0.0,0.0,0.0,0.0,0.0,0.0,0.0,0.0,0.0,0.0,-0.016276991472510462,-0.016276991472510462,-0.016276991472510462,0.000652798630743201,0.000652798630743201,0.000652798630743201,-0.016929790103253663,-0.016929790103253663,-0.016929790103253663,0.0,0.0,0.0,6312161.0808970565
2024-08-18,6427972.472661621,6234784.159614559,6407716.048962441,6427972.472661621,6427972.472661621,0.0,0.0,0.0,0.0,0.0,0.0,0.0,0.0,0.0,0.0,0.0,0.0,0.0,0.0,0.0,0.0,0.0,0.0,0.0,0.0,0.0,0.0,0.0,0.0,0.0,0.0,0.0,0.0,0.0,0.0,0.0,0.0,0.0,-0.016636123843204554,-0.016636123843204554,-0.016636123843204554,0.0012943274964942533,0.0012943274964942533,0.0012943274964942533,-0.017930451339698807,-0.017930451339698807,-0.017930451339698807,0.0,0.0,0.0,6321035.926545712
2024-08-19,6439340.85435502,6220514.147530176,6398472.632722459,6439340.85435502,6439340.85435502,0.0,0.0,0.0,0.0,0.0,0.0,0.0,0.0,0.0,0.0,0.0,0.0,0.0,0.0,0.0,0.0,0.0,0.0,0.0,0.0,0.0,0.0,0.0,0.0,0.0,0.0,0.0,0.0,0.0,0.0,0.0,0.0,0.0,-0.01960881759721091,-0.01960881759721091,-0.01960881759721091,-0.0006993391191650109,-0.0006993391191650109,-0.0006993391191650109,-0.0189094784780459,-0.0189094784780459,-0.0189094784780459,0.0,0.0,0.0,6313072.9940957045
2024-08-20,6450709.23604842,6219964.768104349,6407166.5806382,6450709.23604842,6450709.23604842,0.0,0.0,0.0,0.0,0.0,0.0,0.0,0.0,0.0,0.0,0.0,0.0,0.0,0.0,0.0,0.0,0.0,0.0,0.0,0.0,0.0,0.0,0.0,0.0,0.0,0.0,0.0,0.0,0.0,0.0,0.0,0.0,0.0,-0.020792813147858132,-0.020792813147858132,-0.020792813147858132,-0.0009328826298020057,-0.0009328826298020057,-0.0009328826298020057,-0.019859930518056127,-0.019859930518056127,-0.019859930518056127,0.0,0.0,0.0,6316580.844232103
2024-08-21,6462077.617741819,6242265.334836813,6416682.068846152,6462077.617741819,6462077.617741819,0.0,0.0,0.0,0.0,0.0,0.0,0.0,0.0,0.0,0.0,0.0,0.0,0.0,0.0,0.0,0.0,0.0,0.0,0.0,0.0,0.0,0.0,0.0,0.0,0.0,0.0,0.0,0.0,0.0,0.0,0.0,0.0,0.0,-0.02105147625310855,-0.02105147625310855,-0.02105147625310855,-0.00027635329644330937,-0.00027635329644330937,-0.00027635329644330937,-0.020775122956665244,-0.020775122956665244,-0.020775122956665244,0.0,0.0,0.0,6326041.344226182
2024-08-22,6473445.999435218,6250851.954720619,6421595.156933962,6473445.999435218,6473445.999435218,0.0,0.0,0.0,0.0,0.0,0.0,0.0,0.0,0.0,0.0,0.0,0.0,0.0,0.0,0.0,0.0,0.0,0.0,0.0,0.0,0.0,0.0,0.0,0.0,0.0,0.0,0.0,0.0,0.0,0.0,0.0,0.0,0.0,-0.021682399541660395,-0.021682399541660395,-0.021682399541660395,-3.35673109995367e-05,-3.35673109995367e-05,-3.35673109995367e-05,-0.02164883223066086,-0.02164883223066086,-0.02164883223066086,0.0,0.0,0.0,6333086.1568641
2024-08-23,6484814.381128618,6253240.479549237,6426627.260224951,6484814.381128618,6484814.381128618,0.0,0.0,0.0,0.0,0.0,0.0,0.0,0.0,0.0,0.0,0.0,0.0,0.0,0.0,0.0,0.0,0.0,0.0,0.0,0.0,0.0,0.0,0.0,0.0,0.0,0.0,0.0,0.0,0.0,0.0,0.0,0.0,0.0,-0.022480472875790053,-0.022480472875790053,-0.022480472875790053,-4.983770821209341e-06,-4.983770821209341e-06,-4.983770821209341e-06,-0.022475489104968844,-0.022475489104968844,-0.022475489104968844,0.0,0.0,0.0,6339032.687329123
2024-08-24,6496182.762822017,6259093.69385036,6446698.501411021,6496182.762822017,6496182.762822017,0.0,0.0,0.0,0.0,0.0,0.0,0.0,0.0,0.0,0.0,0.0,0.0,0.0,0.0,0.0,0.0,0.0,0.0,0.0,0.0,0.0,0.0,0.0,0.0,0.0,0.0,0.0,0.0,0.0,0.0,0.0,0.0,0.0,-0.022597556429532414,-0.022597556429532414,-0.022597556429532414,0.0006527986307428638,0.0006527986307428638,0.0006527986307428638,-0.023250355060275278,-0.023250355060275278,-0.023250355060275278,0.0,0.0,0.0,6349384.906262591
2024-08-25,6507551.144515416,6267987.508261254,6445803.938123568,6507551.144515416,6507551.144515416,0.0,0.0,0.0,0.0,0.0,0.0,0.0,0.0,0.0,0.0,0.0,0.0,0.0,0.0,0.0,0.0,0.0,0.0,0.0,0.0,0.0,0.0,0.0,0.0,0.0,0.0,0.0,0.0,0.0,0.0,0.0,0.0,0.0,-0.022675348713151213,-0.022675348713151213,-0.022675348713151213,0.001294327496493432,0.001294327496493432,0.001294327496493432,-0.023969676209644648,-0.023969676209644648,-0.023969676209644648,0.0,0.0,0.0,6359990.153044862
2024-08-26,6518919.526208815,6264446.52359905,6442689.415460106,6518919.526208815,6518919.526208815,0.0,0.0,0.0,0.0,0.0,0.0,0.0,0.0,0.0,0.0,0.0,0.0,0.0,0.0,0.0,0.0,0.0,0.0,0.0,0.0,0.0,0.0,0.0,0.0,0.0,0.0,0.0,0.0,0.0,0.0,0.0,0.0,0.0,-0.025330149032468923,-0.025330149032468923,-0.025330149032468923,-0.0006993391191666018,-0.0006993391191666018,-0.0006993391191666018,-0.02463080991330232,-0.02463080991330232,-0.02463080991330232,0.0,0.0,0.0,6353794.323079274
2024-08-27,6530287.907902215,6279828.3065719325,6446930.435834895,6530287.907902215,6530287.907902215,0.0,0.0,0.0,0.0,0.0,0.0,0.0,0.0,0.0,0.0,0.0,0.0,0.0,0.0,0.0,0.0,0.0,0.0,0.0,0.0,0.0,0.0,0.0,0.0,0.0,0.0,0.0,0.0,0.0,0.0,0.0,0.0,0.0,-0.026165202675307593,-0.026165202675307593,-0.026165202675307593,-0.0009328826298037743,-0.0009328826298037743,-0.0009328826298037743,-0.02523232004550382,-0.02523232004550382,-0.02523232004550382,0.0,0.0,0.0,6359421.601263843
2024-08-28,6541656.289595613,6279999.723050944,6458391.226159542,6541656.289595613,6541656.289595613,0.0,0.0,0.0,0.0,0.0,0.0,0.0,0.0,0.0,0.0,0.0,0.0,0.0,0.0,0.0,0.0,0.0,0.0,0.0,0.0,0.0,0.0,0.0,0.0,0.0,0.0,0.0,0.0,0.0,0.0,0.0,0.0,0.0,-0.026050391070927242,-0.026050391070927242,-0.026050391070927242,-0.0002763532964439444,-0.0002763532964439444,-0.0002763532964439444,-0.0257740377744833,-0.0257740377744833,-0.0257740377744833,0.0,0.0,0.0,6371243.585000057
2024-08-29,6553024.671289013,6287856.765335587,6466465.113767969,6553024.671289013,6553024.671289013,0.0,0.0,0.0,0.0,0.0,0.0,0.0,0.0,0.0,0.0,0.0,0.0,0.0,0.0,0.0,0.0,0.0,0.0,0.0,0.0,0.0,0.0,0.0,0.0,0.0,0.0,0.0,0.0,0.0,0.0,0.0,0.0,0.0,-0.026290653030841382,-0.026290653030841382,-0.026290653030841382,-3.3567311000178666e-05,-3.3567311000178666e-05,-3.3567311000178666e-05,-0.026257085719841203,-0.026257085719841203,-0.026257085719841203,0.0,0.0,0.0,6380741.373353611
2024-08-30,6564393.052982412,6295331.096097835,6477623.54757599,6564393.052982412,6564393.052982412,0.0,0.0,0.0,0.0,0.0,0.0,0.0,0.0,0.0,0.0,0.0,0.0,0.0,0.0,0.0,0.0,0.0,0.0,0.0,0.0,0.0,0.0,0.0,0.0,0.0,0.0,0.0,0.0,0.0,0.0,0.0,0.0,0.0,-0.02668884819248919,-0.02668884819248919,-0.02668884819248919,-4.983770820541039e-06,-4.983770820541039e-06,-4.983770820541039e-06,-0.026683864421668646,-0.026683864421668646,-0.026683864421668646,0.0,0.0,0.0,6389196.963315534
2024-08-31,6575761.434675811,6316479.870851339,6493175.90358625,6575761.434675811,6575761.434675811,0.0,0.0,0.0,0.0,0.0,0.0,0.0,0.0,0.0,0.0,0.0,0.0,0.0,0.0,0.0,0.0,0.0,0.0,0.0,0.0,0.0,0.0,0.0,0.0,0.0,0.0,0.0,0.0,0.0,0.0,0.0,0.0,0.0,-0.026405202530842335,-0.026405202530842335,-0.026405202530842335,0.0006527986307443733,0.0006527986307443733,0.0006527986307443733,-0.027058001161586707,-0.027058001161586707,-0.027058001161586707,0.0,0.0,0.0,6402127.122198693
2024-09-01,6587129.81636921,6326167.720589894,6500694.30206153,6587129.81636921,6587129.81636921,0.0,0.0,0.0,0.0,0.0,0.0,0.0,0.0,0.0,0.0,0.0,0.0,0.0,0.0,0.0,0.0,0.0,0.0,0.0,0.0,0.0,0.0,0.0,0.0,0.0,0.0,0.0,0.0,0.0,0.0,0.0,0.0,0.0,-0.02608993478846435,-0.02608993478846435,-0.02608993478846435,0.0012943274964928144,0.0012943274964928144,0.0012943274964928144,-0.027384262284957165,-0.027384262284957165,-0.027384262284957165,0.0,0.0,0.0,6415272.029016988
2024-09-02,6598498.198062611,6329678.957223314,6508193.468335862,6598498.198062611,6598498.198062611,0.0,0.0,0.0,0.0,0.0,0.0,0.0,0.0,0.0,0.0,0.0,0.0,0.0,0.0,0.0,0.0,0.0,0.0,0.0,0.0,0.0,0.0,0.0,0.0,0.0,0.0,0.0,0.0,0.0,0.0,0.0,0.0,0.0,-0.028367770372709298,-0.028367770372709298,-0.028367770372709298,-0.0006993391191681926,-0.0006993391191681926,-0.0006993391191681926,-0.027668431253541105,-0.027668431253541105,-0.027668431253541105,0.0,0.0,0.0,6411313.516375234
2024-09-03,6609866.57975601,6324828.20958667,6503378.160882664,6609866.57975601,6609866.57975601,0.0,0.0,0.0,0.0,0.0,0.0,0.0,0.0,0.0,0.0,0.0,0.0,0.0,0.0,0.0,0.0,0.0,0.0,0.0,0.0,0.0,0.0,0.0,0.0,0.0,0.0,0.0,0.0,0.0,0.0,0.0,0.0,0.0,-0.028850038306832377,-0.028850038306832377,-0.028850038306832377,-0.0009328826298037175,-0.0009328826298037175,-0.0009328826298037175,-0.027917155677028658,-0.027917155677028658,-0.027917155677028658,0.0,0.0,0.0,6419171.675726998
2024-09-04,6621234.961449409,6336597.915213311,6525074.078935434,6621234.961449409,6621234.961449409,0.0,0.0,0.0,0.0,0.0,0.0,0.0,0.0,0.0,0.0,0.0,0.0,0.0,0.0,0.0,0.0,0.0,0.0,0.0,0.0,0.0,0.0,0.0,0.0,0.0,0.0,0.0,0.0,0.0,0.0,0.0,0.0,0.0,-0.028414120796894815,-0.028414120796894815,-0.028414120796894815,-0.00027635329644134404,-0.00027635329644134404,-0.00027635329644134404,-0.02813776750045347,-0.02813776750045347,-0.02813776750045347,0.0,0.0,0.0,6433098.391430162
2024-09-05,6632603.343142808,6357613.013313357,6531611.599061306,6632603.343142808,6632603.343142808,0.0,0.0,0.0,0.0,0.0,0.0,0.0,0.0,0.0,0.0,0.0,0.0,0.0,0.0,0.0,0.0,0.0,0.0,0.0,0.0,0.0,0.0,0.0,0.0,0.0,0.0,0.0,0.0,0.0,0.0,0.0,0.0,0.0,-0.028371648645784876,-0.028371648645784876,-0.028371648645784876,-3.3567311000820636e-05,-3.3567311000820636e-05,-3.3567311000820636e-05,-0.028338081334784056,-0.028338081334784056,-0.028338081334784056,0.0,0.0,0.0,6444425.451484302
2024-09-06,6643971.724836208,6365925.168282233,6544766.269746039,6643971.724836208,6643971.724836208,0.0,0.0,0.0,0.0,0.0,0.0,0.0,0.0,0.0,0.0,0.0,0.0,0.0,0.0,0.0,0.0,0.0,0.0,0.0,0.0,0.0,0.0,0.0,0.0,0.0,0.0,0.0,0.0,0.0,0.0,0.0,0.0,0.0,-0.028531160357273665,-0.028531160357273665,-0.028531160357273665,-4.983770821333184e-06,-4.983770821333184e-06,-4.983770821333184e-06,-0.02852617658645233,-0.02852617658645233,-0.02852617658645233,0.0,0.0,0.0,6454411.502145714
2024-09-07,6655340.1065296065,6377714.153348051,6554411.805803331,6655340.1065296065,6655340.1065296065,0.0,0.0,0.0,0.0,0.0,0.0,0.0,0.0,0.0,0.0,0.0,0.0,0.0,0.0,0.0,0.0,0.0,0.0,0.0,0.0,0.0,0.0,0.0,0.0,0.0,0.0,0.0,0.0,0.0,0.0,0.0,0.0,0.0,-0.028057370917210778,-0.028057370917210778,-0.028057370917210778,0.0006527986307405734,0.0006527986307405734,0.0006527986307405734,-0.02871016954795135,-0.02871016954795135,-0.02871016954795135,0.0,0.0,0.0,6468608.760580516
2024-09-08,6666708.488223006,6389748.3711883845,6572772.280211028,6666708.488223006,6666708.488223006,0.0,0.0,0.0,0.0,0.0,0.0,0.0,0.0,0.0,0.0,0.0,0.0,0.0,0.0,0.0,0.0,0.0,0.0,0.0,0.0,0.0,0.0,0.0,0.0,0.0,0.0,0.0,0.0,0.0,0.0,0.0,0.0,0.0,-0.027603654444610146,-0.027603654444610146,-0.027603654444610146,0.0012943274964958538,0.0012943274964958538,0.0012943274964958538,-0.028897981941106,-0.028897981941106,-0.028897981941106,0.0,0.0,0.0,6482682.970831149
2024-09-09,6678076.8699164055,6398131.291103813,6570672.931829663,6678076.8699164055,6678076.8699164055,0.0,0.0,0.0,0.0,0.0,0.0,0.0,0.0,0.0,0.0,0.0,0.0,0.0,0.0,0.0,0.0,0.0,0.0,0.0,0.0,0.0,0.0,0.0,0.0,0.0,0.0,0.0,0.0,0.0,0.0,0.0,0.0,0.0,-0.029796451666050886,-0.029796451666050886,-0.029796451666050886,-0.0006993391191692269,-0.0006993391191692269,-0.0006993391191692269,-0.02909711254688166,-0.02909711254688166,-0.02909711254688166,0.0,0.0,0.0,6479093.875239769
2024-09-10,6689445.251609805,6392965.239634205,6576730.75659555,6689445.251609805,6689445.251609805,0.0,0.0,0.0,0.0,0.0,0.0,0.0,0.0,0.0,0.0,0.0,0.0,0.0,0.0,0.0,0.0,0.0,0.0,0.0,0.0,0.0,0.0,0.0,0.0,0.0,0.0,0.0,0.0,0.0,0.0,0.0,0.0,0.0,-0.030247301135924484,-0.030247301135924484,-0.030247301135924484,-0.0009328826298036609,-0.0009328826298036609,-0.0009328826298036609,-0.029314418506120824,-0.029314418506120824,-0.029314418506120824,0.0,0.0,0.0,6487107.586652083
2024-09-11,6700813.634916338,6407578.848591441,6583544.072231335,6700813.634916338,6700813.634916338,0.0,0.0,0.0,0.0,0.0,0.0,0.0,0.0,0.0,0.0,0.0,0.0,0.0,0.0,0.0,0.0,0.0,0.0,0.0,0.0,0.0,0.0,0.0,0.0,0.0,0.0,0.0,0.0,0.0,0.0,0.0,0.0,0.0,-0.02983226593188234,-0.02983226593188234,-0.02983226593188234,-0.00027635329644197884,-0.00027635329644197884,-0.00027635329644197884,-0.02955591263544036,-0.02955591263544036,-0.02955591263544036,0.0,0.0,0.0,6500913.18059953
2024-09-12,6712182.018222872,6425542.334863811,6601983.194883366,6712182.018222872,6712182.018222872,0.0,0.0,0.0,0.0,0.0,0.0,0.0,0.0,0.0,0.0,0.0,0.0,0.0,0.0,0.0,0.0,0.0,0.0,0.0,0.0,0.0,0.0,0.0,0.0,0.0,0.0,0.0,0.0,0.0,0.0,0.0,0.0,0.0,-0.029860149988861648,-0.029860149988861648,-0.029860149988861648,-3.356731100006855e-05,-3.356731100006855e-05,-3.356731100006855e-05,-0.02982658267786158,-0.02982658267786158,-0.02982658267786158,0.0,0.0,0.0,6511755.256406197
2024-09-13,6723550.401529405,6434977.274088112,6606383.979099515,6723550.401529405,6723550.401529405,0.0,0.0,0.0,0.0,0.0,0.0,0.0,0.0,0.0,0.0,0.0,0.0,0.0,0.0,0.0,0.0,0.0,0.0,0.0,0.0,0.0,0.0,0.0,0.0,0.0,0.0,0.0,0.0,0.0,0.0,0.0,0.0,0.0,-0.030135221581632,-0.030135221581632,-0.030135221581632,-4.983770822125302e-06,-4.983770822125302e-06,-4.983770822125302e-06,-0.030130237810809875,-0.030130237810809875,-0.030130237810809875,0.0,0.0,0.0,6520934.720364046
2024-09-14,6734918.784835939,6439631.064950632,6625501.387662468,6734918.784835939,6734918.784835939,0.0,0.0,0.0,0.0,0.0,0.0,0.0,0.0,0.0,0.0,0.0,0.0,0.0,0.0,0.0,0.0,0.0,0.0,0.0,0.0,0.0,0.0,0.0,0.0,0.0,0.0,0.0,0.0,0.0,0.0,0.0,0.0,0.0,-0.029816588350665325,-0.029816588350665325,-0.029816588350665325,0.0006527986307411596,0.0006527986307411596,0.0006527986307411596,-0.030469386981406485,-0.030469386981406485,-0.030469386981406485,0.0,0.0,0.0,6534106.483853322
2024-09-15,6746287.168142471,6456336.515289414,6626903.696970554,6746287.168142471,6746287.168142471,0.0,0.0,0.0,0.0,0.0,0.0,0.0,0.0,0.0,0.0,0.0,0.0,0.0,0.0,0.0,0.0,0.0,0.0,0.0,0.0,0.0,0.0,0.0,0.0,0.0,0.0,0.0,0.0,0.0,0.0,0.0,0.0,0.0,-0.029550825255633236,-0.029550825255633236,-0.029550825255633236,0.0012943274964954394,0.0012943274964954394,0.0012943274964954394,-0.030845152752128673,-0.030845152752128673,-0.030845152752128673,0.0,0.0,0.0,6546928.814912372
2024-09-16,6757655.5514490055,6451011.684645127,6628751.390796263,6757655.5514490055,6757655.5514490055,0.0,0.0,0.0,0.0,0.0,0.0,0.0,0.0,0.0,0.0,0.0,0.0,0.0,0.0,0.0,0.0,0.0,0.0,0.0,0.0,0.0,0.0,0.0,0.0,0.0,0.0,0.0,0.0,0.0,0.0,0.0,0.0,0.0,-0.03195656246320276,-0.03195656246320276,-0.03195656246320276,-0.0006993391191702611,-0.0006993391191702611,-0.0006993391191702611,-0.031257223344032505,-0.031257223344032505,-0.031257223344032505,0.0,0.0,0.0,6541704.109714316
2024-09-17,6769023.934755539,6467527.786666918,6637398.001152482,6769023.934755539,6769023.934755539,0.0,0.0,0.0,0.0,0.0,0.0,0.0,0.0,0.0,0.0,0.0,0.0,0.0,0.0,0.0,0.0,0.0,0.0,0.0,0.0,0.0,0.0,0.0,0.0,0.0,0.0,0.0,0.0,0.0,0.0,0.0,0.0,0.0,-0.03263672711826414,-0.03263672711826414,-0.03263672711826414,-0.0009328826298023974,-0.0009328826298023974,-0.0009328826298023974,-0.03170384448846174,-0.03170384448846174,-0.03170384448846174,0.0,0.0,0.0,6548105.147739924
2024-09-18,6780392.318062072,6474177.243076476,6648976.256271132,6780392.318062072,6780392.318062072,0.0,0.0,0.0,0.0,0.0,0.0,0.0,0.0,0.0,0.0,0.0,0.0,0.0,0.0,0.0,0.0,0.0,0.0,0.0,0.0,0.0,0.0,0.0,0.0,0.0,0.0,0.0,0.0,0.0,0.0,0.0,0.0,0.0,-0.03245820486862355,-0.03245820486862355,-0.03245820486862355,-0.00027635329644438045,-0.00027635329644438045,-0.00027635329644438045,-0.032181851572179176,-0.032181851572179176,-0.032181851572179176,0.0,0.0,0.0,6560312.955112772
2024-09-19,6791760.701368606,6477230.344791491,6655788.423535398,6791760.701368606,6791760.701368606,0.0,0.0,0.0,0.0,0.0,0.0,0.0,0.0,0.0,0.0,0.0,0.0,0.0,0.0,0.0,0.0,0.0,0.0,0.0,0.0,0.0,0.0,0.0,0.0,0.0,0.0,0.0,0.0,0.0,0.0,0.0,0.0,0.0,-0.03272030872862516,-0.03272030872862516,-0.03272030872862516,-3.356731099900236e-05,-3.356731099900236e-05,-3.356731099900236e-05,-0.032686741417626154,-0.032686741417626154,-0.032686741417626154,0.0,0.0,0.0,6569532.194408881
2024-09-20,6803129.084675138,6484867.807294015,6664271.73750793,6803129.084675138,6803129.084675138,0.0,0.0,0.0,0.0,0.0,0.0,0.0,0.0,0.0,0.0,0.0,0.0,0.0,0.0,0.0,0.0,0.0,0.0,0.0,0.0,0.0,0.0,0.0,0.0,0.0,0.0,0.0,0.0,0.0,0.0,0.0,0.0,0.0,-0.033217765682999965,-0.033217765682999965,-0.033217765682999965,-4.983770821457027e-06,-4.983770821457027e-06,-4.983770821457027e-06,-0.0332127819121785,-0.0332127819121785,-0.0332127819121785,0.0,0.0,0.0,6577144.336829198
2024-09-21,6814497.467981672,6499728.130544027,6680945.394889265,6814497.467981672,6814497.467981672,0.0,0.0,0.0,0.0,0.0,0.0,0.0,0.0,0.0,0.0,0.0,0.0,0.0,0.0,0.0,0.0,0.0,0.0,0.0,0.0,0.0,0.0,0.0,0.0,0.0,0.0,0.0,0.0,0.0,0.0,0.0,0.0,0.0,-0.033100357989630694,-0.033100357989630694,-0.033100357989630694,0.0006527986307417457,0.0006527986307417457,0.0006527986307417457,-0.03375315662037244,-0.03375315662037244,-0.03375315662037244,0.0,0.0,0.0,6588935.162272046
2024-09-22,6825865.851288205,6515291.5904742805,6693693.958601633,6825865.851288205,6825865.851288205,0.0,0.0,0.0,0.0,0.0,0.0,0.0,0.0,0.0,0.0,0.0,0.0,0.0,0.0,0.0,0.0,0.0,0.0,0.0,0.0,0.0,0.0,0.0,0.0,0.0,0.0,0.0,0.0,0.0,0.0,0.0,0.0,0.0,-0.03300581301567476,-0.03300581301567476,-0.03300581301567476,0.0012943274964946185,0.0012943274964946185,0.0012943274964946185,-0.03430014051216938,-0.03430014051216938,-0.03430014051216938,0.0,0.0,0.0,6600572.599330507
2024-09-23,6837234.234594739,6505582.42616605,6679583.432705521,6837234.234594739,6837234.234594739,0.0,0.0,0.0,0.0,0.0,0.0,0.0,0.0,0.0,0.0,0.0,0.0,0.0,0.0,0.0,0.0,0.0,0.0,0.0,0.0,0.0,0.0,0.0,0.0,0.0,0.0,0.0,0.0,0.0,0.0,0.0,0.0,0.0,-0.0355446411662957,-0.0355446411662957,-0.0355446411662957,-0.0006993391191649015,-0.0006993391191649015,-0.0006993391191649015,-0.0348453020471308,-0.0348453020471308,-0.0348453020471308,0.0,0.0,0.0,6594207.197156156
2024-09-24,6848602.617901272,6510222.214026457,6687030.670843395,6848602.617901272,6848602.617901272,0.0,0.0,0.0,0.0,0.0,0.0,0.0,0.0,0.0,0.0,0.0,0.0,0.0,0.0,0.0,0.0,0.0,0.0,0.0,0.0,0.0,0.0,0.0,0.0,0.0,0.0,0.0,0.0,0.0,0.0,0.0,0.0,0.0,-0.03631260872442349,-0.03631260872442349,-0.03631260872442349,-0.0009328826298011341,-0.0009328826298011341,-0.0009328826298011341,-0.03537972609462236,-0.03537972609462236,-0.03537972609462236,0.0,0.0,0.0,6599911.9907283615
2024-09-25,6859971.001207806,6527807.930626061,6700385.5828626,6859971.001207806,6859971.001207806,0.0,0.0,0.0,0.0,0.0,0.0,0.0,0.0,0.0,0.0,0.0,0.0,0.0,0.0,0.0,0.0,0.0,0.0,0.0,0.0,0.0,0.0,0.0,0.0,0.0,0.0,0.0,0.0,0.0,0.0,0.0,0.0,0.0,-0.036170604862294176,-0.036170604862294176,-0.036170604862294176,-0.00027635329644339773,-0.00027635329644339773,-0.00027635329644339773,-0.03589425156585078,-0.03589425156585078,-0.03589425156585078,0.0,0.0,0.0,6611841.700756322
2024-09-26,6871339.384514338,6533041.425168961,6706173.172867485,6871339.384514338,6871339.384514338,0.0,0.0,0.0,0.0,0.0,0.0,0.0,0.0,0.0,0.0,0.0,0.0,0.0,0.0,0.0,0.0,0.0,0.0,0.0,0.0,0.0,0.0,0.0,0.0,0.0,0.0,0.0,0.0,0.0,0.0,0.0,0.0,0.0,-0.03641328451295381,-0.03641328451295381,-0.03641328451295381,-3.356731100135249e-05,-3.356731100135249e-05,-3.356731100135249e-05,-0.036379717201952454,-0.036379717201952454,-0.036379717201952454,0.0,0.0,0.0,6621131.348520953
2024-09-27,6882707.767820872,6537353.190175638,6715953.219559332,6882707.767820872,6882707.767820872,0.0,0.0,0.0,0.0,0.0,0.0,0.0,0.0,0.0,0.0,0.0,0.0,0.0,0.0,0.0,0.0,0.0,0.0,0.0,0.0,0.0,0.0,0.0,0.0,0.0,0.0,0.0,0.0,0.0,0.0,0.0,0.0,0.0,-0.03683219248678664,-0.03683219248678664,-0.03683219248678664,-4.983770820788725e-06,-4.983770820788725e-06,-4.983770820788725e-06,-0.03682720871596585,-0.03682720871596585,-0.03682720871596585,0.0,0.0,0.0,6629202.550486193
2024-09-28,6894076.151127405,6556002.996765649,6729016.63333458,6894076.151127405,6894076.151127405,0.0,0.0,0.0,0.0,0.0,0.0,0.0,0.0,0.0,0.0,0.0,0.0,0.0,0.0,0.0,0.0,0.0,0.0,0.0,0.0,0.0,0.0,0.0,0.0,0.0,0.0,0.0,0.0,0.0,0.0,0.0,0.0,0.0,-0.03657550180195096,-0.03657550180195096,-0.03657550180195096,0.0006527986307432554,0.0006527986307432554,0.0006527986307432554,-0.03722830043269421,-0.03722830043269421,-0.03722830043269421,0.0,0.0,0.0,6641921.856439059
2024-09-29,6905444.5344339395,6566150.9871906815,6732951.379566573,6905444.5344339395,6905444.5344339395,0.0,0.0,0.0,0.0,0.0,0.0,0.0,0.0,0.0,0.0,0.0,0.0,0.0,0.0,0.0,0.0,0.0,0.0,0.0,0.0,0.0,0.0,0.0,0.0,0.0,0.0,0.0,0.0,0.0,0.0,0.0,0.0,0.0,-0.03628095721396182,-0.03628095721396182,-0.03628095721396182,0.0012943274964940005,0.0012943274964940005,0.0012943274964940005,-0.03757528471045583,-0.03757528471045583,-0.03757528471045583,0.0,0.0,0.0,6654908.396736755
2024-09-30,6916812.917740473,6561414.69419526,6741445.616737705,6916812.917740473,6916812.917740473,0.0,0.0,0.0,0.0,0.0,0.0,0.0,0.0,0.0,0.0,0.0,0.0,0.0,0.0,0.0,0.0,0.0,0.0,0.0,0.0,0.0,0.0,0.0,0.0,0.0,0.0,0.0,0.0,0.0,0.0,0.0,0.0,0.0,-0.03856072187816174,-0.03856072187816174,-0.03856072187816174,-0.0006993391191664924,-0.0006993391191664924,-0.0006993391191664924,-0.03786138275899525,-0.03786138275899525,-0.03786138275899525,0.0,0.0,0.0,6650095.618536206
2024-10-01,6928181.301047007,6567761.176759163,6738475.422372384,6928181.301047007,6928181.301047007,0.0,0.0,0.0,0.0,0.0,0.0,0.0,0.0,0.0,0.0,0.0,0.0,0.0,0.0,0.0,0.0,0.0,0.0,0.0,0.0,0.0,0.0,0.0,0.0,0.0,0.0,0.0,0.0,0.0,0.0,0.0,0.0,0.0,-0.039013813608502736,-0.039013813608502736,-0.039013813608502736,-0.0009328826298010773,-0.0009328826298010773,-0.0009328826298010773,-0.03808093097870166,-0.03808093097870166,-0.03808093097870166,0.0,0.0,0.0,6657886.527122045
2024-10-02,6939549.68435354,6590747.712429794,6755253.7005282985,6939549.68435354,6939549.68435354,0.0,0.0,0.0,0.0,0.0,0.0,0.0,0.0,0.0,0.0,0.0,0.0,0.0,0.0,0.0,0.0,0.0,0.0,0.0,0.0,0.0,0.0,0.0,0.0,0.0,0.0,0.0,0.0,0.0,0.0,0.0,0.0,0.0,-0.03850589091982304,-0.03850589091982304,-0.03850589091982304,-0.000276353296442415,-0.000276353296442415,-0.000276353296442415,-0.038229537623380626,-0.038229537623380626,-0.038229537623380626,0.0,0.0,0.0,6672336.14117513
2024-10-03,6950918.067660074,6600675.698571195,6769789.253060673,6950918.067660074,6950918.067660074,0.0,0.0,0.0,0.0,0.0,0.0,0.0,0.0,0.0,0.0,0.0,0.0,0.0,0.0,0.0,0.0,0.0,0.0,0.0,0.0,0.0,0.0,0.0,0.0,0.0,0.0,0.0,0.0,0.0,0.0,0.0,0.0,0.0,-0.03833777272374974,-0.03833777272374974,-0.03833777272374974,-3.35673110002863e-05,-3.35673110002863e-05,-3.35673110002863e-05,-0.038304205412749454,-0.038304205412749454,-0.038304205412749454,0.0,0.0,0.0,6684435.350560716
2024-10-04,6962286.450966606,6606009.214290096,6784596.5286147455,6962286.450966606,6962286.450966606,0.0,0.0,0.0,0.0,0.0,0.0,0.0,0.0,0.0,0.0,0.0,0.0,0.0,0.0,0.0,0.0,0.0,0.0,0.0,0.0,0.0,0.0,0.0,0.0,0.0,0.0,0.0,0.0,0.0,0.0,0.0,0.0,0.0,-0.03830840043898327,-0.03830840043898327,-0.03830840043898327,-4.9837708219700445e-06,-4.9837708219700445e-06,-4.9837708219700445e-06,-0.038303416668161304,-0.038303416668161304,-0.038303416668161304,0.0,0.0,0.0,6695572.393632069
2024-10-05,6973654.83427314,6627390.414574293,6797076.407061108,6973654.83427314,6973654.83427314,0.0,0.0,0.0,0.0,0.0,0.0,0.0,0.0,0.0,0.0,0.0,0.0,0.0,0.0,0.0,0.0,0.0,0.0,0.0,0.0,0.0,0.0,0.0,0.0,0.0,0.0,0.0,0.0,0.0,0.0,0.0,0.0,0.0,-0.03757437995804438,-0.03757437995804438,-0.03757437995804438,0.0006527986307447649,0.0006527986307447649,0.0006527986307447649,-0.03822717858878914,-0.03822717858878914,-0.03822717858878914,0.0,0.0,0.0,6711624.077833908
2024-10-06,6985023.217579673,6640917.613023536,6817446.233517251,6985023.217579673,6985023.217579673,0.0,0.0,0.0,0.0,0.0,0.0,0.0,0.0,0.0,0.0,0.0,0.0,0.0,0.0,0.0,0.0,0.0,0.0,0.0,0.0,0.0,0.0,0.0,0.0,0.0,0.0,0.0,0.0,0.0,0.0,0.0,0.0,0.0,-0.03678269989937385,-0.03678269989937385,-0.03678269989937385,0.001294327496493179,0.001294327496493179,0.001294327496493179,-0.038077027395867026,-0.038077027395867026,-0.038077027395867026,0.0,0.0,0.0,6728095.204777281
2024-10-07,6996391.600886207,6638886.776301612,6815100.781586942,6996391.600886207,6996391.600886207,0.0,0.0,0.0,0.0,0.0,0.0,0.0,0.0,0.0,0.0,0.0,0.0,0.0,0.0,0.0,0.0,0.0,0.0,0.0,0.0,0.0,0.0,0.0,0.0,0.0,0.0,0.0,0.0,0.0,0.0,0.0,0.0,0.0,-0.03855533033723038,-0.03855533033723038,-0.03855533033723038,-0.0006993391191669699,-0.0006993391191669699,-0.0006993391191669699,-0.03785599121806341,-0.03785599121806341,-0.03785599121806341,0.0,0.0,0.0,6726643.411545415
2024-10-08,7007759.98419274,6652617.620312041,6825447.5314996755,7007759.98419274,7007759.98419274,0.0,0.0,0.0,0.0,0.0,0.0,0.0,0.0,0.0,0.0,0.0,0.0,0.0,0.0,0.0,0.0,0.0,0.0,0.0,0.0,0.0,0.0,0.0,0.0,0.0,0.0,0.0,0.0,0.0,0.0,0.0,0.0,0.0,-0.03850139536893802,-0.03850139536893802,-0.03850139536893802,-0.0009328826298010204,-0.0009328826298010204,-0.0009328826298010204,-0.037568512739137,-0.037568512739137,-0.037568512739137,0.0,0.0,0.0,6737951.446390713
2024-10-09,7019128.367499274,6664437.900816059,6841341.493376576,7019128.367499274,7019128.367499274,0.0,0.0,0.0,0.0,0.0,0.0,0.0,0.0,0.0,0.0,0.0,0.0,0.0,0.0,0.0,0.0,0.0,0.0,0.0,0.0,0.0,0.0,0.0,0.0,0.0,0.0,0.0,0.0,0.0,0.0,0.0,0.0,0.0,-0.03749668704346658,-0.03749668704346658,-0.03749668704346658,-0.0002763532964448165,-0.0002763532964448165,-0.0002763532964448165,-0.037220333747021765,-0.037220333747021765,-0.037220333747021765,0.0,0.0,0.0,6755934.307785235
2024-10-10,7030496.750805806,6679685.60815482,6860956.47545374,7030496.750805806,7030496.750805806,0.0,0.0,0.0,0.0,0.0,0.0,0.0,0.0,0.0,0.0,0.0,0.0,0.0,0.0,0.0,0.0,0.0,0.0,0.0,0.0,0.0,0.0,0.0,0.0,0.0,0.0,0.0,0.0,0.0,0.0,0.0,0.0,0.0,-0.03685191209089584,-0.03685191209089584,-0.03685191209089584,-3.356731100092827e-05,-3.356731100092827e-05,-3.356731100092827e-05,-0.03681834477989491,-0.03681834477989491,-0.03681834477989491,0.0,0.0,0.0,6771409.502589782
2024-10-11,7041865.133726255,6694789.427466938,6869215.395036991,7041865.133726255,7041865.133726255,0.0,0.0,0.0,0.0,0.0,0.0,0.0,0.0,0.0,0.0,0.0,0.0,0.0,0.0,0.0,0.0,0.0,0.0,0.0,0.0,0.0,0.0,0.0,0.0,0.0,0.0,0.0,0.0,0.0,0.0,0.0,0.0,0.0,-0.036375387800576225,-0.036375387800576225,-0.036375387800576225,-4.983770822762081e-06,-4.983770822762081e-06,-4.983770822762081e-06,-0.036370404029753466,-0.036370404029753466,-0.036370404029753466,0.0,0.0,0.0,6785714.558647606
2024-10-12,7053233.516646706,6679700.842169824,6860166.999510462,7053233.516646706,7053233.516646706,0.0,0.0,0.0,0.0,0.0,0.0,0.0,0.0,0.0,0.0,0.0,0.0,0.0,0.0,0.0,0.0,0.0,0.0,0.0,0.0,0.0,0.0,0.0,0.0,-0.0054534714,-0.0054534714,-0.0054534714,0.0,0.0,0.0,-0.0054534714,-0.0054534714,-0.0054534714,-0.04068580327959786,-0.04068580327959786,-0.04068580327959786,0.0006527986307400417,0.0006527986307400417,0.0006527986307400417,-0.0358851305103379,-0.0358851305103379,-0.0358851305103379,0.0,0.0,0.0,6766267.045303352
2024-10-13,7064601.899567155,6741473.355687276,6907619.355365995,7064601.899567155,7064601.899567155,0.0,0.0,0.0,0.0,0.0,0.0,0.0,0.0,0.0,0.0,0.0,0.0,0.0,0.0,0.0,0.0,0.0,0.0,0.0,0.0,0.0,0.0,0.0,0.0,0.0,0.0,0.0,0.0,0.0,0.0,0.0,0.0,0.0,-0.034077349703839716,-0.034077349703839716,-0.034077349703839716,0.0012943274964925615,0.0012943274964925615,0.0012943274964925615,-0.035371677200332276,-0.035371677200332276,-0.035371677200332276,0.0,0.0,0.0,6823858.990117195
2024-10-14,7075970.282487606,6731210.932871992,6913128.599397561,7075970.282487606,7075970.282487606,0.0,0.0,0.0,0.0,0.0,0.0,0.0,0.0,0.0,0.0,0.0,0.0,0.0,0.0,0.0,0.0,0.0,0.0,0.0,0.0,0.0,0.0,0.0,0.0,0.0,0.0,0.0,0.0,0.0,0.0,0.0,0.0,0.0,-0.03553882953417091,-0.03553882953417091,-0.03553882953417091,-0.0006993391191685609,-0.0006993391191685609,-0.0006993391191685609,-0.03483949041500235,-0.03483949041500235,-0.03483949041500235,0.0,0.0,0.0,6824498.58082942
2024-10-15,7087338.665408055,6749338.919507784,6919736.368439542,7087338.665408055,7087338.665408055,0.0,0.0,0.0,0.0,0.0,0.0,0.0,0.0,0.0,0.0,0.0,0.0,0.0,0.0,0.0,0.0,0.0,0.0,0.0,0.0,0.0,0.0,0.0,0.0,0.0,0.0,0.0,0.0,0.0,0.0,0.0,0.0,0.0,-0.035230944654658515,-0.035230944654658515,-0.035230944654658515,-0.0009328826298027892,-0.0009328826298027892,-0.0009328826298027892,-0.034298062024855726,-0.034298062024855726,-0.034298062024855726,0.0,0.0,0.0,6837645.029138243
2024-10-16,7098707.048328504,6764903.649851502,6940239.008350983,7098707.048328504,7098707.048328504,0.0,0.0,0.0,0.0,0.0,0.0,0.0,0.0,0.0,0.0,0.0,0.0,0.0,0.0,0.0,0.0,0.0,0.0,0.0,0.0,0.0,0.0,0.0,0.0,0.0,0.0,0.0,0.0,0.0,0.0,0.0,0.0,0.0,-0.034033034615288275,-0.034033034615288275,-0.034033034615288275,-0.0002763532964438338,-0.0002763532964438338,-0.0002763532964438338,-0.03375668131884444,-0.03375668131884444,-0.03375668131884444,0.0,0.0,0.0,6857116.505628949
2024-10-17,7110075.431248954,6789147.304398093,6961944.132408774,7110075.431248954,7110075.431248954,0.0,0.0,0.0,0.0,0.0,0.0,0.0,0.0,0.0,0.0,0.0,0.0,0.0,0.0,0.0,0.0,0.0,0.0,0.0,0.0,0.0,0.0,0.0,0.0,0.0,0.0,0.0,0.0,0.0,0.0,0.0,0.0,0.0,-0.033257760608484975,-0.033257760608484975,-0.033257760608484975,-3.356731099986208e-05,-3.356731099986208e-05,-3.356731099986208e-05,-0.03322419329748511,-0.03322419329748511,-0.03322419329748511,0.0,0.0,0.0,6873610.244648205
2024-10-18,7121443.814169404,6805849.0665287515,6976096.206039978,7121443.814169404,7121443.814169404,0.0,0.0,0.0,0.0,0.0,0.0,0.0,0.0,0.0,0.0,0.0,0.0,0.0,0.0,0.0,0.0,0.0,0.0,0.0,0.0,0.0,0.0,0.0,0.0,0.0,0.0,0.0,0.0,0.0,0.0,0.0,0.0,0.0,-0.03271375374996251,-0.03271375374996251,-0.03271375374996251,-4.983770820633359e-06,-4.983770820633359e-06,-4.983770820633359e-06,-0.03270876997914187,-0.03270876997914187,-0.03270876997914187,0.0,0.0,0.0,6888474.6548884725
2024-10-19,7132812.197089854,6819008.975849654,7002081.936697698,7132812.197089854,7132812.197089854,0.0,0.0,0.0,0.0,0.0,0.0,0.0,0.0,0.0,0.0,0.0,0.0,0.0,0.0,0.0,0.0,0.0,0.0,0.0,0.0,0.0,0.0,0.0,0.0,0.0,0.0,0.0,0.0,0.0,0.0,0.0,0.0,0.0,-0.03156490228618301,-0.03156490228618301,-0.03156490228618301,0.0006527986307397044,0.0006527986307397044,0.0006527986307397044,-0.03221770091692271,-0.03221770091692271,-0.03221770091692271,0.0,0.0,0.0,6907665.677063018
2024-10-20,7144180.580010303,6832850.072719999,7009705.158289784,7144180.580010303,7144180.580010303,0.0,0.0,0.0,0.0,0.0,0.0,0.0,0.0,0.0,0.0,0.0,0.0,0.0,0.0,0.0,0.0,0.0,0.0,0.0,0.0,0.0,0.0,0.0,0.0,0.0,0.0,0.0,0.0,0.0,0.0,0.0,0.0,0.0,-0.03046288106945692,-0.03046288106945692,-0.03046288106945692,0.0012943274964956012,0.0012943274964956012,0.0012943274964956012,-0.03175720856595252,-0.03175720856595252,-0.03175720856595252,0.0,0.0,0.0,6926548.2566627255
2024-10-21,7155548.962930753,6840255.486393263,7011613.513636272,7155548.962930753,7155548.962930753,0.0,0.0,0.0,0.0,0.0,0.0,0.0,0.0,0.0,0.0,0.0,0.0,0.0,0.0,0.0,0.0,0.0,0.0,0.0,0.0,0.0,0.0,0.0,0.0,0.0,0.0,0.0,0.0,0.0,0.0,0.0,0.0,0.0,-0.03203163254672376,-0.03203163254672376,-0.03203163254672376,-0.000699339119169595,-0.000699339119169595,-0.000699339119169595,-0.03133229342755417,-0.03133229342755417,-0.03133229342755417,0.0,0.0,0.0,6926345.047880065
2024-10-22,7166917.3458512025,6845825.568189815,7025770.2615320105,7166917.3458512025,7166917.3458512025,0.0,0.0,0.0,0.0,0.0,0.0,0.0,0.0,0.0,0.0,0.0,0.0,0.0,0.0,0.0,0.0,0.0,0.0,0.0,0.0,0.0,0.0,0.0,0.0,0.0,0.0,0.0,0.0,0.0,0.0,0.0,0.0,0.0,-0.03187949567884007,-0.03187949567884007,-0.03187949567884007,-0.0009328826298027324,-0.0009328826298027324,-0.0009328826298027324,-0.030946613049037338,-0.030946613049037338,-0.030946613049037338,0.0,0.0,0.0,6938439.635293535
2024-10-23,7178285.728771652,6870340.882987296,7046336.844739627,7178285.728771652,7178285.728771652,0.0,0.0,0.0,0.0,0.0,0.0,0.0,0.0,0.0,0.0,0.0,0.0,0.0,0.0,0.0,0.0,0.0,0.0,0.0,0.0,0.0,0.0,0.0,0.0,0.0,0.0,0.0,0.0,0.0,0.0,0.0,0.0,0.0,-0.030878751296387334,-0.030878751296387334,-0.030878751296387334,-0.00027635329644446854,-0.00027635329644446854,-0.00027635329644446854,-0.030602397999942868,-0.030602397999942868,-0.030602397999942868,0.0,0.0,0.0,6956629.229018506
2024-10-24,7189654.111692103,6880928.187820892,7060235.13551543,7189654.111692103,7189654.111692103,0.0,0.0,0.0,0.0,0.0,0.0,0.0,0.0,0.0,0.0,0.0,0.0,0.0,0.0,0.0,0.0,0.0,0.0,0.0,0.0,0.0,0.0,0.0,0.0,0.0,0.0,0.0,0.0,0.0,0.0,0.0,0.0,0.0,-0.030333974216391738,-0.030333974216391738,-0.030333974216391738,-3.356731100050405e-05,-3.356731100050405e-05,-3.356731100050405e-05,-0.030300406905391233,-0.030300406905391233,-0.030300406905391233,0.0,0.0,0.0,6971563.3292432595
2024-10-25,7201022.494612551,6893951.500289673,7070673.83047366,7201022.494612551,7201022.494612551,0.0,0.0,0.0,0.0,0.0,0.0,0.0,0.0,0.0,0.0,0.0,0.0,0.0,0.0,0.0,0.0,0.0,0.0,0.0,0.0,0.0,0.0,0.0,0.0,0.0,0.0,0.0,0.0,0.0,0.0,0.0,0.0,0.0,-0.030044905295245138,-0.030044905295245138,-0.030044905295245138,-4.983770821425667e-06,-4.983770821425667e-06,-4.983770821425667e-06,-0.030039921524423713,-0.030039921524423713,-0.030039921524423713,0.0,0.0,0.0,6984668.455732987
2024-10-26,7212390.877533001,6919539.32426846,7089062.808263706,7212390.877533001,7212390.877533001,0.0,0.0,0.0,0.0,0.0,0.0,0.0,0.0,0.0,0.0,0.0,0.0,0.0,0.0,0.0,0.0,0.0,0.0,0.0,0.0,0.0,0.0,0.0,0.0,0.0,0.0,0.0,0.0,0.0,0.0,0.0,0.0,0.0,-0.02916598311647313,-0.02916598311647313,-0.02916598311647313,0.000652798630741214,0.000652798630741214,0.000652798630741214,-0.029818781747214345,-0.029818781747214345,-0.029818781747214345,0.0,0.0,0.0,7002034.406969469
2024-10-27,7223759.2604534505,6935789.4747446105,7106990.330713919,7223759.2604534505,7223759.2604534505,0.0,0.0,0.0,0.0,0.0,0.0,0.0,0.0,0.0,0.0,0.0,0.0,0.0,0.0,0.0,0.0,0.0,0.0,0.0,0.0,0.0,0.0,0.0,0.0,0.0,0.0,0.0,0.0,0.0,0.0,0.0,0.0,0.0,-0.0283391317848404,-0.0283391317848404,-0.0283391317848404,0.0012943274964949834,0.0012943274964949834,0.0012943274964949834,-0.029633459281335383,-0.029633459281335383,-0.029633459281335383,0.0,0.0,0.0,7019044.194789499
2024-10-28,7235127.643373901,6934089.713209291,7107840.878651818,7235127.643373901,7235127.643373901,0.0,0.0,0.0,0.0,0.0,0.0,0.0,0.0,0.0,0.0,0.0,0.0,0.0,0.0,0.0,0.0,0.0,0.0,0.0,0.0,0.0,0.0,0.0,0.0,0.0,0.0,0.0,0.0,0.0,0.0,0.0,0.0,0.0,-0.03017850685433137,-0.03017850685433137,-0.03017850685433137,-0.000699339119171186,-0.000699339119171186,-0.000699339119171186,-0.029479167735160187,-0.029479167735160187,-0.029479167735160187,0.0,0.0,0.0,7016782.294196379
2024-10-29,7246496.026294351,6937242.217441404,7113399.796278029,7246496.026294351,7246496.026294351,0.0,0.0,0.0,0.0,0.0,0.0,0.0,0.0,0.0,0.0,0.0,0.0,0.0,0.0,0.0,0.0,0.0,0.0,0.0,0.0,0.0,0.0,0.0,0.0,0.0,0.0,0.0,0.0,0.0,0.0,0.0,0.0,0.0,-0.030282888445531477,-0.030282888445531477,-0.030282888445531477,-0.0009328826298026755,-0.0009328826298026755,-0.0009328826298026755,-0.029350005815728802,-0.029350005815728802,-0.029350005815728802,0.0,0.0,0.0,7027051.195509091
2024-10-30,7257864.409214799,6950528.958657829,7131788.131825506,7257864.409214799,7257864.409214799,0.0,0.0,0.0,0.0,0.0,0.0,0.0,0.0,0.0,0.0,0.0,0.0,0.0,0.0,0.0,0.0,0.0,0.0,0.0,0.0,0.0,0.0,0.0,0.0,0.0,0.0,0.0,0.0,0.0,0.0,0.0,0.0,0.0,-0.029515482763156305,-0.029515482763156305,-0.029515482763156305,-0.00027635329644186836,-0.00027635329644186836,-0.00027635329644186836,-0.029239129466714437,-0.029239129466714437,-0.029239129466714437,0.0,0.0,0.0,7043645.037347294
2024-10-31,7269232.79213525,6970986.759237004,7147288.619642988,7269232.79213525,7269232.79213525,0.0,0.0,0.0,0.0,0.0,0.0,0.0,0.0,0.0,0.0,0.0,0.0,0.0,0.0,0.0,0.0,0.0,0.0,0.0,0.0,0.0,0.0,0.0,0.0,0.0,0.0,0.0,0.0,0.0,0.0,0.0,0.0,0.0,-0.02917251531502762,-0.02917251531502762,-0.02917251531502762,-3.356731099975196e-05,-3.356731099975196e-05,-3.356731099975196e-05,-0.02913894800402787,-0.02913894800402787,-0.02913894800402787,0.0,0.0,0.0,7057170.987178183
2024-11-01,7280601.175055699,6836080.926010702,7021399.3702462185,7280601.175055699,7280601.175055699,-0.018855002,-0.018855002,-0.018855002,0.0,0.0,0.0,0.0,0.0,0.0,0.0,0.0,0.0,0.0,0.0,0.0,0.0,0.0,0.0,0.0,0.0,0.0,0.0,0.0,0.0,0.0,0.0,0.0,0.0,0.0,0.0,-0.018855002,-0.018855002,-0.018855002,-0.0479013244539111,-0.0479013244539111,-0.0479013244539111,-4.983770820757364e-06,-4.983770820757364e-06,-4.983770820757364e-06,-0.02904133868309034,-0.02904133868309034,-0.02904133868309034,0.0,0.0,0.0,6931850.73594983
2024-11-02,7291969.557976149,6993059.6333030155,7170001.28853805,7291969.557976149,7291969.557976149,0.0,0.0,0.0,0.0,0.0,0.0,0.0,0.0,0.0,0.0,0.0,0.0,0.0,0.0,0.0,0.0,0.0,0.0,0.0,0.0,0.0,0.0,0.0,0.0,0.0,0.0,0.0,0.0,0.0,0.0,0.0,0.0,0.0,-0.02828507503882184,-0.02828507503882184,-0.02828507503882184,0.0006527986307427235,0.0006527986307427235,0.0006527986307427235,-0.028937873669564563,-0.028937873669564563,-0.028937873669564563,0.0,0.0,0.0,7085715.651847989
2024-11-03,7303337.9408966,7016980.685823994,7191775.118422097,7303337.9408966,7303337.9408966,0.0,0.0,0.0,0.0,0.0,0.0,0.0,0.0,0.0,0.0,0.0,0.0,0.0,0.0,0.0,0.0,0.0,0.0,0.0,0.0,0.0,0.0,0.0,0.0,0.0,0.0,0.0,0.0,0.0,0.0,0.0,0.0,0.0,-0.02752572559970265,-0.02752572559970265,-0.02752572559970265,0.001294327496494162,0.001294327496494162,0.001294327496494162,-0.028820053096196813,-0.028820053096196813,-0.028820053096196813,0.0,0.0,0.0,7102308.264773582
2024-11-04,7314706.323817048,7007765.83226445,7191150.961288976,7314706.323817048,7314706.323817048,0.0,0.0,0.0,0.0,0.0,0.0,0.0,0.0,0.0,0.0,0.0,0.0,0.0,0.0,0.0,0.0,0.0,0.0,0.0,0.0,0.0,0.0,0.0,0.0,0.0,0.0,0.0,0.0,0.0,0.0,0.0,0.0,0.0,-0.029378876898585038,-0.029378876898585038,-0.029378876898585038,-0.0006993391191722202,-0.0006993391191722202,-0.0006993391191722202,-0.028679537779412817,-0.028679537779412817,-0.028679537779412817,0.0,0.0,0.0,7099808.467180326
2024-11-05,7326074.706737498,7019426.646171675,7196267.234160554,7326074.706737498,7326074.706737498,0.0,0.0,0.0,0.0,0.0,0.0,0.0,0.0,0.0,0.0,0.0,0.0,0.0,0.0,0.0,0.0,0.0,0.0,0.0,0.0,0.0,0.0,0.0,0.0,0.0,0.0,0.0,0.0,0.0,0.0,0.0,0.0,0.0,-0.029441257871780088,-0.029441257871780088,-0.029441257871780088,-0.0009328826298032376,-0.0009328826298032376,-0.0009328826298032376,-0.02850837524197685,-0.02850837524197685,-0.02850837524197685,0.0,0.0,0.0,7110385.852108513
2024-11-06,7337443.089657948,7042294.024208508,7225392.030056404,7337443.089657948,7337443.089657948,0.0,0.0,0.0,0.0,0.0,0.0,0.0,0.0,0.0,0.0,0.0,0.0,0.0,0.0,0.0,0.0,0.0,0.0,0.0,0.0,0.0,0.0,0.0,0.0,0.0,0.0,0.0,0.0,0.0,0.0,0.0,0.0,0.0,-0.028575566235326793,-0.028575566235326793,-0.028575566235326793,-0.00027635329644250326,-0.00027635329644250326,-0.00027635329644250326,-0.02829921293888429,-0.02829921293888429,-0.02829921293888429,0.0,0.0,0.0,7127771.498651487
2024-11-07,7348811.472578398,7050660.562036805,7235714.048097636,7348811.472578398,7348811.472578398,0.0,0.0,0.0,0.0,0.0,0.0,0.0,0.0,0.0,0.0,0.0,0.0,0.0,0.0,0.0,0.0,0.0,0.0,0.0,0.0,0.0,0.0,0.0,0.0,0.0,0.0,0.0,0.0,0.0,0.0,0.0,0.0,0.0,-0.02807906031503872,-0.02807906031503872,-0.02807906031503872,-3.3567311000393934e-05,-3.3567311000393934e-05,-3.3567311000393934e-05,-0.028045493004038326,-0.028045493004038326,-0.028045493004038326,0.0,0.0,0.0,7142463.751996021
2024-11-08,7360179.855498848,7070015.512264951,7243853.515587813,7360179.855498848,7360179.855498848,0.0,0.0,0.0,0.0,0.0,0.0,0.0,0.0,0.0,0.0,0.0,0.0,0.0,0.0,0.0,0.0,0.0,0.0,0.0,0.0,0.0,0.0,0.0,0.0,0.0,0.0,0.0,0.0,0.0,0.0,0.0,0.0,0.0,-0.027746607182483205,-0.027746607182483205,-0.027746607182483205,-4.9837708219385756e-06,-4.9837708219385756e-06,-4.9837708219385756e-06,-0.027741623411661268,-0.027741623411661268,-0.027741623411661268,0.0,0.0,0.0,7155959.836255895
2024-11-09,7371548.243437414,7083564.221482404,7265589.129564702,7371548.243437414,7371548.243437414,0.0,0.0,0.0,0.0,0.0,0.0,0.0,0.0,0.0,0.0,0.0,0.0,0.0,0.0,0.0,0.0,0.0,0.0,0.0,0.0,0.0,0.0,0.0,0.0,0.0,0.0,0.0,0.0,0.0,0.0,0.0,0.0,0.0,-0.02673032253031305,-0.02673032253031305,-0.02673032253031305,0.0006527986307433099,0.0006527986307433099,0.0006527986307433099,-0.027383121161056363,-0.027383121161056363,-0.027383121161056363,0.0,0.0,0.0,7174504.381342569
2024-11-10,7382916.6313759815,7104781.791866561,7283109.410484865,7382916.6313759815,7382916.6313759815,0.0,0.0,0.0,0.0,0.0,0.0,0.0,0.0,0.0,0.0,0.0,0.0,0.0,0.0,0.0,0.0,0.0,0.0,0.0,0.0,0.0,0.0,0.0,0.0,0.0,0.0,0.0,0.0,0.0,0.0,0.0,0.0,0.0,-0.02567239642795314,-0.02567239642795314,-0.02567239642795314,0.001294327496493748,0.001294327496493748,0.001294327496493748,-0.026966723924446885,-0.026966723924446885,-0.026966723924446885,0.0,0.0,0.0,7193379.468820768
2024-11-11,7394285.019314548,7109000.075383782,7280977.179303865,7394285.019314548,7394285.019314548,0.0,0.0,0.0,0.0,0.0,0.0,0.0,0.0,0.0,0.0,0.0,0.0,0.0,0.0,0.0,0.0,0.0,0.0,0.0,0.0,0.0,0.0,0.0,0.0,0.0,0.0,0.0,0.0,0.0,0.0,0.0,0.0,0.0,-0.027189806639580115,-0.027189806639580115,-0.027189806639580115,-0.0006993391191668606,-0.0006993391191668606,-0.0006993391191668606,-0.026490467520413254,-0.026490467520413254,-0.026490467520413254,0.0,0.0,0.0,7193235.839401442
2024-11-12,7405653.4072531145,7111899.8216319345,7290288.694255551,7405653.4072531145,7405653.4072531145,0.0,0.0,0.0,0.0,0.0,0.0,0.0,0.0,0.0,0.0,0.0,0.0,0.0,0.0,0.0,0.0,0.0,0.0,0.0,0.0,0.0,0.0,0.0,0.0,0.0,0.0,0.0,0.0,0.0,0.0,0.0,0.0,0.0,-0.02688661019234229,-0.02688661019234229,-0.02688661019234229,-0.0009328826298043876,-0.0009328826298043876,-0.0009328826298043876,-0.0259537275625379,-0.0259537275625379,-0.0259537275625379,0.0,0.0,0.0,7206540.490872708
2024-11-13,7417021.795191681,7137101.405574167,7322182.221916531,7417021.795191681,7417021.795191681,0.0,0.0,0.0,0.0,0.0,0.0,0.0,0.0,0.0,0.0,0.0,0.0,0.0,0.0,0.0,0.0,0.0,0.0,0.0,0.0,0.0,0.0,0.0,0.0,0.0,0.0,0.0,0.0,0.0,0.0,0.0,0.0,0.0,-0.02563357795179621,-0.02563357795179621,-0.02563357795179621,-0.0002763532964431381,-0.0002763532964431381,-0.0002763532964431381,-0.02535722465535307,-0.02535722465535307,-0.02535722465535307,0.0,0.0,0.0,7226896.988834464
2024-11-14,7428390.183130248,7155868.102526326,7332582.852580155,7428390.183130248,7428390.183130248,0.0,0.0,0.0,0.0,0.0,0.0,0.0,0.0,0.0,0.0,0.0,0.0,0.0,0.0,0.0,0.0,0.0,0.0,0.0,0.0,0.0,0.0,0.0,0.0,0.0,0.0,0.0,0.0,0.0,0.0,0.0,0.0,0.0,-0.024736560848868196,-0.024736560848868196,-0.024736560848868196,-3.356731099932774e-05,-3.356731099932774e-05,-3.356731099932774e-05,-0.024702993537868867,-0.024702993537868867,-0.024702993537868867,0.0,0.0,0.0,7244637.3573561115
2024-11-15,7439758.571068815,7171395.707826647,7358246.632604458,7439758.571068815,7439758.571068815,0.0,0.0,0.0,0.0,0.0,0.0,0.0,0.0,0.0,0.0,0.0,0.0,0.0,0.0,0.0,0.0,0.0,0.0,0.0,0.0,0.0,0.0,0.0,0.0,0.0,0.0,0.0,0.0,0.0,0.0,0.0,0.0,0.0,-0.023999301349909095,-0.023999301349909095,-0.023999301349909095,-4.9837708212703005e-06,-4.9837708212703005e-06,-4.9837708212703005e-06,-0.023994317579087824,-0.023994317579087824,-0.023994317579087824,0.0,0.0,0.0,7261209.563151165
2024-11-16,7451126.959007381,7195132.527256472,7369617.44851593,7451126.959007381,7451126.959007381,0.0,0.0,0.0,0.0,0.0,0.0,0.0,0.0,0.0,0.0,0.0,0.0,0.0,0.0,0.0,0.0,0.0,0.0,0.0,0.0,0.0,0.0,0.0,0.0,0.0,0.0,0.0,0.0,0.0,0.0,0.0,0.0,0.0,-0.022582832350884846,-0.022582832350884846,-0.022582832350884846,0.0006527986307404333,0.0006527986307404333,0.0006527986307404333,-0.023235630981625278,-0.023235630981625278,-0.023235630981625278,0.0,0.0,0.0,7282859.408066959
2024-11-17,7462495.346945949,7210509.865334457,7395901.518114302,7462495.346945949,7462495.346945949,0.0,0.0,0.0,0.0,0.0,0.0,0.0,0.0,0.0,0.0,0.0,0.0,0.0,0.0,0.0,0.0,0.0,0.0,0.0,0.0,0.0,0.0,0.0,0.0,0.0,0.0,0.0,0.0,0.0,0.0,0.0,0.0,0.0,-0.02113806442517578,-0.02113806442517578,-0.02113806442517578,0.0012943274964929267,0.0012943274964929267,0.0012943274964929267,-0.02243239192166871,-0.02243239192166871,-0.02243239192166871,0.0,0.0,0.0,7304752.6395296315
2024-11-18,7473863.734884515,7218650.991632635,7397862.142603848,7473863.734884515,7473863.734884515,0.0,0.0,0.0,0.0,0.0,0.0,0.0,0.0,0.0,0.0,0.0,0.0,0.0,0.0,0.0,0.0,0.0,0.0,0.0,0.0,0.0,0.0,0.0,0.0,0.0,0.0,0.0,0.0,0.0,0.0,0.0,0.0,0.0,-0.022290269741103274,-0.022290269741103274,-0.022290269741103274,-0.0006993391191678947,-0.0006993391191678947,-0.0006993391191678947,-0.02159093062193538,-0.02159093062193538,-0.02159093062193538,0.0,0.0,0.0,7307269.29622569
2024-11-19,7485232.122823082,7233795.830152681,7412624.163370545,7485232.122823082,7485232.122823082,0.0,0.0,0.0,0.0,0.0,0.0,0.0,0.0,0.0,0.0,0.0,0.0,0.0,0.0,0.0,0.0,0.0,0.0,0.0,0.0,0.0,0.0,0.0,0.0,0.0,0.0,0.0,0.0,0.0,0.0,0.0,0.0,0.0,-0.021651159627748568,-0.021651159627748568,-0.021651159627748568,-0.000932882629803124,-0.000932882629803124,-0.000932882629803124,-0.020718276997945442,-0.020718276997945442,-0.020718276997945442,0.0,0.0,0.0,7323168.167281088
2024-11-20,7496600.510761649,7256735.033862192,7437369.699854905,7496600.510761649,7496600.510761649,0.0,0.0,0.0,0.0,0.0,0.0,0.0,0.0,0.0,0.0,0.0,0.0,0.0,0.0,0.0,0.0,0.0,0.0,0.0,0.0,0.0,0.0,0.0,0.0,0.0,0.0,0.0,0.0,0.0,0.0,0.0,0.0,0.0,-0.0200983263160158,-0.0200983263160158,-0.0200983263160158,-0.00027635329644215545,-0.00027635329644215545,-0.00027635329644215545,-0.019821973019573644,-0.019821973019573644,-0.019821973019573644,0.0,0.0,0.0,7345931.387435551
2024-11-21,7507968.898700215,7272276.50547746,7449163.112754387,7507968.898700215,7507968.898700215,0.0,0.0,0.0,0.0,0.0,0.0,0.0,0.0,0.0,0.0,0.0,0.0,0.0,0.0,0.0,0.0,0.0,0.0,0.0,0.0,0.0,0.0,0.0,0.0,0.0,0.0,0.0,0.0,0.0,0.0,0.0,0.0,0.0,-0.018943442587709785,-0.018943442587709785,-0.018943442587709785,-3.356731100167787e-05,-3.356731100167787e-05,-3.356731100167787e-05,-0.018909875276708107,-0.018909875276708107,-0.018909875276708107,0.0,0.0,0.0,7365742.120917377
2024-11-22,7519337.286638781,7297132.123356905,7471164.900203367,7519337.286638781,7519337.286638781,0.0,0.0,0.0,0.0,0.0,0.0,0.0,0.0,0.0,0.0,0.0,0.0,0.0,0.0,0.0,0.0,0.0,0.0,0.0,0.0,0.0,0.0,0.0,0.0,0.0,0.0,0.0,0.0,0.0,0.0,0.0,0.0,0.0,-0.01799493719231941,-0.01799493719231941,-0.01799493719231941,-4.983770820601971e-06,-4.983770820601971e-06,-4.983770820601971e-06,-0.017989953421498808,-0.017989953421498808,-0.017989953421498808,0.0,0.0,0.0,7384027.284437851
2024-11-23,7530705.674577349,7317735.928686488,7503628.55227069,7530705.674577349,7530705.674577349,0.0,0.0,0.0,0.0,0.0,0.0,0.0,0.0,0.0,0.0,0.0,0.0,0.0,0.0,0.0,0.0,0.0,0.0,0.0,0.0,0.0,0.0,0.0,0.0,0.0,0.0,0.0,0.0,0.0,0.0,0.0,0.0,0.0,-0.01641729154635749,-0.01641729154635749,-0.01641729154635749,0.000652798630740096,0.000652798630740096,0.000652798630740096,-0.017070090177097586,-0.017070090177097586,-0.017070090177097586,0.0,0.0,0.0,7407071.883968004
2024-11-24,7542074.062515915,7350430.441680063,7523589.280197048,7542074.062515915,7542074.062515915,0.0,0.0,0.0,0.0,0.0,0.0,0.0,0.0,0.0,0.0,0.0,0.0,0.0,0.0,0.0,0.0,0.0,0.0,0.0,0.0,0.0,0.0,0.0,0.0,0.0,0.0,0.0,0.0,0.0,0.0,0.0,0.0,0.0,-0.014863560958736817,-0.014863560958736817,-0.014863560958736817,0.0012943274964921053,0.0012943274964921053,0.0012943274964921053,-0.016157888455228923,-0.016157888455228923,-0.016157888455228923,0.0,0.0,0.0,7429971.984932402
2024-11-25,7553442.450454482,7345524.517480776,7525516.304418837,7553442.450454482,7553442.450454482,0.0,0.0,0.0,0.0,0.0,0.0,0.0,0.0,0.0,0.0,0.0,0.0,0.0,0.0,0.0,0.0,0.0,0.0,0.0,0.0,0.0,0.0,0.0,0.0,0.0,0.0,0.0,0.0,0.0,0.0,0.0,0.0,0.0,-0.015959829938131095,-0.015959829938131095,-0.015959829938131095,-0.0006993391191689291,-0.0006993391191689291,-0.0006993391191689291,-0.015260490818962167,-0.015260490818962167,-0.015260490818962167,0.0,0.0,0.0,7432890.793497768
2024-11-26,7564810.838393049,7362517.635465866,7535157.452322103,7564810.838393049,7564810.838393049,0.0,0.0,0.0,0.0,0.0,0.0,0.0,0.0,0.0,0.0,0.0,0.0,0.0,0.0,0.0,0.0,0.0,0.0,0.0,0.0,0.0,0.0,0.0,0.0,0.0,0.0,0.0,0.0,0.0,0.0,0.0,0.0,0.0,-0.015317298703474104,-0.015317298703474104,-0.015317298703474104,-0.0009328826298030674,-0.0009328826298030674,-0.0009328826298030674,-0.014384416073671037,-0.014384416073671037,-0.014384416073671037,0.0,0.0,0.0,7448938.371146104
2024-11-27,7576179.226331616,7383571.302948908,7558335.012151662,7576179.226331616,7576179.226331616,0.0,0.0,0.0,0.0,0.0,0.0,0.0,0.0,0.0,0.0,0.0,0.0,0.0,0.0,0.0,0.0,0.0,0.0,0.0,0.0,0.0,0.0,0.0,0.0,0.0,0.0,0.0,0.0,0.0,0.0,0.0,0.0,0.0,-0.013811770480052528,-0.013811770480052528,-0.013811770480052528,-0.0002763532964461745,-0.0002763532964461745,-0.0002763532964461745,-0.013535417183606355,-0.013535417183606355,-0.013535417183606355,0.0,0.0,0.0,7471538.777741781
2024-11-28,7587547.614270182,7405071.7788795205,7575391.836469718,7587547.614270182,7587547.614270182,0.0,0.0,0.0,0.0,0.0,0.0,0.0,0.0,0.0,0.0,0.0,0.0,0.0,0.0,0.0,0.0,0.0,0.0,0.0,0.0,0.0,0.0,0.0,0.0,0.0,0.0,0.0,0.0,0.0,0.0,0.0,0.0,0.0,-0.012751931323641769,-0.012751931323641769,-0.012751931323641769,-3.3567311000611676e-05,-3.3567311000611676e-05,-3.3567311000611676e-05,-0.012718364012641158,-0.012718364012641158,-0.012718364012641158,0.0,0.0,0.0,7490791.728178147
2024-11-29,7598916.00220875,7418275.430223603,7597095.89635228,7598916.00220875,7598916.00220875,0.0,0.0,0.0,0.0,0.0,0.0,0.0,0.0,0.0,0.0,0.0,0.0,0.0,0.0,0.0,0.0,0.0,0.0,0.0,0.0,0.0,0.0,0.0,0.0,0.0,0.0,0.0,0.0,0.0,0.0,0.0,0.0,0.0,-0.011942137368810222,-0.011942137368810222,-0.011942137368810222,-4.983770819933723e-06,-4.983770819933723e-06,-4.983770819933723e-06,-0.011937153597990288,-0.011937153597990288,-0.011937153597990288,0.0,0.0,0.0,7508168.703456323
2024-11-30,7610284.390147316,7442267.406249887,7624270.964254801,7610284.390147316,7610284.390147316,0.0,0.0,0.0,0.0,0.0,0.0,0.0,0.0,0.0,0.0,0.0,0.0,0.0,0.0,0.0,0.0,0.0,0.0,0.0,0.0,0.0,0.0,0.0,0.0,0.0,0.0,0.0,0.0,0.0,0.0,0.0,0.0,0.0,-0.010541851178651807,-0.010541851178651807,-0.010541851178651807,0.0006527986307416057,0.0006527986307416057,0.0006527986307416057,-0.011194649809393413,-0.011194649809393413,-0.011194649809393413,0.0,0.0,0.0,7530057.904679166
2024-12-01,7621652.778085883,7466420.388815574,7638845.163473219,7621652.778085883,7621652.778085883,0.0,0.0,0.0,0.0,0.0,0.0,0.0,0.0,0.0,0.0,0.0,0.0,0.0,0.0,0.0,0.0,0.0,0.0,0.0,0.0,0.0,0.0,0.0,0.0,0.0,0.0,0.0,0.0,0.0,0.0,0.0,0.0,0.0,-0.009198325853360336,-0.009198325853360336,-0.009198325853360336,0.0012943274964914875,0.0012943274964914875,0.0012943274964914875,-0.010492653349851822,-0.010492653349851822,-0.010492653349851822,0.0,0.0,0.0,7551546.33229188
2024-12-02,7633021.166024449,7468195.723573966,7643008.857015962,7633021.166024449,7633021.166024449,0.0,0.0,0.0,0.0,0.0,0.0,0.0,0.0,0.0,0.0,0.0,0.0,0.0,0.0,0.0,0.0,0.0,0.0,0.0,0.0,0.0,0.0,0.0,0.0,0.0,0.0,0.0,0.0,0.0,0.0,0.0,0.0,0.0,-0.010531241263880676,-0.010531241263880676,-0.010531241263880676,-0.0006993391191635694,-0.0006993391191635694,-0.0006993391191635694,-0.009831902144717108,-0.009831902144717108,-0.009831902144717108,0.0,0.0,0.0,7552635.978552737
2024-12-03,7644389.553963017,7483599.010231394,7658425.650770407,7644389.553963017,7644389.553963017,0.0,0.0,0.0,0.0,0.0,0.0,0.0,0.0,0.0,0.0,0.0,0.0,0.0,0.0,0.0,0.0,0.0,0.0,0.0,0.0,0.0,0.0,0.0,0.0,0.0,0.0,0.0,0.0,0.0,0.0,0.0,0.0,0.0,-0.010144983900928047,-0.010144983900928047,-0.010144983900928047,-0.0009328826298030105,-0.0009328826298030105,-0.0009328826298030105,-0.009212101271125036,-0.009212101271125036,-0.009212101271125036,0.0,0.0,0.0,7566837.34500564
2024-12-04,7655757.941901583,7502835.181856886,7677852.836995281,7655757.941901583,7655757.941901583,0.0,0.0,0.0,0.0,0.0,0.0,0.0,0.0,0.0,0.0,0.0,0.0,0.0,0.0,0.0,0.0,0.0,0.0,0.0,0.0,0.0,0.0,0.0,0.0,0.0,0.0,0.0,0.0,0.0,0.0,0.0,0.0,0.0,-0.008908334022376847,-0.008908334022376847,-0.008908334022376847,-0.00027635329644357413,-0.00027635329644357413,-0.00027635329644357413,-0.008631980725933273,-0.008631980725933273,-0.008631980725933273,0.0,0.0,0.0,7587557.892960659
2024-12-05,7667126.32984015,7513949.4800181985,7687277.209776304,7667126.32984015,7667126.32984015,0.0,0.0,0.0,0.0,0.0,0.0,0.0,0.0,0.0,0.0,0.0,0.0,0.0,0.0,0.0,0.0,0.0,0.0,0.0,0.0,0.0,0.0,0.0,0.0,0.0,0.0,0.0,0.0,0.0,0.0,0.0,0.0,0.0,-0.008122945853582222,-0.008122945853582222,-0.008122945853582222,-3.356731100156775e-05,-3.356731100156775e-05,-3.356731100156775e-05,-0.008089378542580655,-0.008089378542580655,-0.008089378542580655,0.0,0.0,0.0,7604846.677810283
2024-12-06,7678494.717778717,7456862.675389386,7634092.683216951,7678494.717778717,7678494.717778717,0.0,0.0,0.0,0.0,0.0,0.0,0.0,0.0,0.0,-0.0097707295,-0.0097707295,-0.0097707295,0.0,0.0,0.0,0.0,0.0,0.0,0.0,0.0,0.0,0.0,0.0,0.0,0.0,0.0,0.0,0.0,0.0,0.0,-0.0097707295,-0.0097707295,-0.0097707295,-0.017357059339337972,-0.017357059339337972,-0.017357059339337972,-4.983770820725841e-06,-4.983770820725841e-06,-4.983770820725841e-06,-0.007581346068517246,-0.007581346068517246,-0.007581346068517246,0.0,0.0,0.0,7545218.629325439
2024-12-07,7689863.105717284,7553578.585004265,7728102.540085134,7689863.105717284,7689863.105717284,0.0,0.0,0.0,0.0,0.0,0.0,0.0,0.0,0.0,0.0,0.0,0.0,0.0,0.0,0.0,0.0,0.0,0.0,0.0,0.0,0.0,0.0,0.0,0.0,0.0,0.0,0.0,0.0,0.0,0.0,0.0,0.0,0.0,-0.006451472994072141,-0.006451472994072141,-0.006451472994072141,0.0006527986307421918,0.0006527986307421918,0.0006527986307421918,-0.007104271624814333,-0.007104271624814333,-0.007104271624814333,0.0,0.0,0.0,7640252.161562637
2024-12-08,7701231.493655851,7567260.235870654,7754317.674677406,7701231.493655851,7701231.493655851,0.0,0.0,0.0,0.0,0.0,0.0,0.0,0.0,0.0,0.0,0.0,0.0,0.0,0.0,0.0,0.0,0.0,0.0,0.0,0.0,0.0,0.0,0.0,0.0,0.0,0.0,0.0,0.0,0.0,0.0,0.0,0.0,0.0,-0.005359690808202729,-0.005359690808202729,-0.005359690808202729,0.0012943274964943236,0.0012943274964943236,0.0012943274964943236,-0.0066540183046970534,-0.0066540183046970534,-0.0066540183046970534,0.0,0.0,0.0,7659955.274007462
2024-12-09,7712599.884776402,7571397.829289022,7744205.380374227,7712599.884776402,7712599.884776402,0.0,0.0,0.0,0.0,0.0,0.0,0.0,0.0,0.0,0.0,0.0,0.0,0.0,0.0,0.0,0.0,0.0,0.0,0.0,0.0,0.0,0.0,0.0,0.0,0.0,0.0,0.0,0.0,0.0,0.0,0.0,0.0,0.0,-0.006925410459613434,-0.006925410459613434,-0.006925410459613434,-0.0006993391191651604,-0.0006993391191651604,-0.0006993391191651604,-0.006226071340448274,-0.006226071340448274,-0.006226071340448274,0.0,0.0,0.0,7659186.964863558
2024-12-10,7723968.275896954,7586874.311223618,7763832.316737518,7723968.275896954,7723968.275896954,0.0,0.0,0.0,0.0,0.0,0.0,0.0,0.0,0.0,0.0,0.0,0.0,0.0,0.0,0.0,0.0,0.0,0.0,0.0,0.0,0.0,0.0,0.0,0.0,0.0,0.0,0.0,0.0,0.0,0.0,0.0,0.0,0.0,-0.006748572916244721,-0.006748572916244721,-0.006748572916244721,-0.0009328826298029537,-0.0009328826298029537,-0.0009328826298029537,-0.005815690286441768,-0.005815690286441768,-0.005815690286441768,0.0,0.0,0.0,7671842.512784302
2024-12-11,7735336.667017506,7602887.512548284,7779699.340143731,7735336.667017506,7735336.667017506,0.0,0.0,0.0,0.0,0.0,0.0,0.0,0.0,0.0,0.0,0.0,0.0,0.0,0.0,0.0,0.0,0.0,0.0,0.0,0.0,0.0,0.0,0.0,0.0,0.0,0.0,0.0,0.0,0.0,0.0,0.0,0.0,0.0,-0.005694414530200149,-0.005694414530200149,-0.005694414530200149,-0.00027635329644420915,-0.00027635329644420915,-0.00027635329644420915,-0.005418061233755939,-0.005418061233755939,-0.005418061233755939,0.0,0.0,0.0,7691288.453504852
2024-12-12,7746705.058138058,7615936.221012495,7790721.054539494,7746705.058138058,7746705.058138058,0.0,0.0,0.0,0.0,0.0,0.0,0.0,0.0,0.0,0.0,0.0,0.0,0.0,0.0,0.0,0.0,0.0,0.0,0.0,0.0,0.0,0.0,0.0,0.0,0.0,0.0,0.0,0.0,0.0,0.0,0.0,0.0,0.0,-0.005062011698473526,-0.005062011698473526,-0.005062011698473526,-3.356731100050156e-05,-3.356731100050156e-05,-3.356731100050156e-05,-0.005028444387473024,-0.005028444387473024,-0.005028444387473024,0.0,0.0,0.0,7707491.146509139
2024-12-13,7758073.44925861,7634668.422324978,7802915.210009113,7758073.44925861,7758073.44925861,0.0,0.0,0.0,0.0,0.0,0.0,0.0,0.0,0.0,0.0,0.0,0.0,0.0,0.0,0.0,0.0,0.0,0.0,0.0,0.0,0.0,0.0,0.0,0.0,0.0,0.0,0.0,0.0,0.0,0.0,0.0,0.0,0.0,-0.00464729636715799,-0.00464729636715799,-0.00464729636715799,-4.983770821907134e-06,-4.983770821907134e-06,-4.983770821907134e-06,-0.004642312596336083,-0.004642312596336083,-0.004642312596336083,0.0,0.0,0.0,7722019.382701726
2024-12-14,7769441.840379162,7648616.447830626,7832088.762358307,7769441.840379162,7769441.840379162,0.0,0.0,0.0,0.0,0.0,0.0,0.0,0.0,0.0,0.0,0.0,0.0,0.0,0.0,0.0,0.0,0.0,0.0,0.0,0.0,0.0,0.0,0.0,0.0,0.0,0.0,0.0,0.0,0.0,0.0,0.0,0.0,0.0,-0.003602678184870479,-0.003602678184870479,-0.003602678184870479,0.0006527986307427781,0.0006527986307427781,0.0006527986307427781,-0.004255476815613257,-0.004255476815613257,-0.004255476815613257,0.0,0.0,0.0,7741451.041752208
2024-12-15,7780810.231499713,7676608.255721943,7848703.421928302,7780810.231499713,7780810.231499713,0.0,0.0,0.0,0.0,0.0,0.0,0.0,0.0,0.0,0.0,0.0,0.0,0.0,0.0,0.0,0.0,0.0,0.0,0.0,0.0,0.0,0.0,0.0,0.0,0.0,0.0,0.0,0.0,0.0,0.0,0.0,0.0,0.0,-0.0025698674977482796,-0.0025698674977482796,-0.0025698674977482796,0.0012943274964939096,0.0012943274964939096,0.0012943274964939096,-0.003864194994242189,-0.003864194994242189,-0.003864194994242189,0.0,0.0,0.0,7760814.5801796345
2024-12-16,7792178.622620265,7671923.959955875,7842124.6488277735,7792178.622620265,7792178.622620265,0.0,0.0,0.0,0.0,0.0,0.0,0.0,0.0,0.0,0.0,0.0,0.0,0.0,0.0,0.0,0.0,0.0,0.0,0.0,0.0,0.0,0.0,0.0,0.0,0.0,0.0,0.0,0.0,0.0,0.0,0.0,0.0,0.0,-0.0041646006082158415,-0.0041646006082158415,-0.0041646006082158415,-0.0006993391191656381,-0.0006993391191656381,-0.0006993391191656381,-0.003465261489050204,-0.003465261489050204,-0.003465261489050204,0.0,0.0,0.0,7759727.3107891735
2024-12-17,7803547.013740817,7679923.889765971,7864335.78024556,7803547.013740817,7803547.013740817,0.0,0.0,0.0,0.0,0.0,0.0,0.0,0.0,0.0,0.0,0.0,0.0,0.0,0.0,0.0,0.0,0.0,0.0,0.0,0.0,0.0,0.0,0.0,0.0,0.0,0.0,0.0,0.0,0.0,0.0,0.0,0.0,0.0,-0.003988957431536652,-0.003988957431536652,-0.003988957431536652,-0.0009328826298016904,-0.0009328826298016904,-0.0009328826298016904,-0.003056074801734962,-0.003056074801734962,-0.003056074801734962,0.0,0.0,0.0,7772418.996888011
2024-12-18,7814915.404861368,7702354.003407073,7886812.703105609,7814915.404861368,7814915.404861368,0.0,0.0,0.0,0.0,0.0,0.0,0.0,0.0,0.0,0.0,0.0,0.0,0.0,0.0,0.0,0.0,0.0,0.0,0.0,0.0,0.0,0.0,0.0,0.0,0.0,0.0,0.0,0.0,0.0,0.0,0.0,0.0,0.0,-0.0029110354822239073,-0.0029110354822239073,-0.0029110354822239073,-0.0002763532964432263,-0.0002763532964432263,-0.0002763532964432263,-0.002634682185780681,-0.002634682185780681,-0.002634682185780681,0.0,0.0,0.0,7792165.908827239
2024-12-19,7826283.79598192,7719938.474366291,7899251.527054005,7826283.79598192,7826283.79598192,0.0,0.0,0.0,0.0,0.0,0.0,0.0,0.0,0.0,0.0,0.0,0.0,0.0,0.0,0.0,0.0,0.0,0.0,0.0,0.0,0.0,0.0,0.0,0.0,0.0,0.0,0.0,0.0,0.0,0.0,0.0,0.0,0.0,-0.0022333677669805776,-0.0022333677669805776,-0.0022333677669805776,-3.3567310999435364e-05,-3.3567310999435364e-05,-3.3567310999435364e-05,-0.002199800455981142,-0.002199800455981142,-0.002199800455981142,0.0,0.0,0.0,7808804.826016732
2024-12-20,7837652.187102472,7730237.641466417,7912005.107535846,7837652.187102472,7837652.187102472,0.0,0.0,0.0,0.0,0.0,0.0,0.0,0.0,0.0,0.0,0.0,0.0,0.0,0.0,0.0,0.0,0.0,0.0,0.0,0.0,0.0,0.0,0.0,0.0,0.0,0.0,0.0,0.0,0.0,0.0,0.0,0.0,0.0,-0.0017557968987840663,-0.0017557968987840663,-0.0017557968987840663,-4.983770822699225e-06,-4.983770822699225e-06,-4.983770822699225e-06,-0.0017508131279613671,-0.0017508131279613671,-0.0017508131279613671,0.0,0.0,0.0,7823890.86169861
2024-12-21,7849020.578223024,7757290.090173864,7930722.430721833,7849020.578223024,7849020.578223024,0.0,0.0,0.0,0.0,0.0,0.0,0.0,0.0,0.0,0.0,0.0,0.0,0.0,0.0,0.0,0.0,0.0,0.0,0.0,0.0,0.0,0.0,0.0,0.0,0.0,0.0,0.0,0.0,0.0,0.0,0.0,0.0,0.0,-0.0006349461626804363,-0.0006349461626804363,-0.0006349461626804363,0.0006527986307433642,0.0006527986307433642,0.0006527986307433642,-0.0012877447934238006,-0.0012877447934238006,-0.0012877447934238006,0.0,0.0,0.0,7844036.872726081
2024-12-22,7860388.969343577,7779760.962113575,7955061.144078132,7860388.969343577,7860388.969343577,0.0,0.0,0.0,0.0,0.0,0.0,0.0,0.0,0.0,0.0,0.0,0.0,0.0,0.0,0.0,0.0,0.0,0.0,0.0,0.0,0.0,0.0,0.0,0.0,0.0,0.0,0.0,0.0,0.0,0.0,0.0,0.0,0.0,0.0004831131219335657,0.0004831131219335657,0.0004831131219335657,0.0012943274964932916,0.0012943274964932916,0.0012943274964932916,-0.000811214374559726,-0.000811214374559726,-0.000811214374559726,0.0,0.0,0.0,7864186.426398168
2024-12-23,7871757.360464127,7777605.374352465,7947428.700684476,7871757.360464127,7871757.360464127,0.0,0.0,0.0,0.0,0.0,0.0,0.0,0.0,0.0,0.0,0.0,0.0,0.0,0.0,0.0,0.0,0.0,0.0,0.0,0.0,0.0,0.0,0.0,0.0,0.0,0.0,0.0,0.0,0.0,0.0,0.0,0.0,0.0,-0.0010217086940197753,-0.0010217086940197753,-0.0010217086940197753,-0.0006993391191672288,-0.0006993391191672288,-0.0006993391191672288,-0.0003223695748525466,-0.0003223695748525466,-0.0003223695748525466,0.0,0.0,0.0,7863714.717531727
2024-12-24,7883125.75158468,7787663.920462232,7965314.815819345,7883125.75158468,7883125.75158468,0.0,0.0,0.0,0.0,0.0,0.0,0.0,0.0,0.0,0.0,0.0,0.0,0.0,0.0,0.0,0.0,0.0,0.0,0.0,0.0,0.0,0.0,0.0,0.0,0.0,0.0,0.0,0.0,0.0,0.0,0.0,0.0,0.0,-0.0007556880624689771,-0.0007556880624689771,-0.0007556880624689771,-0.0009328826298034591,-0.0009328826298034591,-0.0009328826298034591,0.00017719456733448203,0.00017719456733448203,0.00017719456733448203,0.0,0.0,0.0,7877168.5675592655
2024-12-25,7894494.142705232,7874979.544289695,8047941.074699788,7894494.142705232,7894494.142705232,0.0,0.0,0.0,0.0,0.0,0.0,0.0078037725,0.0078037725,0.0078037725,0.0,0.0,0.0,0.0,0.0,0.0,0.0,0.0,0.0,0.0,0.0,0.0,0.0,0.0,0.0,0.0,0.0,0.0,0.0,0.0,0.0,0.0078037725,0.0078037725,0.0078037725,0.00821294883333564,0.00821294883333564,0.00821294883333564,-0.0002763532964422436,-0.0002763532964422436,-0.0002763532964422436,0.0006855296297778831,0.0006855296297778831,0.0006855296297778831,0.0,0.0,0.0,7959331.219164337
2024-12-26,7905862.533825783,7830366.588360738,8002523.688039361,7905862.533825783,7905862.533825783,0.0,0.0,0.0,0.0,0.0,0.0,0.0,0.0,0.0,0.0,0.0,0.0,0.0,0.0,0.0,0.0,0.0,0.0,0.0,0.0,0.0,0.0,0.0,0.0,0.0,0.0,0.0,0.0,0.0,0.0,0.0,0.0,0.0,0.0011668691896731076,0.0011668691896731076,0.0011668691896731076,-3.3567311001785494e-05,-3.3567311001785494e-05,-3.3567311001785494e-05,0.001200436500674893,0.001200436500674893,0.001200436500674893,0.0,0.0,0.0,7915087.641234295
2024-12-27,7917230.924946335,7839727.6042420715,8016673.765382786,7917230.924946335,7917230.924946335,0.0,0.0,0.0,0.0,0.0,0.0,0.0,0.0,0.0,0.0,0.0,0.0,0.0,0.0,0.0,0.0,0.0,0.0,0.0,0.0,0.0,0.0,0.0,0.0,0.0,0.0,0.0,0.0,0.0,0.0,0.0,0.0,0.0,0.0017145890438940393,0.0017145890438940393,0.0017145890438940393,-4.983770820570665e-06,-4.983770820570665e-06,-4.983770820570665e-06,0.00171957281471461,0.00171957281471461,0.00171957281471461,0.0,0.0,0.0,7930805.722348228
2024-12-28,7928599.316066887,7865741.662882507,8040272.026540355,7928599.316066887,7928599.316066887,0.0,0.0,0.0,0.0,0.0,0.0,0.0,0.0,0.0,0.0,0.0,0.0,0.0,0.0,0.0,0.0,0.0,0.0,0.0,0.0,0.0,0.0,0.0,0.0,0.0,0.0,0.0,0.0,0.0,0.0,0.0,0.0,0.0,0.0028933596554390896,0.0028933596554390896,0.0028933596554390896,0.0006527986307448738,0.0006527986307448738,0.0006527986307448738,0.0022405610246942157,0.0022405610246942157,0.0022405610246942157,0.0,0.0,0.0,7951539.605452136
2024-12-29,7939967.707187438,7887460.724288428,8063325.506984941,7939967.707187438,7939967.707187438,0.0,0.0,0.0,0.0,0.0,0.0,0.0,0.0,0.0,0.0,0.0,0.0,0.0,0.0,0.0,0.0,0.0,0.0,0.0,0.0,0.0,0.0,0.0,0.0,0.0,0.0,0.0,0.0,0.0,0.0,0.0,0.0,0.0,0.00405542053205742,0.00405542053205742,0.00405542053205742,0.0012943274964963313,0.0012943274964963313,0.0012943274964963313,0.002761093035561089,0.002761093035561089,0.002761093035561089,0.0,0.0,0.0,7972167.615251038
2024-12-30,7951336.0983079905,7887855.998069486,8062918.369835518,7951336.0983079905,7951336.0983079905,0.0,0.0,0.0,0.0,0.0,0.0,0.0,0.0,0.0,0.0,0.0,0.0,0.0,0.0,0.0,0.0,0.0,0.0,0.0,0.0,0.0,0.0,0.0,0.0,0.0,0.0,0.0,0.0,0.0,0.0,0.0,0.0,0.0,0.002579688377817197,0.002579688377817197,0.002579688377817197,-0.0006993391191688197,-0.0006993391191688197,-0.0006993391191688197,0.003279027496986017,0.003279027496986017,0.003279027496986017,0.0,0.0,0.0,7971848.0676289145
2024-12-31,7962704.489428543,7899168.517644304,8071545.902155536,7962704.489428543,7962704.489428543,0.0,0.0,0.0,0.0,0.0,0.0,0.0,0.0,0.0,0.0,0.0,0.0,0.0,0.0,0.0,0.0,0.0,0.0,0.0,0.0,0.0,0.0,0.0,0.0,0.0,0.0,0.0,0.0,0.0,0.0,0.0,0.0,0.0,0.0028595935197664735,0.0028595935197664735,0.0028595935197664735,-0.0009328826298021956,-0.0009328826298021956,-0.0009328826298021956,0.003792476149568669,0.003792476149568669,0.003792476149568669,0.0,0.0,0.0,7985474.587586327
2025-01-01,7974072.880549094,7944487.667590843,8126613.79275284,7974072.880549094,7974072.880549094,0.0,0.0,0.0,0.0,0.0,0.0,0.0,0.0,0.0,0.0,0.0,0.0,0.0,0.0,0.0,0.0,0.0,0.0,0.0,0.0,0.0,0.0,0.0,0.0,0.0,0.0,0.0,0.0038295555,0.0038295555,0.0038295555,0.0038295555,0.0038295555,0.0038295555,0.007853078242124265,0.007853078242124265,0.007853078242124265,-0.000276353296441261,-0.000276353296441261,-0.000276353296441261,0.004299876038565527,0.004299876038565527,0.004299876038565527,0.0,0.0,0.0,8036693.898788447
2025-01-02,7985441.271669646,7933106.258860807,8111261.075642362,7985441.271669646,7985441.271669646,0.0,0.0,0.0,0.0,0.0,0.0,0.0,0.0,0.0,0.0,0.0,0.0,0.0,0.0,0.0,0.0,0.0,0.0,0.0,0.0,0.0,0.0,0.0,0.0,0.0,0.0,0.0,0.0,0.0,0.0,0.0,0.0,0.0,0.004766477622194469,0.004766477622194469,0.004766477622194469,-3.3567311000719303e-05,-3.3567311000719303e-05,-3.3567311000719303e-05,0.0048000449331951885,0.0048000449331951885,0.0048000449331951885,0.0,0.0,0.0,8023503.698794408
2025-01-03,7996809.662790198,7954219.9077454405,8130650.321269733,7996809.662790198,7996809.662790198,0.0,0.0,0.0,0.0,0.0,0.0,0.0,0.0,0.0,0.0,0.0,0.0,0.0,0.0,0.0,0.0,0.0,0.0,0.0,0.0,0.0,0.0,0.0,0.0,0.0,0.0,0.0,0.0,0.0,0.0,0.0,0.0,0.0,0.005287234131370462,0.005287234131370462,0.005287234131370462,-4.983770821362647e-06,-4.983770821362647e-06,-4.983770821362647e-06,0.005292217902191825,0.005292217902191825,0.005292217902191825,0.0,0.0,0.0,8039090.667781376
2025-01-04,8008178.053910749,7969323.828943826,8141866.699430433,8008178.053910749,8008178.053910749,0.0,0.0,0.0,0.0,0.0,0.0,0.0,0.0,0.0,0.0,0.0,0.0,0.0,0.0,0.0,0.0,0.0,0.0,0.0,0.0,0.0,0.0,0.0,0.0,0.0,0.0,0.0,0.0,0.0,0.0,0.0,0.0,0.0,0.006428862307524163,0.006428862307524163,0.006428862307524163,0.000652798630741074,0.000652798630741074,0.000652798630741074,0.0057760636767830885,0.0057760636767830885,0.0057760636767830885,0.0,0.0,0.0,8059661.527953478
2025-01-05,8019546.445031301,7986908.359865214,8166359.935656807,8019546.445031301,8019546.445031301,0.0,0.0,0.0,0.0,0.0,0.0,0.0,0.0,0.0,0.0,0.0,0.0,0.0,0.0,0.0,0.0,0.0,0.0,0.0,0.0,0.0,0.0,0.0,0.0,0.0,0.0,0.0,0.0,0.0,0.0,0.0,0.0,0.0,0.007546007655275344,0.007546007655275344,0.007546007655275344,0.0012943274964955101,0.0012943274964955101,0.0012943274964955101,0.006251680158779834,0.006251680158779834,0.006251680158779834,0.0,0.0,0.0,8080062.003897344
2025-01-06,8030914.836151852,7920583.797369727,8094982.302239343,8030914.836151852,8030914.836151852,0.0,0.0,0.0,0.0,0.0,0.0,0.0,0.0,0.0,0.0,0.0,0.0,-0.0091424888,-0.0091424888,-0.0091424888,0.0,0.0,0.0,0.0,0.0,0.0,0.0,0.0,0.0,0.0,0.0,0.0,0.0,0.0,0.0,-0.0091424888,-0.0091424888,-0.0091424888,-0.0031222587392200317,-0.0031222587392200317,-0.0031222587392200317,-0.0006993391191692973,-0.0006993391191692973,-0.0006993391191692973,0.006719569179949265,0.006719569179949265,0.006719569179949265,0.0,0.0,0.0,8005840.242120746
2025-01-07,8043347.444580235,8005282.503211153,8179556.754673465,8043347.444580235,8043347.444580235,0.0,0.0,0.0,0.0,0.0,0.0,0.0,0.0,0.0,0.0,0.0,0.0,0.0,0.0,0.0,0.0,0.0,0.0,0.0,0.0,0.0,0.0,0.0,0.0,0.0,0.0,0.0,0.0,0.0,0.0,0.0,0.0,0.0,0.006247708735317454,0.006247708735317454,0.006247708735317454,-0.0009328826298033455,-0.0009328826298033455,-0.0009328826298033455,0.0071805913651208,0.0071805913651208,0.0071805913651208,0.0,0.0,0.0,8093599.936670932
2025-01-08,8055780.053008617,8024554.388835175,8204625.768156951,8055780.053008617,8055780.053008617,0.0,0.0,0.0,0.0,0.0,0.0,0.0,0.0,0.0,0.0,0.0,0.0,0.0,0.0,0.0,0.0,0.0,0.0,0.0,0.0,0.0,0.0,0.0,0.0,0.0,0.0,0.0,0.0,0.0,0.0,0.0,0.0,0.0,0.007359549374671479,0.007359549374671479,0.007359549374671479,-0.0002763532964436625,-0.0002763532964436625,-0.0002763532964436625,0.007635902671115141,0.007635902671115141,0.007635902671115141,0.0,0.0,0.0,8115066.964060227
2025-01-09,8068212.661436998,8046539.087273139,8220594.108344405,8068212.661436998,8068212.661436998,0.0,0.0,0.0,0.0,0.0,0.0,0.0,0.0,0.0,0.0,0.0,0.0,0.0,0.0,0.0,0.0,0.0,0.0,0.0,0.0,0.0,0.0,0.0,0.0,0.0,0.0,0.0,0.0,0.0,0.0,0.0,0.0,0.0,0.008053307532013635,0.008053307532013635,0.008053307532013635,-3.356731099996722e-05,-3.356731099996722e-05,-3.356731099996722e-05,0.008086874843013602,0.008086874843013602,0.008086874843013602,0.0,0.0,0.0,8133188.459233237
2025-01-10,8080645.269865381,8061999.949525586,8237732.653482135,8080645.269865381,8080645.269865381,0.0,0.0,0.0,0.0,0.0,0.0,0.0,0.0,0.0,0.0,0.0,0.0,0.0,0.0,0.0,0.0,0.0,0.0,0.0,0.0,0.0,0.0,0.0,0.0,0.0,0.0,0.0,0.0,0.0,0.0,0.0,0.0,0.0,0.008530018855891146,0.008530018855891146,0.008530018855891146,-4.983770822154928e-06,-4.983770822154928e-06,-4.983770822154928e-06,0.008535002626713303,0.008535002626713303,0.008535002626713303,0.0,0.0,0.0,8149573.3263851
2025-01-11,8093077.878293763,8074834.14670619,8257630.401120079,8093077.878293763,8093077.878293763,0.0,0.0,0.0,0.0,0.0,0.0,0.0,0.0,0.0,0.0,0.0,0.0,0.0,0.0,0.0,0.0,0.0,0.0,0.0,0.0,0.0,0.0,0.0,0.0,0.0,0.0,0.0,0.0,0.0,0.0,0.0,0.0,0.0,0.009634599713062615,0.009634599713062615,0.009634599713062615,0.0006527986307425835,0.0006527986307425835,0.0006527986307425835,0.008981801082320032,0.008981801082320032,0.008981801082320032,0.0,0.0,0.0,8171051.444097766
2025-01-12,8105510.486722146,8105137.945219014,8285056.465172513,8105510.486722146,8105510.486722146,0.0,0.0,0.0,0.0,0.0,0.0,0.0,0.0,0.0,0.0,0.0,0.0,0.0,0.0,0.0,0.0,0.0,0.0,0.0,0.0,0.0,0.0,0.0,0.0,0.0,0.0,0.0,0.0,0.0,0.0,0.0,0.0,0.0,0.010723024236439635,0.010723024236439635,0.010723024236439635,0.0012943274964948926,0.0012943274964948926,0.0012943274964948926,0.009428696739944743,0.009428696739944743,0.009428696739944743,0.0,0.0,0.0,8192426.072119983
2025-01-13,8117943.095150527,8098658.935495035,8286058.392056838,8117943.095150527,8117943.095150527,0.0,0.0,0.0,0.0,0.0,0.0,0.0,0.0,0.0,0.0,0.0,0.0,0.0,0.0,0.0,0.0,0.0,0.0,0.0,0.0,0.0,0.0,0.0,0.0,0.0,0.0,0.0,0.0,0.0,0.0,0.0,0.0,0.0,0.009177577495328482,0.009177577495328482,0.009177577495328482,-0.0006993391191708881,-0.0006993391191708881,-0.0006993391191708881,0.009876916614499371,0.009876916614499371,0.009876916614499371,0.0,0.0,0.0,8192446.147008937
2025-01-14,8130375.70357891,8127643.386321997,8296663.228652955,8130375.70357891,8130375.70357891,0.0,0.0,0.0,0.0,0.0,0.0,0.0,0.0,0.0,0.0,0.0,0.0,0.0,0.0,0.0,0.0,0.0,0.0,0.0,0.0,0.0,0.0,0.0,0.0,0.0,0.0,0.0,0.0,0.0,0.0,0.0,0.0,0.0,0.00939449660969974,0.00939449660969974,0.00939449660969974,-0.0009328826298020821,-0.0009328826298020821,-0.0009328826298020821,0.010327379239501824,0.010327379239501824,0.010327379239501824,0.0,0.0,0.0,8206756.490561767
2025-01-15,8142808.312007292,8142958.648532457,8318046.943337614,8142808.312007292,8142808.312007292,0.0,0.0,0.0,0.0,0.0,0.0,0.0,0.0,0.0,0.0,0.0,0.0,0.0,0.0,0.0,0.0,0.0,0.0,0.0,0.0,0.0,0.0,0.0,0.0,0.0,0.0,0.0,0.0,0.0,0.0,0.0,0.0,0.0,0.010504238589888193,0.010504238589888193,0.010504238589888193,-0.00027635329644267977,-0.00027635329644267977,-0.00027635329644267977,0.010780591886330872,0.010780591886330872,0.010780591886330872,0.0,0.0,0.0,8228342.313308341
2025-01-16,8155240.9204356745,8157273.941868549,8338533.517935186,8155240.9204356745,8155240.9204356745,0.0,0.0,0.0,0.0,0.0,0.0,0.0,0.0,0.0,0.0,0.0,0.0,0.0,0.0,0.0,0.0,0.0,0.0,0.0,0.0,0.0,0.0,0.0,0.0,0.0,0.0,0.0,0.0,0.0,0.0,0.0,0.0,0.0,0.01120299069255989,0.01120299069255989,0.01120299069255989,-3.356731099890102e-05,-3.356731099890102e-05,-3.356731099890102e-05,0.011236558003558791,0.011236558003558791,0.011236558003558791,0.0,0.0,0.0,8246604.008562899
2025-01-17,8167673.528864056,8177196.862574548,8353677.410731205,8167673.528864056,8167673.528864056,0.0,0.0,0.0,0.0,0.0,0.0,0.0,0.0,0.0,0.0,0.0,0.0,0.0,0.0,0.0,0.0,0.0,0.0,0.0,0.0,0.0,0.0,0.0,0.0,0.0,0.0,0.0,0.0,0.0,0.0,0.0,0.0,0.0,0.011689714873488683,0.011689714873488683,0.011689714873488683,-4.9837708200262056e-06,-4.9837708200262056e-06,-4.9837708200262056e-06,0.011694698644308709,0.011694698644308709,0.011694698644308709,0.0,0.0,0.0,8263151.303596218
2025-01-18,8180106.137292438,8192188.264482033,8364361.284582418,8180106.137292438,8180106.137292438,0.0,0.0,0.0,0.0,0.0,0.0,0.0,0.0,0.0,0.0,0.0,0.0,0.0,0.0,0.0,0.0,0.0,0.0,0.0,0.0,0.0,0.0,0.0,0.0,0.0,0.0,0.0,0.0,0.0,0.0,0.0,0.0,0.0,0.012806589886198223,0.012806589886198223,0.012806589886198223,0.0006527986307413229,0.0006527986307413229,0.0006527986307413229,0.0121537912554569,0.0121537912554569,0.0121537912554569,0.0,0.0,0.0,8284865.4018183155
2025-01-19,8192538.7457208205,8222392.468530671,8395441.480886018,8192538.7457208205,8192538.7457208205,0.0,0.0,0.0,0.0,0.0,0.0,0.0,0.0,0.0,0.0,0.0,0.0,0.0,0.0,0.0,0.0,0.0,0.0,0.0,0.0,0.0,0.0,0.0,0.0,0.0,0.0,0.0,0.0,0.0,0.0,0.0,0.0,0.0,0.013906256188980275,0.013906256188980275,0.013906256188980275,0.0012943274964942746,0.0012943274964942746,0.0012943274964942746,0.012611928692486,0.012611928692486,0.012611928692486,0.0,0.0,0.0,8306466.288356961
2025-01-20,8204971.354149203,8213035.408375564,8395083.830085995,8204971.354149203,8204971.354149203,0.0,0.0,0.0,0.0,0.0,0.0,0.0,0.0,0.0,0.0,0.0,0.0,0.0,0.0,0.0,0.0,0.0,0.0,0.0,0.0,0.0,0.0,0.0,0.0,0.0,0.0,0.0,0.0,0.0,0.0,0.0,0.0,0.0,0.012367161594042218,0.012367161594042218,0.012367161594042218,-0.0006993391191655286,-0.0006993391191655286,-0.0006993391191655286,0.013066500713207746,0.013066500713207746,0.013066500713207746,0.0,0.0,0.0,8306443.560760453
2025-01-21,8217403.962577585,8224762.170423956,8409180.424062034,8217403.962577585,8217403.962577585,0.0,0.0,0.0,0.0,0.0,0.0,0.0,0.0,0.0,0.0,0.0,0.0,0.0,0.0,0.0,0.0,0.0,0.0,0.0,0.0,0.0,0.0,0.0,0.0,0.0,0.0,0.0,0.0,0.0,0.0,0.0,0.0,0.0,0.012581316881157805,0.012581316881157805,0.012581316881157805,-0.0009328826298008188,-0.0009328826298008188,-0.0009328826298008188,0.013514199510958624,0.013514199510958624,0.013514199510958624,0.0,0.0,0.0,8320789.725771255
2025-01-22,8229836.5710059665,8261726.129827058,8438980.08010431,8229836.5710059665,8229836.5710059665,0.0,0.0,0.0,0.0,0.0,0.0,0.0,0.0,0.0,0.0,0.0,0.0,0.0,0.0,0.0,0.0,0.0,0.0,0.0,0.0,0.0,0.0,0.0,0.0,0.0,0.0,0.0,0.0,0.0,0.0,0.0,0.0,0.0,0.013674696797884562,0.013674696797884562,0.013674696797884562,-0.00027635329644331457,-0.00027635329644331457,-0.00027635329644331457,0.013951050094327878,0.013951050094327878,0.013951050094327878,0.0,0.0,0.0,8342377.090810615
2025-01-23,8242269.179434349,8270616.595163838,8445391.537670668,8242269.179434349,8242269.179434349,0.0,0.0,0.0,0.0,0.0,0.0,0.0,0.0,0.0,0.0,0.0,0.0,0.0,0.0,0.0,0.0,0.0,0.0,0.0,0.0,0.0,0.0,0.0,0.0,0.0,0.0,0.0,0.0,0.0,0.0,0.0,0.0,0.0,0.014338898218394786,0.014338898218394786,0.014338898218394786,-3.356731099954299e-05,-3.356731099954299e-05,-3.356731099954299e-05,0.014372465529394328,0.014372465529394328,0.014372465529394328,0.0,0.0,0.0,8360454.23828687
2025-01-24,8254701.787862731,8287070.05750692,8471494.354117742,8254701.787862731,8254701.787862731,0.0,0.0,0.0,0.0,0.0,0.0,0.0,0.0,0.0,0.0,0.0,0.0,0.0,0.0,0.0,0.0,0.0,0.0,0.0,0.0,0.0,0.0,0.0,0.0,0.0,0.0,0.0,0.0,0.0,0.0,0.0,0.0,0.0,0.014768342485506264,0.014768342485506264,0.014768342485506264,-4.983770820818324e-06,-4.983770820818324e-06,-4.983770820818324e-06,0.014773326256327081,0.014773326256327081,0.014773326256327081,0.0,0.0,0.0,8376610.050981609
2025-01-25,8267134.396291113,8308888.675560063,8487045.454436356,8267134.396291113,8267134.396291113,0.0,0.0,0.0,0.0,0.0,0.0,0.0,0.0,0.0,0.0,0.0,0.0,0.0,0.0,0.0,0.0,0.0,0.0,0.0,0.0,0.0,0.0,0.0,0.0,0.0,0.0,0.0,0.0,0.0,0.0,0.0,0.0,0.0,0.015800880530978754,0.015800880530978754,0.015800880530978754,0.0006527986307384465,0.0006527986307384465,0.0006527986307384465,0.015148081900240308,0.015148081900240308,0.015148081900240308,0.0,0.0,0.0,8397762.399220455
2025-01-26,8279567.004719495,8329075.118786388,8503368.5629891,8279567.004719495,8279567.004719495,0.0,0.0,0.0,0.0,0.0,0.0,0.0,0.0,0.0,0.0,0.0,0.0,0.0,0.0,0.0,0.0,0.0,0.0,0.0,0.0,0.0,0.0,0.0,0.0,0.0,0.0,0.0,0.0,0.0,0.0,0.0,0.0,0.0,0.01678520073781079,0.01678520073781079,0.01678520073781079,0.0012943274964936568,0.0012943274964936568,0.0012943274964936568,0.01549087324131713,0.01549087324131713,0.01549087324131713,0.0,0.0,0.0,8418541.198915867
2025-01-27,8291999.613147877,8338815.654311762,8509995.59752361,8291999.613147877,8291999.613147877,0.0,0.0,0.0,0.0,0.0,0.0,0.0,0.0,0.0,0.0,0.0,0.0,0.0,0.0,0.0,0.0,0.0,0.0,0.0,0.0,0.0,0.0,0.0,0.0,0.0,0.0,0.0,0.0,0.0,0.0,0.0,0.0,0.0,0.015096332196274143,0.015096332196274143,0.015096332196274143,-0.0006993391191671194,-0.0006993391191671194,-0.0006993391191671194,0.015795671315441264,0.015795671315441264,0.015795671315441264,0.0,0.0,0.0,8417178.393879334
2025-01-28,8304432.2215762595,8345565.542279533,8516680.279518055,8304432.2215762595,8304432.2215762595,0.0,0.0,0.0,0.0,0.0,0.0,0.0,0.0,0.0,0.0,0.0,0.0,0.0,0.0,0.0,0.0,0.0,0.0,0.0,0.0,0.0,0.0,0.0,0.0,0.0,0.0,0.0,0.0,0.0,0.0,0.0,0.0,0.0,0.015123547376406544,0.015123547376406544,0.015123547376406544,-0.0009328826298019685,-0.0009328826298019685,-0.0009328826298019685,0.016056430006208513,0.016056430006208513,0.016056430006208513,0.0,0.0,0.0,8430024.695713425
2025-01-29,8316864.830004642,8356373.530326351,8539473.650988078,8316864.830004642,8316864.830004642,0.0,0.0,0.0,0.0,0.0,0.0,0.0,0.0,0.0,0.0,0.0,0.0,0.0,0.0,0.0,0.0,0.0,0.0,0.0,0.0,0.0,0.0,0.0,0.0,0.0,0.0,0.0,0.0,0.0,0.0,0.0,0.0,0.0,0.015990894685539034,0.015990894685539034,0.015990894685539034,-0.00027635329644071433,-0.00027635329644071433,-0.00027635329644071433,0.01626724798197975,0.01626724798197975,0.01626724798197975,0.0,0.0,0.0,8449858.939615108
2025-01-30,8329297.438433023,8377935.027412627,8557814.735146139,8329297.438433023,8329297.438433023,0.0,0.0,0.0,0.0,0.0,0.0,0.0,0.0,0.0,0.0,0.0,0.0,0.0,0.0,0.0,0.0,0.0,0.0,0.0,0.0,0.0,0.0,0.0,0.0,0.0,0.0,0.0,0.0,0.0,0.0,0.0,0.0,0.0,0.016388968133631204,0.016388968133631204,0.016388968133631204,-3.356731100018497e-05,-3.356731100018497e-05,-3.356731100018497e-05,0.01642253544463139,0.01642253544463139,0.01642253544463139,0.0,0.0,0.0,8465806.028727038
2025-01-31,8341730.0468614055,8388167.236712089,8563769.602985494,8341730.0468614055,8341730.0468614055,0.0,0.0,0.0,0.0,0.0,0.0,0.0,0.0,0.0,0.0,0.0,0.0,0.0,0.0,0.0,0.0,0.0,0.0,0.0,0.0,0.0,0.0,0.0,0.0,0.0,0.0,0.0,0.0,0.0,0.0,0.0,0.0,0.0,0.016512197132012484,0.016512197132012484,0.016512197132012484,-4.983770821999535e-06,-4.983770821999535e-06,-4.983770821999535e-06,0.016517180902834484,0.016517180902834484,0.016517180902834484,0.0,0.0,0.0,8479470.337817213
2025-02-01,8354162.655289788,8414242.11713553,8584408.188544277,8354162.655289788,8354162.655289788,0.0,0.0,0.0,0.0,0.0,0.0,0.0,0.0,0.0,0.0,0.0,0.0,0.0,0.0,0.0,0.0,0.0,0.0,0.0,0.0,0.0,0.0,0.0,0.0,0.0,0.0,0.0,0.0,0.0,0.0,0.0,0.0,0.0,0.017199511702359803,0.017199511702359803,0.017199511702359803,0.0006527986307390327,0.0006527986307390327,0.0006527986307390327,0.01654671307162077,0.01654671307162077,0.01654671307162077,0.0,0.0,0.0,8497850.17364286
2025-02-02,8366595.263718171,8425138.62294393,8608554.017551465,8366595.263718171,8366595.263718171,0.0,0.0,0.0,0.0,0.0,0.0,0.0,0.0,0.0,0.0,0.0,0.0,0.0,0.0,0.0,0.0,0.0,0.0,0.0,0.0,0.0,0.0,0.0,0.0,0.0,0.0,0.0,0.0,0.0,0.0,0.0,0.0,0.0,0.01780178053292283,0.01780178053292283,0.01780178053292283,0.0012943274964928356,0.0012943274964928356,0.0012943274964928356,0.016507453036429993,0.016507453036429993,0.016507453036429993,0.0,0.0,0.0,8515535.556410674
2025-02-03,8379027.872146553,8418772.04121205,8596175.12177253,8379027.872146553,8379027.872146553,0.0,0.0,0.0,0.0,0.0,0.0,0.0,0.0,0.0,0.0,0.0,0.0,0.0,0.0,0.0,0.0,0.0,0.0,0.0,0.0,0.0,0.0,0.0,0.0,0.0,0.0,0.0,0.0,0.0,0.0,0.0,0.0,0.0,0.015697312885174695,0.015697312885174695,0.015697312885174695,-0.0006993391191681536,-0.0006993391191681536,-0.0006993391191681536,0.016396652004342847,0.016396652004342847,0.016396652004342847,0.0,0.0,0.0,8510556.094329238
2025-02-04,8391460.480574934,8433590.743739527,8613868.507605093,8391460.480574934,8391460.480574934,0.0,0.0,0.0,0.0,0.0,0.0,0.0,0.0,0.0,0.0,0.0,0.0,0.0,0.0,0.0,0.0,0.0,0.0,0.0,0.0,0.0,0.0,0.0,0.0,0.0,0.0,0.0,0.0,0.0,0.0,0.0,0.0,0.0,0.015279727664007427,0.015279727664007427,0.015279727664007427,-0.0009328826298025307,-0.0009328826298025307,-0.0009328826298025307,0.016212610293809958,0.016212610293809958,0.016212610293809958,0.0,0.0,0.0,8519679.7114214
2025-02-05,8403893.089003317,8446452.061578924,8619979.502098676,8403893.089003317,8403893.089003317,0.0,0.0,0.0,0.0,0.0,0.0,0.0,0.0,0.0,0.0,0.0,0.0,0.0,0.0,0.0,0.0,0.0,0.0,0.0,0.0,0.0,0.0,0.0,0.0,0.0,0.0,0.0,0.0,0.0,0.0,0.0,0.0,0.0,0.015678420381877434,0.015678420381877434,0.015678420381877434,-0.0002763532964447334,-0.0002763532964447334,-0.0002763532964447334,0.015954773678322168,0.015954773678322168,0.015954773678322168,0.0,0.0,0.0,8535652.857697066
2025-02-06,8416325.697431698,8453732.372837136,8638500.636783358,8416325.697431698,8416325.697431698,0.0,0.0,0.0,0.0,0.0,0.0,0.0,0.0,0.0,0.0,0.0,0.0,0.0,0.0,0.0,0.0,0.0,0.0,0.0,0.0,0.0,0.0,0.0,0.0,0.0,0.0,0.0,0.0,0.0,0.0,0.0,0.0,0.0,0.015590236475631142,0.015590236475631142,0.015590236475631142,-3.356731100082694e-05,-3.356731100082694e-05,-3.356731100082694e-05,0.01562380378663197,0.01562380378663197,0.01562380378663197,0.0,0.0,0.0,8547538.205310589
2025-02-07,8428758.305860082,8464798.828076182,8642806.300693493,8428758.305860082,8428758.305860082,0.0,0.0,0.0,0.0,0.0,0.0,0.0,0.0,0.0,0.0,0.0,0.0,0.0,0.0,0.0,0.0,0.0,0.0,0.0,0.0,0.0,0.0,0.0,0.0,0.0,0.0,0.0,0.0,0.0,0.0,0.0,0.0,0.0,0.01521663618487475,0.01521663618487475,0.01521663618487475,-4.983770822791761e-06,-4.983770822791761e-06,-4.983770822791761e-06,0.01522161995569754,0.01522161995569754,0.01522161995569754,0.0,0.0,0.0,8557015.654490596
2025-02-08,8441190.914288463,8485341.895433567,8662492.987261588,8441190.914288463,8441190.914288463,0.0,0.0,0.0,0.0,0.0,0.0,0.0,0.0,0.0,0.0,0.0,0.0,0.0,0.0,0.0,0.0,0.0,0.0,0.0,0.0,0.0,0.0,0.0,0.0,0.0,0.0,0.0,0.0,0.0,0.0,0.0,0.0,0.0,0.015404209343528198,0.015404209343528198,0.015404209343528198,0.0006527986307405423,0.0006527986307405423,0.0006527986307405423,0.014751410712787655,0.014751410712787655,0.014751410712787655,0.0,0.0,0.0,8571220.786240852
2025-02-09,8453623.522716844,8494765.896164516,8674889.127296003,8453623.522716844,8453623.522716844,0.0,0.0,0.0,0.0,0.0,0.0,0.0,0.0,0.0,0.0,0.0,0.0,0.0,0.0,0.0,0.0,0.0,0.0,0.0,0.0,0.0,0.0,0.0,0.0,0.0,0.0,0.0,0.0,0.0,0.0,0.0,0.0,0.0,0.015511941403907301,0.015511941403907301,0.015511941403907301,0.0012943274964924212,0.0012943274964924212,0.0012943274964924212,0.01421761390741488,0.01421761390741488,0.01421761390741488,0.0,0.0,0.0,8584755.63545192
2025-02-10,8466056.131145228,8484835.741312392,8662630.831053743,8466056.131145228,8466056.131145228,0.0,0.0,0.0,0.0,0.0,0.0,0.0,0.0,0.0,0.0,0.0,0.0,0.0,0.0,0.0,0.0,0.0,0.0,0.0,0.0,0.0,0.0,0.0,0.0,0.0,0.0,0.0,0.0,0.0,0.0,0.0,0.0,0.0,0.012926526278222463,0.012926526278222463,0.012926526278222463,-0.000699339119169188,-0.000699339119169188,-0.000699339119169188,0.013625865397391652,0.013625865397391652,0.013625865397391652,0.0,0.0,0.0,8575492.828197384
2025-02-11,8478488.73957361,8490109.57998501,8663940.88771909,8478488.73957361,8478488.73957361,0.0,0.0,0.0,0.0,0.0,0.0,0.0,0.0,0.0,0.0,0.0,0.0,0.0,0.0,0.0,0.0,0.0,0.0,0.0,0.0,0.0,0.0,0.0,0.0,0.0,0.0,0.0,0.0,0.0,0.0,0.0,0.0,0.0,0.012050034460229326,0.012050034460229326,0.012050034460229326,-0.0009328826298036803,-0.0009328826298036803,-0.0009328826298036803,0.012982917090033007,0.012982917090033007,0.012982917090033007,0.0,0.0,0.0,8580654.821056137
2025-02-12,8490921.34800199,8509033.68879448,8681319.33358385,8490921.34800199,8490921.34800199,0.0,0.0,0.0,0.0,0.0,0.0,0.0,0.0,0.0,0.0,0.0,0.0,0.0,0.0,0.0,0.0,0.0,0.0,0.0,0.0,0.0,0.0,0.0,0.0,0.0,0.0,0.0,0.0,0.0,0.0,0.0,0.0,0.0,0.012020172726478996,0.012020172726478996,0.012020172726478996,-0.00027635329644375075,-0.00027635329644375075,-0.00027635329644375075,0.012296526022922747,0.012296526022922747,0.012296526022922747,0.0,0.0,0.0,8592983.689211922
2025-02-13,8503353.956430374,8510536.137877356,8693093.509293813,8503353.956430374,8503353.956430374,0.0,0.0,0.0,0.0,0.0,0.0,0.0,0.0,0.0,0.0,0.0,0.0,0.0,0.0,0.0,0.0,0.0,0.0,0.0,0.0,0.0,0.0,0.0,0.0,0.0,0.0,0.0,0.0,0.0,0.0,0.0,0.0,0.0,0.011541749701049278,0.011541749701049278,0.011541749701049278,-3.356731099976074e-05,-3.356731099976074e-05,-3.356731099976074e-05,0.011575317012049039,0.011575317012049039,0.011575317012049039,0.0,0.0,0.0,8601497.53941492
2025-02-14,8515786.564858757,8515729.534905383,8687023.85985868,8515786.564858757,8515786.564858757,0.0,0.0,0.0,0.0,0.0,0.0,0.0,0.0,0.0,0.0,0.0,0.0,0.0,0.0,0.0,0.0,0.0,0.0,0.0,0.0,0.0,0.0,0.0,0.0,0.0,0.0,0.0,0.0,0.0,0.0,0.0,0.0,0.0,0.010823638402277536,0.010823638402277536,0.010823638402277536,-4.983770822123378e-06,-4.983770822123378e-06,-4.983770822123378e-06,0.01082862217309966,0.01082862217309966,0.01082862217309966,0.0,0.0,0.0,8607958.35934776
2025-02-15,8528219.173287138,8534991.623707615,8713588.018106028,8528219.173287138,8528219.173287138,0.0,0.0,0.0,0.0,0.0,0.0,0.0,0.0,0.0,0.0,0.0,0.0,0.0,0.0,0.0,0.0,0.0,0.0,0.0,0.0,0.0,0.0,0.0,0.0,0.0,0.0,0.0,0.0,0.0,0.0,0.0,0.0,0.0,0.010719099941437603,0.010719099941437603,0.010719099941437603,0.0006527986307420519,0.0006527986307420519,0.0006527986307420519,0.01006630131069555,0.01006630131069555,0.01006630131069555,0.0,0.0,0.0,8619634.006928086
2025-02-16,8540651.78171552,8545388.795774234,8716703.742920017,8540651.78171552,8540651.78171552,0.0,0.0,0.0,0.0,0.0,0.0,0.0,0.0,0.0,0.0,0.0,0.0,0.0,0.0,0.0,0.0,0.0,0.0,0.0,0.0,0.0,0.0,0.0,0.0,0.0,0.0,0.0,0.0,0.0,0.0,0.0,0.0,0.0,0.010592875245520597,0.010592875245520597,0.010592875245520597,0.0012943274964952573,0.0012943274964952573,0.0012943274964952573,0.009298547749025339,0.009298547749025339,0.009298547749025339,0.0,0.0,0.0,8631121.840554666
2025-02-17,8553084.390143903,8530533.33442232,8711008.789975746,8553084.390143903,8553084.390143903,0.0,0.0,0.0,0.0,0.0,0.0,0.0,0.0,0.0,0.0,0.0,0.0,0.0,0.0,0.0,0.0,0.0,0.0,0.0,0.0,0.0,0.0,0.0,0.0,0.0,0.0,0.0,0.0,0.0,0.0,0.0,0.0,0.0,0.0078363455086408,0.0078363455086408,0.0078363455086408,-0.0006993391191702221,-0.0006993391191702221,-0.0006993391191702221,0.00853568462781102,0.00853568462781102,0.00853568462781102,0.0,0.0,0.0,8620109.314589633
2025-02-18,8565516.998572284,8532823.89901662,8711512.061376464,8565516.998572284,8565516.998572284,0.0,0.0,0.0,0.0,0.0,0.0,0.0,0.0,0.0,0.0,0.0,0.0,0.0,0.0,0.0,0.0,0.0,0.0,0.0,0.0,0.0,0.0,0.0,0.0,0.0,0.0,0.0,0.0,0.0,0.0,0.0,0.0,0.0,0.006855074365603722,0.006855074365603722,0.006855074365603722,-0.0009328826298024171,-0.0009328826298024171,-0.0009328826298024171,0.007787956995406139,0.007787956995406139,0.007787956995406139,0.0,0.0,0.0,8624234.25457734
2025-02-19,8577949.607000668,8538317.054284489,8720550.83426561,8577949.607000668,8577949.607000668,0.0,0.0,0.0,0.0,0.0,0.0,0.0,0.0,0.0,0.0,0.0,0.0,0.0,0.0,0.0,0.0,0.0,0.0,0.0,0.0,0.0,0.0,0.0,0.0,0.0,0.0,0.0,0.0,0.0,0.0,0.0,0.0,0.0,0.006788971889646527,0.006788971889646527,0.006788971889646527,-0.0002763532964443855,-0.0002763532964443855,-0.0002763532964443855,0.0070653251860909125,0.0070653251860909125,0.0070653251860909125,0.0,0.0,0.0,8636185.0657534
2025-02-20,8590382.215429049,8560772.865718007,8735860.873352585,8590382.215429049,8590382.215429049,0.0,0.0,0.0,0.0,0.0,0.0,0.0,0.0,0.0,0.0,0.0,0.0,0.0,0.0,0.0,0.0,0.0,0.0,0.0,0.0,0.0,0.0,0.0,0.0,0.0,0.0,0.0,0.0,0.0,0.0,0.0,0.0,0.0,0.0063436976545306265,0.0063436976545306265,0.0063436976545306265,-3.356731100211088e-05,-3.356731100211088e-05,-3.356731100211088e-05,0.006377264965532738,0.006377264965532738,0.006377264965532738,0.0,0.0,0.0,8644877.002940588
2025-02-21,8602814.82385743,8566454.188350875,8739802.355636114,8602814.82385743,8602814.82385743,0.0,0.0,0.0,0.0,0.0,0.0,0.0,0.0,0.0,0.0,0.0,0.0,0.0,0.0,0.0,0.0,0.0,0.0,0.0,0.0,0.0,0.0,0.0,0.0,0.0,0.0,0.0,0.0,0.0,0.0,0.0,0.0,0.0,0.0057275959951868256,0.0057275959951868256,0.0057275959951868256,-4.983770821844358e-06,-4.983770821844358e-06,-4.983770821844358e-06,0.00573257976600867,0.00573257976600867,0.00573257976600867,0.0,0.0,0.0,8652088.27158989
2025-02-22,8615247.432285814,8579122.364708422,8756983.89501342,8615247.432285814,8615247.432285814,0.0,0.0,0.0,0.0,0.0,0.0,0.0,0.0,0.0,0.0,0.0,0.0,0.0,0.0,0.0,0.0,0.0,0.0,0.0,0.0,0.0,0.0,0.0,0.0,0.0,0.0,0.0,0.0,0.0,0.0,0.0,0.0,0.0,0.005792028645908724,0.005792028645908724,0.005792028645908724,0.0006527986307417146,0.0006527986307417146,0.0006527986307417146,0.00513923001516701,0.00513923001516701,0.00513923001516701,0.0,0.0,0.0,8665147.192205206
2025-02-23,8627680.040714195,8593102.185044618,8762976.278600316,8627680.040714195,8627680.040714195,0.0,0.0,0.0,0.0,0.0,0.0,0.0,0.0,0.0,0.0,0.0,0.0,0.0,0.0,0.0,0.0,0.0,0.0,0.0,0.0,0.0,0.0,0.0,0.0,0.0,0.0,0.0,0.0,0.0,0.0,0.0,0.0,0.0,0.005898511593843643,0.005898511593843643,0.005898511593843643,0.0012943274964946397,0.0012943274964946397,0.0012943274964946397,0.004604184097349003,0.004604184097349003,0.004604184097349003,0.0,0.0,0.0,8678570.511462322
2025-02-24,8640112.649142578,8580675.089041479,8753164.31184504,8640112.649142578,8640112.649142578,0.0,0.0,0.0,0.0,0.0,0.0,0.0,0.0,0.0,0.0,0.0,0.0,0.0,0.0,0.0,0.0,0.0,0.0,0.0,0.0,0.0,0.0,0.0,0.0,0.0,0.0,0.0,0.0,0.0,0.0,0.0,0.0,0.0,0.003433955768240777,0.003433955768240777,0.003433955768240777,-0.000699339119171813,-0.000699339119171813,-0.000699339119171813,0.00413329488741259,0.00413329488741259,0.00413329488741259,0.0,0.0,0.0,8669782.413812352
2025-02-25,8652545.25757096,8590430.301272232,8766500.072939381,8652545.25757096,8652545.25757096,0.0,0.0,0.0,0.0,0.0,0.0,0.0,0.0,0.0,0.0,0.0,0.0,0.0,0.0,0.0,0.0,0.0,0.0,0.0,0.0,0.0,0.0,0.0,0.0,0.0,0.0,0.0,0.0,0.0,0.0,0.0,0.0,0.0,0.002798322451153703,0.002798322451153703,0.002798322451153703,-0.0009328826298023602,-0.0009328826298023602,-0.0009328826298023602,0.0037312050809560635,0.0037312050809560635,0.0037312050809560635,0.0,0.0,0.0,8676757.869224843
2025-02-26,8664977.865999341,8603143.03587199,8775182.402724681,8664977.865999341,8664977.865999341,0.0,0.0,0.0,0.0,0.0,0.0,0.0,0.0,0.0,0.0,0.0,0.0,0.0,0.0,0.0,0.0,0.0,0.0,0.0,0.0,0.0,0.0,0.0,0.0,0.0,0.0,0.0,0.0,0.0,0.0,0.0,0.0,0.0,0.003124930435510246,0.003124930435510246,0.003124930435510246,-0.00027635329644502046,-0.00027635329644502046,-0.00027635329644502046,0.0034012837319552665,0.0034012837319552665,0.0034012837319552665,0.0,0.0,0.0,8692055.319055825
2025-02-27,8677410.474427724,8616851.149638228,8796664.854095219,8677410.474427724,8677410.474427724,0.0,0.0,0.0,0.0,0.0,0.0,0.0,0.0,0.0,0.0,0.0,0.0,0.0,0.0,0.0,0.0,0.0,0.0,0.0,0.0,0.0,0.0,0.0,0.0,0.0,0.0,0.0,0.0,0.0,0.0,0.0,0.0,0.0,0.003112028211910305,0.003112028211910305,0.003112028211910305,-3.356731099965062e-05,-3.356731099965062e-05,-3.356731099965062e-05,0.003145595522909956,0.003145595522909956,0.003145595522909956,0.0,0.0,0.0,8704414.82063047
2025-02-28,8689843.082856106,8632605.987418918,8807955.358292934,8689843.082856106,8689843.082856106,0.0,0.0,0.0,0.0,0.0,0.0,0.0,0.0,0.0,0.0,0.0,0.0,0.0,0.0,0.0,0.0,0.0,0.0,0.0,0.0,0.0,0.0,0.0,0.0,0.0,0.0,0.0,0.0,0.0,0.0,0.0,0.0,0.0,0.0029599195884213816,0.0029599195884213816,0.0029599195884213816,-4.983770821176083e-06,-4.983770821176083e-06,-4.983770821176083e-06,0.0029649033592425576,0.0029649033592425576,0.0029649033592425576,0.0,0.0,0.0,8715564.319617359
2025-03-01,8702275.691284487,8643458.302659119,8825436.149045713,8702275.691284487,8702275.691284487,0.0,0.0,0.0,0.0,0.0,0.0,0.0,0.0,0.0,0.0,0.0,0.0,0.0,0.0,0.0,0.0,0.0,0.0,0.0,0.0,0.0,0.0,0.0,0.0,0.0,0.0,0.0,0.0,0.0,0.0,0.0,0.0,0.0,0.0035115025571821968,0.0035115025571821968,0.0035115025571821968,0.0006527986307432242,0.0006527986307432242,0.0006527986307432242,0.0028587039264389726,0.0028587039264389726,0.0028587039264389726,0.0,0.0,0.0,8732833.754627736
2025-03-02,8714708.29971287,8663204.141757073,8844485.862139883,8714708.29971287,8714708.29971287,0.0,0.0,0.0,0.0,0.0,0.0,0.0,0.0,0.0,0.0,0.0,0.0,0.0,0.0,0.0,0.0,0.0,0.0,0.0,0.0,0.0,0.0,0.0,0.0,0.0,0.0,0.0,0.0,0.0,0.0,0.0,0.0,0.0,0.004119622399715508,0.004119622399715508,0.004119622399715508,0.0012943274964938186,0.0012943274964938186,0.0012943274964938186,0.002825294903221689,0.002825294903221689,0.002825294903221689,0.0,0.0,0.0,8750609.607231354
2025-03-03,8727140.908141252,8659022.284188999,8833663.09193265,8727140.908141252,8727140.908141252,0.0,0.0,0.0,0.0,0.0,0.0,0.0,0.0,0.0,0.0,0.0,0.0,0.0,0.0,0.0,0.0,0.0,0.0,0.0,0.0,0.0,0.0,0.0,0.0,0.0,0.0,0.0,0.0,0.0,0.0,0.0,0.0,0.0,0.0021625324957725324,0.0021625324957725324,0.0021625324957725324,-0.0006993391191658969,-0.0006993391191658969,-0.0006993391191658969,0.002861871614938429,0.002861871614938429,0.002861871614938429,0.0,0.0,0.0,8746013.633950293
2025-03-04,8739573.516569635,8669423.34599759,8844733.188410172,8739573.516569635,8739573.516569635,0.0,0.0,0.0,0.0,0.0,0.0,0.0,0.0,0.0,0.0,0.0,0.0,0.0,0.0,0.0,0.0,0.0,0.0,0.0,0.0,0.0,0.0,0.0,0.0,0.0,0.0,0.0,0.0,0.0,0.0,0.0,0.0,0.0,0.0020317674356179656,0.0020317674356179656,0.0020317674356179656,-0.0009328826298041289,-0.0009328826298041289,-0.0009328826298041289,0.0029646500654220945,0.0029646500654220945,0.0029646500654220945,0.0,0.0,0.0,8757330.297441792
2025-03-05,8752006.124998018,8688736.934218613,8864575.98477028,8752006.124998018,8752006.124998018,0.0,0.0,0.0,0.0,0.0,0.0,0.0,0.0,0.0,0.0,0.0,0.0,0.0,0.0,0.0,0.0,0.0,0.0,0.0,0.0,0.0,0.0,0.0,0.0,0.0,0.0,0.0,0.0,0.0,0.0,0.0,0.0,0.0,0.0028526592316011077,0.0028526592316011077,0.0028526592316011077,-0.00027635329644242016,-0.00027635329644242016,-0.00027635329644242016,0.0031290125280435278,0.0031290125280435278,0.0031290125280435278,0.0,0.0,0.0,8776972.616065525
2025-03-06,8764438.733426398,8704065.543392593,8884406.774811016,8764438.733426398,8764438.733426398,0.0,0.0,0.0,0.0,0.0,0.0,0.0,0.0,0.0,0.0,0.0,0.0,0.0,0.0,0.0,0.0,0.0,0.0,0.0,0.0,0.0,0.0,0.0,0.0,0.0,0.0,0.0,0.0,0.0,0.0,0.0,0.0,0.0,0.0033161039194557138,0.0033161039194557138,0.0033161039194557138,-3.3567311000292595e-05,-3.3567311000292595e-05,-3.3567311000292595e-05,0.003349671230456006,0.003349671230456006,0.003349671230456006,0.0,0.0,0.0,8793502.523062143
2025-03-07,8776871.34185478,8720036.834219852,8893745.560354222,8776871.34185478,8776871.34185478,0.0,0.0,0.0,0.0,0.0,0.0,0.0,0.0,0.0,0.0,0.0,0.0,0.0,0.0,0.0,0.0,0.0,0.0,0.0,0.0,0.0,0.0,0.0,0.0,0.0,0.0,0.0,0.0,0.0,0.0,0.0,0.0,0.0,0.003615861381262518,0.003615861381262518,0.003615861381262518,-4.983770821968066e-06,-4.983770821968066e-06,-4.983770821968066e-06,0.0036208451520844858,0.0036208451520844858,0.0036208451520844858,0.0,0.0,0.0,8808607.291988103
2025-03-08,8789303.950283164,8744336.337738538,8919377.75532788,8789303.950283164,8789303.950283164,0.0,0.0,0.0,0.0,0.0,0.0,0.0,0.0,0.0,0.0,0.0,0.0,0.0,0.0,0.0,0.0,0.0,0.0,0.0,0.0,0.0,0.0,0.0,0.0,0.0,0.0,0.0,0.0,0.0,0.0,0.0,0.0,0.0,0.004589243215435377,0.004589243215435377,0.004589243215435377,0.0006527986307438104,0.0006527986307438104,0.0006527986307438104,0.003936444584691566,0.003936444584691566,0.003936444584691566,0.0,0.0,0.0,8829640.2038054
2025-03-09,8801736.558711546,8767099.079432119,8940190.637897264,8801736.558711546,8801736.558711546,0.0,0.0,0.0,0.0,0.0,0.0,0.0,0.0,0.0,0.0,0.0,0.0,0.0,0.0,0.0,0.0,0.0,0.0,0.0,0.0,0.0,0.0,0.0,0.0,0.0,0.0,0.0,0.0,0.0,0.0,0.0,0.0,0.0,0.005584585392186815,0.005584585392186815,0.005584585392186815,0.0012943274964929972,0.0012943274964929972,0.0012943274964929972,0.004290257895693817,0.004290257895693817,0.004290257895693817,0.0,0.0,0.0,8850890.608123202
2025-03-10,8814169.167139927,8761857.945734046,8942065.632684512,8814169.167139927,8814169.167139927,0.0,0.0,0.0,0.0,0.0,0.0,0.0,0.0,0.0,0.0,0.0,0.0,0.0,0.0,0.0,0.0,0.0,0.0,0.0,0.0,0.0,0.0,0.0,0.0,0.0,0.0,0.0,0.0,0.0,0.0,0.0,0.0,0.0,0.003976795769205187,0.003976795769205187,0.003976795769205187,-0.0006993391191674877,-0.0006993391191674877,-0.0006993391191674877,0.004676134888372674,0.004676134888372674,0.004676134888372674,0.0,0.0,0.0,8849221.317792868
2025-03-11,8826601.77556831,8778212.101113424,8951296.526002437,8826601.77556831,8826601.77556831,0.0,0.0,0.0,0.0,0.0,0.0,0.0,0.0,0.0,0.0,0.0,0.0,0.0,0.0,0.0,0.0,0.0,0.0,0.0,0.0,0.0,0.0,0.0,0.0,0.0,0.0,0.0,0.0,0.0,0.0,0.0,0.0,0.0,0.004155278644681734,0.004155278644681734,0.004155278644681734,-0.0009328826298040721,-0.0009328826298040721,-0.0009328826298040721,0.005088161274485806,0.005088161274485806,0.005088161274485806,0.0,0.0,0.0,8863278.76543144
2025-03-12,8839034.383996692,8794651.80407194,8976202.87827416,8839034.383996692,8839034.383996692,0.0,0.0,0.0,0.0,0.0,0.0,0.0,0.0,0.0,0.0,0.0,0.0,0.0,0.0,0.0,0.0,0.0,0.0,0.0,0.0,0.0,0.0,0.0,0.0,0.0,0.0,0.0,0.0,0.0,0.0,0.0,0.0,0.0,0.005244465763811065,0.005244465763811065,0.005244465763811065,-0.000276353296443055,-0.000276353296443055,-0.000276353296443055,0.00552081906025412,0.00552081906025412,0.00552081906025412,0.0,0.0,0.0,8885390.397208711
2025-03-13,8851466.992425075,8818723.739819242,8989810.303476509,8851466.992425075,8851466.992425075,0.0,0.0,0.0,0.0,0.0,0.0,0.0,0.0,0.0,0.0,0.0,0.0,0.0,0.0,0.0,0.0,0.0,0.0,0.0,0.0,0.0,0.0,0.0,0.0,0.0,0.0,0.0,0.0,0.0,0.0,0.0,0.0,0.0,0.005935560777299928,0.005935560777299928,0.005935560777299928,-3.35673109992264e-05,-3.35673109992264e-05,-3.35673109992264e-05,0.005969128088299154,0.005969128088299154,0.005969128088299154,0.0,0.0,0.0,8904005.41272688
2025-03-14,8863899.600853456,8832341.681075832,9009306.479602465,8863899.600853456,8863899.600853456,0.0,0.0,0.0,0.0,0.0,0.0,0.0,0.0,0.0,0.0,0.0,0.0,0.0,0.0,0.0,0.0,0.0,0.0,0.0,0.0,0.0,0.0,0.0,0.0,0.0,0.0,0.0,0.0,0.0,0.0,0.0,0.0,0.0,0.0064237807924562755,0.0064237807924562755,0.0064237807924562755,-4.983770821299872e-06,-4.983770821299872e-06,-4.983770821299872e-06,0.006428764563277575,0.006428764563277575,0.006428764563277575,0.0,0.0,0.0,8920839.34885568
2025-03-15,8876332.209281838,8855675.683005575,9029149.495990591,8876332.209281838,8876332.209281838,0.0,0.0,0.0,0.0,0.0,0.0,0.0,0.0,0.0,0.0,0.0,0.0,0.0,0.0,0.0,0.0,0.0,0.0,0.0,0.0,0.0,0.0,0.0,0.0,0.0,0.0,0.0,0.0,0.0,0.0,0.0,0.0,0.0,0.007548951731622591,0.007548951731622591,0.007548951731622591,0.0006527986307400105,0.0006527986307400105,0.0006527986307400105,0.006896153100882581,0.006896153100882581,0.006896153100882581,0.0,0.0,0.0,8943339.212683553
2025-03-16,8888764.81771022,8875753.159460442,9056995.022072157,8888764.81771022,8888764.81771022,0.0,0.0,0.0,0.0,0.0,0.0,0.0,0.0,0.0,0.0,0.0,0.0,0.0,0.0,0.0,0.0,0.0,0.0,0.0,0.0,0.0,0.0,0.0,0.0,0.0,0.0,0.0,0.0,0.0,0.0,0.0,0.0,0.0,0.008662857154225356,0.008662857154225356,0.008662857154225356,0.0012943274964925828,0.0012943274964925828,0.0012943274964925828,0.007368529657732773,0.007368529657732773,0.007368529657732773,0.0,0.0,0.0,8965766.917603549
2025-03-17,8901197.426138602,8878153.415794851,9047515.717485735,8901197.426138602,8901197.426138602,0.0,0.0,0.0,0.0,0.0,0.0,0.0,0.0,0.0,0.0,0.0,0.0,0.0,0.0,0.0,0.0,0.0,0.0,0.0,0.0,0.0,0.0,0.0,0.0,0.0,0.0,0.0,0.0,0.0,0.0,0.0,0.0,0.0,0.007144634480371814,0.007144634480371814,0.007144634480371814,-0.0006993391191679652,-0.0006993391191679652,-0.0006993391191679652,0.00784397359953978,0.00784397359953978,0.00784397359953978,0.0,0.0,0.0,8964793.228185989
2025-03-18,8913630.034566984,8886418.742962707,9070478.680581758,8913630.034566984,8913630.034566984,0.0,0.0,0.0,0.0,0.0,0.0,0.0,0.0,0.0,0.0,0.0,0.0,0.0,0.0,0.0,0.0,0.0,0.0,0.0,0.0,0.0,0.0,0.0,0.0,0.0,0.0,0.0,0.0,0.0,0.0,0.0,0.0,0.0,0.007388525490357874,0.007388525490357874,0.007388525490357874,-0.0009328826298028088,-0.0009328826298028088,-0.0009328826298028088,0.008321408120160682,0.008321408120160682,0.008321408120160682,0.0,0.0,0.0,8979488.617289001
2025-03-19,8926062.642995365,8906675.584560582,9084872.601997178,8926062.642995365,8926062.642995365,0.0,0.0,0.0,0.0,0.0,0.0,0.0,0.0,0.0,0.0,0.0,0.0,0.0,0.0,0.0,0.0,0.0,0.0,0.0,0.0,0.0,0.0,0.0,0.0,0.0,0.0,0.0,0.0,0.0,0.0,0.0,0.0,0.0,0.00852421591003923,0.00852421591003923,0.00852421591003923,-0.0002763532964420724,-0.0002763532964420724,-0.0002763532964420724,0.008800569206481302,0.008800569206481302,0.008800569206481302,0.0,0.0,0.0,9002150.328190792
2025-03-20,8938495.251423748,8933078.460735574,9110447.56182536,8938495.251423748,8938495.251423748,0.0,0.0,0.0,0.0,0.0,0.0,0.0,0.0,0.0,0.0,0.0,0.0,0.0,0.0,0.0,0.0,0.0,0.0,0.0,0.0,0.0,0.0,0.0,0.0,0.0,0.0,0.0,0.0,0.0,0.0,0.0,0.0,0.0,0.00924837701323274,0.00924837701323274,0.00924837701323274,-3.3567311000182474e-05,-3.3567311000182474e-05,-3.3567311000182474e-05,0.009281944324232922,0.009281944324232922,0.009281944324232922,0.0,0.0,0.0,9021161.825439906
2025-03-21,8950927.85985213,8950343.529866843,9125932.923841463,8950927.85985213,8950927.85985213,0.0,0.0,0.0,0.0,0.0,0.0,0.0,0.0,0.0,0.0,0.0,0.0,0.0,0.0,0.0,0.0,0.0,0.0,0.0,0.0,0.0,0.0,0.0,0.0,0.0,0.0,0.0,0.0,0.0,0.0,0.0,0.0,0.0,0.00976169917751144,0.00976169917751144,0.00976169917751144,-4.983770822092044e-06,-4.983770822092044e-06,-4.983770822092044e-06,0.009766682948333532,0.009766682948333532,0.009766682948333532,0.0,0.0,0.0,9038304.124979611
2025-03-22,8963360.468280513,8966318.2087477,9147341.046513846,8963360.468280513,8963360.468280513,0.0,0.0,0.0,0.0,0.0,0.0,0.0,0.0,0.0,0.0,0.0,0.0,0.0,0.0,0.0,0.0,0.0,0.0,0.0,0.0,0.0,0.0,0.0,0.0,0.0,0.0,0.0,0.0,0.0,0.0,0.0,0.0,0.0,0.010909280580506567,0.010909280580506567,0.010909280580506567,0.0006527986307405967,0.0006527986307405967,0.0006527986307405967,0.01025648194976597,0.01025648194976597,0.01025648194976597,0.0,0.0,0.0,9061144.282573206
2025-03-23,8975793.076708894,8997608.608065028,9177143.896946302,8975793.076708894,8975793.076708894,0.0,0.0,0.0,0.0,0.0,0.0,0.0,0.0,0.0,0.0,0.0,0.0,0.0,0.0,0.0,0.0,0.0,0.0,0.0,0.0,0.0,0.0,0.0,0.0,0.0,0.0,0.0,0.0,0.0,0.0,0.0,0.0,0.0,0.012047777148785861,0.012047777148785861,0.012047777148785861,0.0012943274964917618,0.0012943274964917618,0.0012943274964917618,0.0107534496522941,0.0107534496522941,0.0107534496522941,0.0,0.0,0.0,9083931.4314307
2025-03-24,8988225.685137276,8996918.971102364,9175667.752940148,8988225.685137276,8988225.685137276,0.0,0.0,0.0,0.0,0.0,0.0,0.0,0.0,0.0,0.0,0.0,0.0,0.0,0.0,0.0,0.0,0.0,0.0,0.0,0.0,0.0,0.0,0.0,0.0,0.0,0.0,0.0,0.0,0.0,0.0,0.0,0.0,0.0,0.01056061394282295,0.01056061394282295,0.01056061394282295,-0.000699339119169556,-0.000699339119169556,-0.000699339119169556,0.011259953061992506,0.011259953061992506,0.011259953061992506,0.0,0.0,0.0,9083146.866628975
2025-03-25,9000658.293565659,9010727.44184837,9189925.799354773,9000658.293565659,9000658.293565659,0.0,0.0,0.0,0.0,0.0,0.0,0.0,0.0,0.0,0.0,0.0,0.0,0.0,0.0,0.0,0.0,0.0,0.0,0.0,0.0,0.0,0.0,0.0,0.0,0.0,0.0,0.0,0.0,0.0,0.0,0.0,0.0,0.0,0.010845570699556781,0.010845570699556781,0.010845570699556781,-0.000932882629802752,-0.000932882629802752,-0.000932882629802752,0.011778453329359532,0.011778453329359532,0.011778453329359532,0.0,0.0,0.0,9098275.569431076
2025-03-26,9013090.90199404,9036569.889690433,9211219.84238788,9013090.90199404,9013090.90199404,0.0,0.0,0.0,0.0,0.0,0.0,0.0,0.0,0.0,0.0,0.0,0.0,0.0,0.0,0.0,0.0,0.0,0.0,0.0,0.0,0.0,0.0,0.0,0.0,0.0,0.0,0.0,0.0,0.0,0.0,0.0,0.0,0.0,0.012034981613721766,0.012034981613721766,0.012034981613721766,-0.0002763532964444738,-0.0002763532964444738,-0.0002763532964444738,0.01231133491016624,0.01231133491016624,0.01231133491016624,0.0,0.0,0.0,9121563.285282342
2025-03-27,9025523.510422422,9055099.400798813,9225297.54389216,9025523.510422422,9025523.510422422,0.0,0.0,0.0,0.0,0.0,0.0,0.0,0.0,0.0,0.0,0.0,0.0,0.0,0.0,0.0,0.0,0.0,0.0,0.0,0.0,0.0,0.0,0.0,0.0,0.0,0.0,0.0,0.0,0.0,0.0,0.0,0.0,0.0,0.012827166823153328,0.012827166823153328,0.012827166823153328,-3.3567311000824444e-05,-3.3567311000824444e-05,-3.3567311000824444e-05,0.012860734134154152,0.012860734134154152,0.012860734134154152,0.0,0.0,0.0,9141295.406156903
2025-03-28,9037956.118850805,9071190.783525057,9249698.37621685,9037956.118850805,9037956.118850805,0.0,0.0,0.0,0.0,0.0,0.0,0.0,0.0,0.0,0.0,0.0,0.0,0.0,0.0,0.0,0.0,0.0,0.0,0.0,0.0,0.0,0.0,0.0,0.0,0.0,0.0,0.0,0.0,0.0,0.0,0.0,0.0,0.0,0.013423389190920277,0.013423389190920277,0.013423389190920277,-4.983770819963295e-06,-4.983770819963295e-06,-4.983770819963295e-06,0.013428372961740239,0.013428372961740239,0.013428372961740239,0.0,0.0,0.0,9159276.121324599
2025-03-29,9050388.727279186,9092686.134312475,9269576.45485682,9050388.727279186,9050388.727279186,0.0,0.0,0.0,0.0,0.0,0.0,0.0,0.0,0.0,0.0,0.0,0.0,0.0,0.0,0.0,0.0,0.0,0.0,0.0,0.0,0.0,0.0,0.0,0.0,0.0,0.0,0.0,0.0,0.0,0.0,0.0,0.0,0.0,0.014668202235663657,0.014668202235663657,0.014668202235663657,0.0006527986307421063,0.0006527986307421063,0.0006527986307421063,0.014015403604921551,0.014015403604921551,0.014015403604921551,0.0,0.0,0.0,9183141.659442289
2025-03-30,9062821.33570757,9121310.10238411,9301925.841013674,9062821.33570757,9062821.33570757,0.0,0.0,0.0,0.0,0.0,0.0,0.0,0.0,0.0,0.0,0.0,0.0,0.0,0.0,0.0,0.0,0.0,0.0,0.0,0.0,0.0,0.0,0.0,0.0,0.0,0.0,0.0,0.0,0.0,0.0,0.0,0.0,0.0,0.015916596907926857,0.015916596907926857,0.015916596907926857,0.0012943274964911438,0.0012943274964911438,0.0012943274964911438,0.014622269411435712,0.014622269411435712,0.014622269411435712,0.0,0.0,0.0,9207070.609756587
2025-03-31,9075253.94413595,9123700.945554709,9299688.60825079,9075253.94413595,9075253.94413595,0.0,0.0,0.0,0.0,0.0,0.0,0.0,0.0,0.0,0.0,0.0,0.0,0.0,0.0,0.0,0.0,0.0,0.0,0.0,0.0,0.0,0.0,0.0,0.0,0.0,0.0,0.0,0.0,0.0,0.0,0.0,0.0,0.0,0.014549247848716479,0.014549247848716479,0.014549247848716479,-0.0006993391191641965,-0.0006993391191641965,-0.0006993391191641965,0.015248586967880675,0.015248586967880675,0.015248586967880675,0.0,0.0,0.0,9207292.063059228
2025-04-01,9087686.552564332,9131320.125903502,9310309.346652178,9087686.552564332,9087686.552564332,0.0,0.0,0.0,0.0,0.0,0.0,0.0,0.0,0.0,0.0,0.0,0.0,0.0,0.0,0.0,0.0,0.0,0.0,0.0,0.0,0.0,0.0,0.0,0.0,0.0,0.0,0.0,0.0,0.0,0.0,0.0,0.0,0.0,0.014960171150343132,0.014960171150343132,0.014960171150343132,-0.0009328826298014886,-0.0009328826298014886,-0.0009328826298014886,0.01589305378014462,0.01589305378014462,0.01589305378014462,0.0,0.0,0.0,9223639.898751367
2025-04-02,9100119.160992716,9162246.284198424,9336367.640823437,9100119.160992716,9100119.160992716,0.0,0.0,0.0,0.0,0.0,0.0,0.0,0.0,0.0,0.0,0.0,0.0,0.0,0.0,0.0,0.0,0.0,0.0,0.0,0.0,0.0,0.0,0.0,0.0,0.0,0.0,0.0,0.0,0.0,0.0,0.0,0.0,0.0,0.016277031858129037,0.016277031858129037,0.016277031858129037,-0.0002763532964434911,-0.0002763532964434911,-0.0002763532964434911,0.016553385154572525,0.016553385154572525,0.016553385154572525,0.0,0.0,0.0,9248242.090488965
2025-04-03,9112551.769421099,9178839.71743411,9357358.584590245,9112551.769421099,9112551.769421099,0.0,0.0,0.0,0.0,0.0,0.0,0.0,0.0,0.0,0.0,0.0,0.0,0.0,0.0,0.0,0.0,0.0,0.0,0.0,0.0,0.0,0.0,0.0,0.0,0.0,0.0,0.0,0.0,0.0,0.0,0.0,0.0,0.0,0.01719271574085589,0.01719271574085589,0.01719271574085589,-3.3567311001466414e-05,-3.3567311001466414e-05,-3.3567311001466414e-05,0.01722628305185736,0.01722628305185736,0.01722628305185736,0.0,0.0,0.0,9269221.281666588
2025-04-04,9124984.37784948,9199154.393404312,9378451.745204933,9124984.37784948,9124984.37784948,0.0,0.0,0.0,0.0,0.0,0.0,0.0,0.0,0.0,0.0,0.0,0.0,0.0,0.0,0.0,0.0,0.0,0.0,0.0,0.0,0.0,0.0,0.0,0.0,0.0,0.0,0.0,0.0,0.0,0.0,0.0,0.0,0.0,0.017902454971073983,0.017902454971073983,0.017902454971073983,-4.98377082075544e-06,-4.98377082075544e-06,-4.98377082075544e-06,0.017907438741894738,0.017907438741894738,0.017907438741894738,0.0,0.0,0.0,9288343.999785684
2025-04-05,9137416.986277862,9224987.931558557,9407041.437589375,9137416.986277862,9137416.986277862,0.0,0.0,0.0,0.0,0.0,0.0,0.0,0.0,0.0,0.0,0.0,0.0,0.0,0.0,0.0,0.0,0.0,0.0,0.0,0.0,0.0,0.0,0.0,0.0,0.0,0.0,0.0,0.0,0.0,0.0,0.0,0.0,0.0,0.019244368709881332,0.019244368709881332,0.019244368709881332,0.0006527986307426926,0.0006527986307426926,0.0006527986307426926,0.01859157007913864,0.01859157007913864,0.01859157007913864,0.0,0.0,0.0,9313260.807817725
2025-04-06,9149849.594706245,9246295.486524599,9428826.341677811,9149849.594706245,9149849.594706245,0.0,0.0,0.0,0.0,0.0,0.0,0.0,0.0,0.0,0.0,0.0,0.0,0.0,0.0,0.0,0.0,0.0,0.0,0.0,0.0,0.0,0.0,0.0,0.0,0.0,0.0,0.0,0.0,0.0,0.0,0.0,0.0,0.0,0.020566820670380917,0.020566820670380917,0.020566820670380917,0.0012943274964941835,0.0012943274964941835,0.0012943274964941835,0.019272493173886737,0.019272493173886737,0.019272493173886737,0.0,0.0,0.0,9338032.910481526
2025-04-07,9162282.203134626,9255515.127989192,9429060.404962566,9162282.203134626,9162282.203134626,0.0,0.0,0.0,0.0,0.0,0.0,0.0,0.0,0.0,0.0,0.0,0.0,0.0,0.0,0.0,0.0,0.0,0.0,0.0,0.0,0.0,0.0,0.0,0.0,0.0,0.0,0.0,0.0,0.0,0.0,0.0,0.0,0.0,0.01924388806647127,0.01924388806647127,0.01924388806647127,-0.0006993391191652308,-0.0006993391191652308,-0.0006993391191652308,0.0199432271856365,0.0199432271856365,0.0199432271856365,0.0,0.0,0.0,9338600.13628517
2025-04-08,9174714.81156301,9258112.182949638,9443599.386116995,9174714.81156301,9174714.81156301,0.0,0.0,0.0,0.0,0.0,0.0,0.0,0.0,0.0,0.0,0.0,0.0,0.0,0.0,0.0,0.0,0.0,0.0,0.0,0.0,0.0,0.0,0.0,0.0,0.0,0.0,0.0,0.0,0.0,0.0,0.0,0.0,0.0,0.019663247311778778,0.019663247311778778,0.019663247311778778,-0.0009328826298026383,-0.0009328826298026383,-0.0009328826298026383,0.020596129941581418,0.020596129941581418,0.020596129941581418,0.0,0.0,0.0,9355119.497917812
2025-04-09,9187147.41999139,9290754.717125019,9462629.735869428,9187147.41999139,9187147.41999139,0.0,0.0,0.0,0.0,0.0,0.0,0.0,0.0,0.0,0.0,0.0,0.0,0.0,0.0,0.0,0.0,0.0,0.0,0.0,0.0,0.0,0.0,0.0,0.0,0.0,0.0,0.0,0.0,0.0,0.0,0.0,0.0,0.0,0.02094670782016089,0.02094670782016089,0.02094670782016089,-0.00027635329644412594,-0.00027635329644412594,-0.00027635329644412594,0.021223061116605015,0.021223061116605015,0.021223061116605015,0.0,0.0,0.0,9379587.912698695
2025-04-10,9199580.028419772,9310537.373730795,9482494.802151907,9199580.028419772,9199580.028419772,0.0,0.0,0.0,0.0,0.0,0.0,0.0,0.0,0.0,0.0,0.0,0.0,0.0,0.0,0.0,0.0,0.0,0.0,0.0,0.0,0.0,0.0,0.0,0.0,0.0,0.0,0.0,0.0,0.0,0.0,0.0,0.0,0.0,0.02178200151871076,0.02178200151871076,0.02178200151871076,-3.356731100040022e-05,-3.356731100040022e-05,-3.356731100040022e-05,0.02181556882971116,0.02181556882971116,0.02181556882971116,0.0,0.0,0.0,9399965.294570312
2025-04-11,9212012.636848155,9327892.191419836,9505164.922265673,9212012.636848155,9212012.636848155,0.0,0.0,0.0,0.0,0.0,0.0,0.0,0.0,0.0,0.0,0.0,0.0,0.0,0.0,0.0,0.0,0.0,0.0,0.0,0.0,0.0,0.0,0.0,0.0,0.0,0.0,0.0,0.0,0.0,0.0,0.0,0.0,0.0,0.022360110971712102,0.022360110971712102,0.022360110971712102,-4.983770821936678e-06,-4.983770821936678e-06,-4.983770821936678e-06,0.02236509474253404,0.02236509474253404,0.02236509474253404,0.0,0.0,0.0,9417994.261680895
2025-04-12,9224445.245276537,9360336.98740195,9529298.464001607,9224445.245276537,9224445.245276537,0.0,0.0,0.0,0.0,0.0,0.0,0.0,0.0,0.0,0.0,0.0,0.0,0.0,0.0,0.0,0.0,0.0,0.0,0.0,0.0,0.0,0.0,0.0,0.0,0.0,0.0,0.0,0.0,0.0,0.0,0.0,0.0,0.0,0.023515990742391708,0.023515990742391708,0.023515990742391708,0.0006527986307442022,0.0006527986307442022,0.0006527986307442022,0.022863192111647505,0.022863192111647505,0.022863192111647505,0.0,0.0,0.0,9441367.21426816
2025-04-13,9236877.853704918,9379653.548359452,9552929.804197652,9236877.853704918,9236877.853704918,0.0,0.0,0.0,0.0,0.0,0.0,0.0,0.0,0.0,0.0,0.0,0.0,0.0,0.0,0.0,0.0,0.0,0.0,0.0,0.0,0.0,0.0,0.0,0.0,0.0,0.0,0.0,0.0,0.0,0.0,0.0,0.0,0.0,0.02459607826433871,0.02459607826433871,0.02459607826433871,0.0012943274964935655,0.0012943274964935655,0.0012943274964935655,0.023301750767845145,0.023301750767845145,0.023301750767845145,0.0,0.0,0.0,9464068.82431278
2025-04-14,9249310.462133301,9375031.632171044,9554279.862385612,9249310.462133301,9249310.462133301,0.0,0.0,0.0,0.0,0.0,0.0,0.0,0.0,0.0,0.0,0.0,0.0,0.0,0.0,0.0,0.0,0.0,0.0,0.0,0.0,0.0,0.0,0.0,0.0,0.0,0.0,0.0,0.0,0.0,0.0,0.0,0.0,0.0,0.02297388356821884,0.02297388356821884,0.02297388356821884,-0.000699339119166265,-0.000699339119166265,-0.000699339119166265,0.023673222687385104,0.023673222687385104,0.023673222687385104,0.0,0.0,0.0,9461803.043776661
2025-04-15,9261743.070561683,9383413.893934647,9562889.091149926,9261743.070561683,9261743.070561683,0.0,0.0,0.0,0.0,0.0,0.0,0.0,0.0,0.0,0.0,0.0,0.0,0.0,0.0,0.0,0.0,0.0,0.0,0.0,0.0,0.0,0.0,0.0,0.0,0.0,0.0,0.0,0.0,0.0,0.0,0.0,0.0,0.0,0.02303795906327351,0.02303795906327351,0.02303795906327351,-0.0009328826298013749,-0.0009328826298013749,-0.0009328826298013749,0.023970841693074885,0.023970841693074885,0.023970841693074885,0.0,0.0,0.0,9475114.72827584
2025-04-16,9274175.678990066,9407011.606931934,9581947.537573937,9274175.678990066,9274175.678990066,0.0,0.0,0.0,0.0,0.0,0.0,0.0,0.0,0.0,0.0,0.0,0.0,0.0,0.0,0.0,0.0,0.0,0.0,0.0,0.0,0.0,0.0,0.0,0.0,0.0,0.0,0.0,0.0,0.0,0.0,0.0,0.0,0.0,0.023912477585648392,0.023912477585648392,0.023912477585648392,-0.0002763532964449099,-0.0002763532964449099,-0.0002763532964449099,0.024188830882093303,0.024188830882093303,0.024188830882093303,0.0,0.0,0.0,9495944.19703928
2025-04-17,9286608.287418447,9419125.343304267,9606253.850298664,9286608.287418447,9286608.287418447,0.0,0.0,0.0,0.0,0.0,0.0,0.0,0.0,0.0,0.0,0.0,0.0,0.0,0.0,0.0,0.0,0.0,0.0,0.0,0.0,0.0,0.0,0.0,0.0,0.0,0.0,0.0,0.0,0.0,0.0,0.0,0.0,0.0,0.02428902431138235,0.02428902431138235,0.02428902431138235,-3.356731099933403e-05,-3.356731099933403e-05,-3.356731099933403e-05,0.024322591622381682,0.024322591622381682,0.024322591622381682,0.0,0.0,0.0,9512170.941881837
2025-04-18,9299040.895846829,9473983.405176934,9653299.300924888,9299040.895846829,9299040.895846829,0.0,0.0,0.0,0.0,0.0,0.0,0.0,0.0,0.0,0.0,0.0,0.0,0.0,0.0,0.0,0.0043866938,0.0043866938,0.0043866938,0.0,0.0,0.0,0.0,0.0,0.0,0.0,0.0,0.0,0.0,0.0,0.0,0.0043866938,0.0043866938,0.0043866938,0.028750578414038035,0.028750578414038035,0.028750578414038035,-4.98377082126843e-06,-4.98377082126843e-06,-4.98377082126843e-06,0.024368868384859303,0.024368868384859303,0.024368868384859303,0.0,0.0,0.0,9566393.70029822
2025-04-19,9311473.504275212,9455558.425876334,9635426.770716358,9311473.504275212,9311473.504275212,0.0,0.0,0.0,0.0,0.0,0.0,0.0,0.0,0.0,0.0,0.0,0.0,0.0,0.0,0.0,0.0,0.0,0.0,0.0,0.0,0.0,0.0,0.0,0.0,0.0,0.0,0.0,0.0,0.0,0.0,0.0,0.0,0.0,0.024978682904401663,0.024978682904401663,0.024978682904401663,0.0006527986307438648,0.0006527986307438648,0.0006527986307438648,0.024325884273657797,0.024325884273657797,0.024325884273657797,0.0,0.0,0.0,9544061.84831124
2025-04-20,9323906.112703593,9470549.655804917,9651252.647797858,9323906.112703593,9323906.112703593,0.0,0.0,0.0,0.0,0.0,0.0,0.0,0.0,0.0,0.0,0.0,0.0,0.0,0.0,0.0,0.0,0.0,0.0,0.0,0.0,0.0,0.0,0.0,0.0,0.0,0.0,0.0,0.0,0.0,0.0,0.0,0.0,0.0,0.025487770361633712,0.025487770361633712,0.025487770361633712,0.001294327496492948,0.001294327496492948,0.001294327496492948,0.024193442865140764,0.024193442865140764,0.024193442865140764,0.0,0.0,0.0,9561551.690577615
2025-04-21,9336338.721131977,9468128.074304583,9641828.147774305,9336338.721131977,9336338.721131977,0.0,0.0,0.0,0.0,0.0,0.0,0.0,0.0,0.0,0.0,0.0,0.0,0.0,0.0,0.0,0.0,0.0,0.0,0.0,0.0,0.0,0.0,0.0,0.0,0.0,0.0,0.0,0.0,0.0,0.0,0.0,0.0,0.0,0.02327365372927771,0.02327365372927771,0.02327365372927771,-0.0006993391191678558,-0.0006993391191678558,-0.0006993391191678558,0.023972992848445562,0.023972992848445562,0.023972992848445562,0.0,0.0,0.0,9553629.43562685
2025-04-22,9348771.329560358,9469948.071753621,9644934.977549205,9348771.329560358,9348771.329560358,0.0,0.0,0.0,0.0,0.0,0.0,0.0,0.0,0.0,0.0,0.0,0.0,0.0,0.0,0.0,0.0,0.0,0.0,0.0,0.0,0.0,0.0,0.0,0.0,0.0,0.0,0.0,0.0,0.0,0.0,0.0,0.0,0.0,0.02273477032131746,0.02273477032131746,0.02273477032131746,-0.0009328826298031436,-0.0009328826298031436,-0.0009328826298031436,0.023667652951120603,0.023667652951120603,0.023667652951120603,0.0,0.0,0.0,9561313.498524431
2025-04-23,9361203.93798874,9485272.485390201,9667355.689326752,9361203.93798874,9361203.93798874,0.0,0.0,0.0,0.0,0.0,0.0,0.0,0.0,0.0,0.0,0.0,0.0,0.0,0.0,0.0,0.0,0.0,0.0,0.0,0.0,0.0,0.0,0.0,0.0,0.0,0.0,0.0,0.0,0.0,0.0,0.0,0.0,0.0,0.02300584240913044,0.02300584240913044,0.02300584240913044,-0.0002763532964455448,-0.0002763532964455448,-0.0002763532964455448,0.023282195705575985,0.023282195705575985,0.023282195705575985,0.0,0.0,0.0,9576566.32054584
2025-04-24,9373636.546417123,9502263.931541845,9677605.174000273,9373636.546417123,9373636.546417123,0.0,0.0,0.0,0.0,0.0,0.0,0.0,0.0,0.0,0.0,0.0,0.0,0.0,0.0,0.0,0.0,0.0,0.0,0.0,0.0,0.0,0.0,0.0,0.0,0.0,0.0,0.0,0.0,0.0,0.0,0.0,0.0,0.0,0.02278942242430006,0.02278942242430006,0.02278942242430006,-3.3567310999976e-05,-3.3567310999976e-05,-3.3567310999976e-05,0.022822989735300035,0.022822989735300035,0.022822989735300035,0.0,0.0,0.0,9587256.30932528
2025-04-25,9386069.154845506,9511172.089110453,9684557.885853942,9386069.154845506,9386069.154845506,0.0,0.0,0.0,0.0,0.0,0.0,0.0,0.0,0.0,0.0,0.0,0.0,0.0,0.0,0.0,0.0,0.0,0.0,0.0,0.0,0.0,0.0,0.0,0.0,0.0,0.0,0.0,0.0,0.0,0.0,0.0,0.0,0.0,0.022292917611591533,0.022292917611591533,0.022292917611591533,-4.9837708206002635e-06,-4.9837708206002635e-06,-4.9837708206002635e-06,0.02229790138241213,0.02229790138241213,0.02229790138241213,0.0,0.0,0.0,9595312.021211177
2025-04-26,9398501.763273885,9522439.633052297,9692868.019383753,9398501.763273885,9398501.763273885,0.0,0.0,0.0,0.0,0.0,0.0,0.0,0.0,0.0,0.0,0.0,0.0,0.0,0.0,0.0,0.0,0.0,0.0,0.0,0.0,0.0,0.0,0.0,0.0,0.0,0.0,0.0,0.0,0.0,0.0,0.0,0.0,0.0,0.022368956258183224,0.022368956258183224,0.022368956258183224,0.0006527986307453744,0.0006527986307453744,0.0006527986307453744,0.02171615762743785,0.02171615762743785,0.02171615762743785,0.0,0.0,0.0,9608736.438109018
2025-04-27,9410934.371702269,9532728.36486624,9710226.271866567,9410934.371702269,9410934.371702269,0.0,0.0,0.0,0.0,0.0,0.0,0.0,0.0,0.0,0.0,0.0,0.0,0.0,0.0,0.0,0.0,0.0,0.0,0.0,0.0,0.0,0.0,0.0,0.0,0.0,0.0,0.0,0.0,0.0,0.0,0.0,0.0,0.0,0.02238250083261846,0.02238250083261846,0.02238250083261846,0.0012943274964959878,0.0012943274964959878,0.0012943274964959878,0.021088173336122475,0.021088173336122475,0.021088173336122475,0.0,0.0,0.0,9621574.618112613
2025-04-28,9423366.980130652,9518052.86278084,9696707.12574016,9423366.980130652,9423366.980130652,0.0,0.0,0.0,0.0,0.0,0.0,0.0,0.0,0.0,0.0,0.0,0.0,0.0,0.0,0.0,0.0,0.0,0.0,0.0,0.0,0.0,0.0,0.0,0.0,0.0,0.0,0.0,0.0,0.0,0.0,0.0,0.0,0.0,0.019726007756086423,0.019726007756086423,0.019726007756086423,-0.0006993391191694468,-0.0006993391191694468,-0.0006993391191694468,0.020425346875255868,0.020425346875255868,0.020425346875255868,0.0,0.0,0.0,9609252.390269157
2025-04-29,9435799.588559033,9526799.205636593,9707250.533680392,9435799.588559033,9435799.588559033,0.0,0.0,0.0,0.0,0.0,0.0,0.0,0.0,0.0,0.0,0.0,0.0,0.0,0.0,0.0,0.0,0.0,0.0,0.0,0.0,0.0,0.0,0.0,0.0,0.0,0.0,0.0,0.0,0.0,0.0,0.0,0.0,0.0,0.018806946411155927,0.018806946411155927,0.018806946411155927,-0.000932882629803087,-0.000932882629803087,-0.000932882629803087,0.019739829040959014,0.019739829040959014,0.019739829040959014,0.0,0.0,0.0,9613258.16576747
2025-04-30,9448232.196987415,9535981.670183323,9720338.710789243,9448232.196987415,9448232.196987415,0.0,0.0,0.0,0.0,0.0,0.0,0.0,0.0,0.0,0.0,0.0,0.0,0.0,0.0,0.0,0.0,0.0,0.0,0.0,0.0,0.0,0.0,0.0,0.0,0.0,0.0,0.0,0.0,0.0,0.0,0.0,0.0,0.0,0.01876791771589209,0.01876791771589209,0.01876791771589209,-0.0002763532964429445,-0.0002763532964429445,-0.0002763532964429445,0.019044271012335034,0.019044271012335034,0.019044271012335034,0.0,0.0,0.0,9625555.841421118
2025-05-01,9460664.805415798,9409677.505201686,9594947.17584397,9460664.805415798,9460664.805415798,0.0,0.0,0.0,0.0,0.0,0.0,0.0,0.0,0.0,0.0,0.0,0.0,0.0,0.0,0.0,0.0,0.0,0.0,0.0,0.0,0.0,-0.014208229,-0.014208229,-0.014208229,0.0,0.0,0.0,0.0,0.0,0.0,-0.014208229,-0.014208229,-0.014208229,0.004109761347328763,0.004109761347328763,0.004109761347328763,-3.356731100061797e-05,-3.356731100061797e-05,-3.356731100061797e-05,0.018351557658329378,0.018351557658329378,0.018351557658329378,0.0,0.0,0.0,9499545.87995313
2025-05-02,9473097.41384418,9550499.710643774,9731185.579181522,9473097.41384418,9473097.41384418,0.0,0.0,0.0,0.0,0.0,0.0,0.0,0.0,0.0,0.0,0.0,0.0,0.0,0.0,0.0,0.0,0.0,0.0,0.0,0.0,0.0,0.0,0.0,0.0,0.0,0.0,0.0,0.0,0.0,0.0,0.0,0.0,0.0,0.017669549197150036,0.017669549197150036,0.017669549197150036,-4.983770821392382e-06,-4.983770821392382e-06,-4.983770821392382e-06,0.017674532967971425,0.017674532967971425,0.017674532967971425,0.0,0.0,0.0,9640482.774647495
2025-05-03,9485530.022272563,9567101.561899683,9749107.929006865,9485530.022272563,9485530.022272563,0.0,0.0,0.0,0.0,0.0,0.0,0.0,0.0,0.0,0.0,0.0,0.0,0.0,0.0,0.0,0.0,0.0,0.0,0.0,0.0,0.0,0.0,0.0,0.0,0.0,0.0,0.0,0.0,0.0,0.0,0.0,0.0,0.0,0.017678523261083913,0.017678523261083913,0.017678523261083913,0.000652798630740651,0.000652798630740651,0.000652798630740651,0.01702572463034326,0.01702572463034326,0.01702572463034326,0.0,0.0,0.0,9653220.185415018
2025-05-04,9497962.630700944,9577053.053327626,9761016.549508682,9497962.630700944,9497962.630700944,0.0,0.0,0.0,0.0,0.0,0.0,0.0,0.0,0.0,0.0,0.0,0.0,0.0,0.0,0.0,0.0,0.0,0.0,0.0,0.0,0.0,0.0,0.0,0.0,0.0,0.0,0.0,0.0,0.0,0.0,0.0,0.0,0.0,0.017711402349301048,0.017711402349301048,0.017711402349301048,0.0012943274964951664,0.0012943274964951664,0.0012943274964951664,0.01641707485280588,0.01641707485280588,0.01641707485280588,0.0,0.0,0.0,9666184.868351914
2025-05-05,9510395.239129327,9567395.404353488,9746380.051376514,9510395.239129327,9510395.239129327,0.0,0.0,0.0,0.0,0.0,0.0,0.0,0.0,0.0,0.0,0.0,0.0,0.0,0.0,0.0,0.0,0.0,0.0,0.0,0.0,0.0,0.0,0.0,0.0,0.0,0.0,0.0,0.0,0.0,0.0,0.0,0.0,0.0,0.015160345252381179,0.015160345252381179,0.015160345252381179,-0.000699339119170481,-0.000699339119170481,-0.000699339119170481,0.01585968437155166,0.01585968437155166,0.01585968437155166,0.0,0.0,0.0,9654576.11444113
2025-05-06,9522827.847557709,9575254.257304475,9750140.61705737,9522827.847557709,9522827.847557709,0.0,0.0,0.0,0.0,0.0,0.0,0.0,0.0,0.0,0.0,0.0,0.0,0.0,0.0,0.0,0.0,0.0,0.0,0.0,0.0,0.0,0.0,0.0,0.0,0.0,0.0,0.0,0.0,0.0,0.0,0.0,0.0,0.0,0.014430693650698493,0.014430693650698493,0.014430693650698493,-0.00093288262980303,-0.00093288262980303,-0.00093288262980303,0.015363576280501522,0.015363576280501522,0.015363576280501522,0.0,0.0,0.0,9660248.858914156
2025-05-07,9535260.45598609,9580065.592797376,9761593.489807982,9535260.45598609,9535260.45598609,0.0,0.0,0.0,0.0,0.0,0.0,0.0,0.0,0.0,0.0,0.0,0.0,0.0,0.0,0.0,0.0,0.0,0.0,0.0,0.0,0.0,0.0,0.0,0.0,0.0,0.0,0.0,0.0,0.0,0.0,0.0,0.0,0.0,0.014661132495234304,0.014661132495234304,0.014661132495234304,-0.0002763532964435794,-0.0002763532964435794,-0.0002763532964435794,0.014937485791677883,0.014937485791677883,0.014937485791677883,0.0,0.0,0.0,9675058.17290787
2025-05-08,9547693.064414471,9599033.984559312,9772480.062979758,9547693.064414471,9547693.064414471,0.0,0.0,0.0,0.0,0.0,0.0,0.0,0.0,0.0,0.0,0.0,0.0,0.0,0.0,0.0,0.0,0.0,0.0,0.0,0.0,0.0,0.0,0.0,0.0,0.0,0.0,0.0,0.0,0.0,0.0,0.0,0.0,0.0,0.014555114045137435,0.014555114045137435,0.014555114045137435,-3.356731099986589e-05,-3.356731099986589e-05,-3.356731099986589e-05,0.014588681356137301,0.014588681356137301,0.014588681356137301,0.0,0.0,0.0,9686660.825834991
2025-05-09,9560125.672842855,9610899.16976505,9785943.288736602,9560125.672842855,9560125.672842855,0.0,0.0,0.0,0.0,0.0,0.0,0.0,0.0,0.0,0.0,0.0,0.0,0.0,0.0,0.0,0.0,0.0,0.0,0.0,0.0,0.0,0.0,0.0,0.0,0.0,0.0,0.0,0.0,0.0,0.0,0.0,0.0,0.0,0.014317837967652432,0.014317837967652432,0.014317837967652432,-4.9837708221844455e-06,-4.9837708221844455e-06,-4.9837708221844455e-06,0.014322821738474616,0.014322821738474616,0.014322821738474616,0.0,0.0,0.0,9697006.003177013
2025-05-10,9572558.281271236,9626803.626975968,9801844.779394414,9572558.281271236,9572558.281271236,0.0,0.0,0.0,0.0,0.0,0.0,0.0,0.0,0.0,0.0,0.0,0.0,0.0,0.0,0.0,0.0,0.0,0.0,0.0,0.0,0.0,0.0,0.0,0.0,0.0,0.0,0.0,0.0,0.0,0.0,0.0,0.0,0.0,0.01479665130348179,0.01479665130348179,0.01479665130348179,0.000652798630742161,0.000652798630742161,0.000652798630742161,0.014143852672739628,0.014143852672739628,0.014143852672739628,0.0,0.0,0.0,9714200.088241464
2025-05-11,9584990.88969962,9636203.96583873,9821655.85127312,9584990.88969962,9584990.88969962,0.0,0.0,0.0,0.0,0.0,0.0,0.0,0.0,0.0,0.0,0.0,0.0,0.0,0.0,0.0,0.0,0.0,0.0,0.0,0.0,0.0,0.0,0.0,0.0,0.0,0.0,0.0,0.0,0.0,0.0,0.0,0.0,0.0,0.01534827315697395,0.01534827315697395,0.01534827315697395,0.0012943274964947523,0.0012943274964947523,0.0012943274964947523,0.014053945660479199,0.014053945660479199,0.014053945660479199,0.0,0.0,0.0,9732103.948081834
2025-05-12,9597423.498128,9636982.773408037,9810779.198812814,9597423.498128,9597423.498128,0.0,0.0,0.0,0.0,0.0,0.0,0.0,0.0,0.0,0.0,0.0,0.0,0.0,0.0,0.0,0.0,0.0,0.0,0.0,0.0,0.0,0.0,0.0,0.0,0.0,0.0,0.0,0.0,0.0,0.0,0.0,0.0,0.0,0.01335414121323996,0.01335414121323996,0.01335414121323996,-0.0006993391191715152,-0.0006993391191715152,-0.0006993391191715152,0.014053480332411477,0.014053480332411477,0.014053480332411477,0.0,0.0,0.0,9725588.846805269
2025-05-13,9609856.106556384,9645887.287290266,9829823.87854322,9609856.106556384,9609856.106556384,0.0,0.0,0.0,0.0,0.0,0.0,0.0,0.0,0.0,0.0,0.0,0.0,0.0,0.0,0.0,0.0,0.0,0.0,0.0,0.0,0.0,0.0,0.0,0.0,0.0,0.0,0.0,0.0,0.0,0.0,0.0,0.0,0.0,0.013208187986059395,0.013208187986059395,0.013208187986059395,-0.0009328826298017668,-0.0009328826298017668,-0.0009328826298017668,0.014141070615861161,0.014141070615861161,0.014141070615861161,0.0,0.0,0.0,9736784.892530762
2025-05-14,9622288.714984767,9666531.459498,9840530.397763409,9622288.714984767,9622288.714984767,0.0,0.0,0.0,0.0,0.0,0.0,0.0,0.0,0.0,0.0,0.0,0.0,0.0,0.0,0.0,0.0,0.0,0.0,0.0,0.0,0.0,0.0,0.0,0.0,0.0,0.0,0.0,0.0,0.0,0.0,0.0,0.0,0.0,0.01403728046751892,0.01403728046751892,0.01403728046751892,-0.0002763532964425967,-0.0002763532964425967,-0.0002763532964425967,0.014313633763961518,0.014313633763961518,0.014313633763961518,0.0,0.0,0.0,9757359.48041645
2025-05-15,9634721.323413147,9683257.336817183,9857044.581509445,9634721.323413147,9634721.323413147,0.0,0.0,0.0,0.0,0.0,0.0,0.0,0.0,0.0,0.0,0.0,0.0,0.0,0.0,0.0,0.0,0.0,0.0,0.0,0.0,0.0,0.0,0.0,0.0,0.0,0.0,0.0,0.0,0.0,0.0,0.0,0.0,0.0,0.014532932831954365,0.014532932831954365,0.014532932831954365,-3.356731099879969e-05,-3.356731099879969e-05,-3.356731099879969e-05,0.014566500142953165,0.014566500142953165,0.014566500142953165,0.0,0.0,0.0,9774742.081260908
2025-05-16,9647153.931841528,9702295.722838426,9881372.781388905,9647153.931841528,9647153.931841528,0.0,0.0,0.0,0.0,0.0,0.0,0.0,0.0,0.0,0.0,0.0,0.0,0.0,0.0,0.0,0.0,0.0,0.0,0.0,0.0,0.0,0.0,0.0,0.0,0.0,0.0,0.0,0.0,0.0,0.0,0.0,0.0,0.0,0.01488857680285407,0.01488857680285407,0.01488857680285407,-4.9837708215161975e-06,-4.9837708215161975e-06,-4.9837708215161975e-06,0.014893560573675588,0.014893560573675588,0.014893560573675588,0.0,0.0,0.0,9790786.324084707
2025-05-17,9659586.540269911,9738108.484277189,9902715.14892548,9659586.540269911,9659586.540269911,0.0,0.0,0.0,0.0,0.0,0.0,0.0,0.0,0.0,0.0,0.0,0.0,0.0,0.0,0.0,0.0,0.0,0.0,0.0,0.0,0.0,0.0,0.0,0.0,0.0,0.0,0.0,0.0,0.0,0.0,0.0,0.0,0.0,0.01594024564416807,0.01594024564416807,0.01594024564416807,0.000652798630742747,0.000652798630742747,0.000652798630742747,0.015287447013425319,0.015287447013425319,0.015287447013425319,0.0,0.0,0.0,9813562.722542912
2025-05-18,9672019.148698295,9751770.989565607,9928967.480747575,9672019.148698295,9672019.148698295,0.0,0.0,0.0,0.0,0.0,0.0,0.0,0.0,0.0,0.0,0.0,0.0,0.0,0.0,0.0,0.0,0.0,0.0,0.0,0.0,0.0,0.0,0.0,0.0,0.0,0.0,0.0,0.0,0.0,0.0,0.0,0.0,0.0,0.017034068969870964,0.017034068969870964,0.017034068969870964,0.0012943274964939309,0.0012943274964939309,0.0012943274964939309,0.015739741473377034,0.015739741473377034,0.015739741473377034,0.0,0.0,0.0,9836772.989955133
2025-05-19,9684451.757126676,9745675.853064446,9925164.604074541,9684451.757126676,9684451.757126676,0.0,0.0,0.0,0.0,0.0,0.0,0.0,0.0,0.0,0.0,0.0,0.0,0.0,0.0,0.0,0.0,0.0,0.0,0.0,0.0,0.0,0.0,0.0,0.0,0.0,0.0,0.0,0.0,0.0,0.0,0.0,0.0,0.0,0.015541868200633347,0.015541868200633347,0.015541868200633347,-0.0006993391191661557,-0.0006993391191661557,-0.0006993391191661557,0.016241207319799503,0.016241207319799503,0.016241207319799503,0.0,0.0,0.0,9834966.229931332
2025-05-20,9696884.36555506,9755988.669721937,9942711.592012543,9696884.36555506,9696884.36555506,0.0,0.0,0.0,0.0,0.0,0.0,0.0,0.0,0.0,0.0,0.0,0.0,0.0,0.0,0.0,0.0,0.0,0.0,0.0,0.0,0.0,0.0,0.0,0.0,0.0,0.0,0.0,0.0,0.0,0.0,0.0,0.0,0.0,0.015849153895673505,0.015849153895673505,0.015849153895673505,-0.0009328826298047421,-0.0009328826298047421,-0.0009328826298047421,0.016782036525478248,0.016782036525478248,0.016782036525478248,0.0,0.0,0.0,9850571.778173292
2025-05-21,9709316.97398344,9788997.412740784,9959969.590178926,9709316.97398344,9709316.97398344,0.0,0.0,0.0,0.0,0.0,0.0,0.0,0.0,0.0,0.0,0.0,0.0,0.0,0.0,0.0,0.0,0.0,0.0,0.0,0.0,0.0,0.0,0.0,0.0,0.0,0.0,0.0,0.0,0.0,0.0,0.0,0.0,0.0,0.01707575274083754,0.01707575274083754,0.01707575274083754,-0.0002763532964432315,-0.0002763532964432315,-0.0002763532964432315,0.01735210603728077,0.01735210603728077,0.01735210603728077,0.0,0.0,0.0,9875110.869913599
2025-05-22,9721749.582411824,9811903.081676682,9989713.06541661,9721749.582411824,9721749.582411824,0.0,0.0,0.0,0.0,0.0,0.0,0.0,0.0,0.0,0.0,0.0,0.0,0.0,0.0,0.0,0.0,0.0,0.0,0.0,0.0,0.0,0.0,0.0,0.0,0.0,0.0,0.0,0.0,0.0,0.0,0.0,0.0,0.0,0.01790766890691317,0.01790766890691317,0.01790766890691317,-3.356731100114982e-05,-3.356731100114982e-05,-3.356731100114982e-05,0.017941236217914318,0.017941236217914318,0.017941236217914318,0.0,0.0,0.0,9895843.455129575
2025-05-23,9734182.190840205,9823086.553910147,10000963.517186584,9734182.190840205,9734182.190840205,0.0,0.0,0.0,0.0,0.0,0.0,0.0,0.0,0.0,0.0,0.0,0.0,0.0,0.0,0.0,0.0,0.0,0.0,0.0,0.0,0.0,0.0,0.0,0.0,0.0,0.0,0.0,0.0,0.0,0.0,0.0,0.0,0.0,0.01853446053942741,0.01853446053942741,0.01853446053942741,-4.983770820847922e-06,-4.983770820847922e-06,-4.983770820847922e-06,0.01853944431024826,0.01853944431024826,0.01853944431024826,0.0,0.0,0.0,9914600.00653993
2025-05-24,9746614.799268587,9847563.868560325,10029529.18756203,9746614.799268587,9746614.799268587,0.0,0.0,0.0,0.0,0.0,0.0,0.0,0.0,0.0,0.0,0.0,0.0,0.0,0.0,0.0,0.0,0.0,0.0,0.0,0.0,0.0,0.0,0.0,0.0,0.0,0.0,0.0,0.0,0.0,0.0,0.0,0.0,0.0,0.019789984691795864,0.019789984691795864,0.019789984691795864,0.0006527986307389471,0.0006527986307389471,0.0006527986307389471,0.019137186061056917,0.019137186061056917,0.019137186061056917,0.0,0.0,0.0,9939500.156942943
2025-05-25,9759047.407696968,9873443.167485673,10046136.652156552,9759047.407696968,9759047.407696968,0.0,0.0,0.0,0.0,0.0,0.0,0.0,0.0,0.0,0.0,0.0,0.0,0.0,0.0,0.0,0.0,0.0,0.0,0.0,0.0,0.0,0.0,0.0,0.0,0.0,0.0,0.0,0.0,0.0,0.0,0.0,0.0,0.0,0.021019906518496032,0.021019906518496032,0.021019906518496032,0.001294327496493313,0.001294327496493313,0.001294327496493313,0.01972557902200272,0.01972557902200272,0.01972557902200272,0.0,0.0,0.0,9964181.671916328
2025-05-26,9771480.016125351,9875354.905494023,10057856.360374624,9771480.016125351,9771480.016125351,0.0,0.0,0.0,0.0,0.0,0.0,0.0,0.0,0.0,0.0,0.0,0.0,0.0,0.0,0.0,0.0,0.0,0.0,0.0,0.0,0.0,0.0,0.0,0.0,0.0,0.0,0.0,0.0,0.0,0.0,0.0,0.0,0.0,0.01959726248875702,0.01959726248875702,0.01959726248875702,-0.0006993391191677465,-0.0006993391191677465,-0.0006993391191677465,0.02029660160792477,0.02029660160792477,0.02029660160792477,0.0,0.0,0.0,9962974.274905004
2025-05-27,9783912.624553733,9892024.115970371,10067766.482904792,9783912.624553733,9783912.624553733,0.0,0.0,0.0,0.0,0.0,0.0,0.0,0.0,0.0,0.0,0.0,0.0,0.0,0.0,0.0,0.0,0.0,0.0,0.0,0.0,0.0,0.0,0.0,0.0,0.0,0.0,0.0,0.0,0.0,0.0,0.0,0.0,0.0,0.019910380089891867,0.019910380089891867,0.019910380089891867,-0.0009328826298034786,-0.0009328826298034786,-0.0009328826298034786,0.020843262719695343,0.020843262719695343,0.020843262719695343,0.0,0.0,0.0,9978714.043674888
2025-05-28,9796345.232982116,9912321.327453295,10091605.766249858,9796345.232982116,9796345.232982116,0.0,0.0,0.0,0.0,0.0,0.0,0.0,0.0,0.0,0.0,0.0,0.0,0.0,0.0,0.0,0.0,0.0,0.0,0.0,0.0,0.0,0.0,0.0,0.0,0.0,0.0,0.0,0.0,0.0,0.0,0.0,0.0,0.0,0.021083384313429245,0.021083384313429245,0.021083384313429245,-0.00027635329644224886,-0.00027635329644224886,-0.00027635329644224886,0.021359737609871494,0.021359737609871494,0.021359737609871494,0.0,0.0,0.0,10002885.344396109
2025-05-29,9808777.841410497,9928953.51937621,10110603.803163813,9808777.841410497,9808777.841410497,0.0,0.0,0.0,0.0,0.0,0.0,0.0,0.0,0.0,0.0,0.0,0.0,0.0,0.0,0.0,0.0,0.0,0.0,0.0,0.0,0.0,0.0,0.0,0.0,0.0,0.0,0.0,0.0,0.0,0.0,0.0,0.0,0.0,0.021807899347996675,0.021807899347996675,0.021807899347996675,-3.356731100008363e-05,-3.356731100008363e-05,-3.356731100008363e-05,0.021841466658996757,0.021841466658996757,0.021841466658996757,0.0,0.0,0.0,10022686.681302838
2025-05-30,9821210.44983888,9956198.399894372,10137428.669151317,9821210.44983888,9821210.44983888,0.0,0.0,0.0,0.0,0.0,0.0,0.0,0.0,0.0,0.0,0.0,0.0,0.0,0.0,0.0,0.0,0.0,0.0,0.0,0.0,0.0,0.0,0.0,0.0,0.0,0.0,0.0,0.0,0.0,0.0,0.0,0.0,0.0,0.022280231039321204,0.022280231039321204,0.022280231039321204,-4.983770820568713e-06,-4.983770820568713e-06,-4.983770820568713e-06,0.02228521481014177,0.02228521481014177,0.02228521481014177,0.0,0.0,0.0,10040029.287747087
2025-05-31,9833643.058267262,9971528.67161083,10147245.999616992,9833643.058267262,9833643.058267262,0.0,0.0,0.0,0.0,0.0,0.0,0.0,0.0,0.0,0.0,0.0,0.0,0.0,0.0,0.0,0.0,0.0,0.0,0.0,0.0,0.0,0.0,0.0,0.0,0.0,0.0,0.0,0.0,0.0,0.0,0.0,0.0,0.0,0.023341889178708636,0.023341889178708636,0.023341889178708636,0.0006527986307395332,0.0006527986307395332,0.0006527986307395332,0.022689090547969103,0.022689090547969103,0.022689090547969103,0.0,0.0,0.0,10063178.864756314
2025-06-01,9846075.666695645,9995811.307933198,10169636.417844763,9846075.666695645,9846075.666695645,0.0,0.0,0.0,0.0,0.0,0.0,0.0,0.0,0.0,0.0,0.0,0.0,0.0,0.0,0.0,0.0,0.0,0.0,0.0,0.0,0.0,0.0,0.0,0.0,0.0,0.0,0.0,0.0,0.0,0.0,0.0,0.0,0.0,0.024346851969974787,0.024346851969974787,0.024346851969974787,0.0012943274964924917,0.0012943274964924917,0.0012943274964924917,0.023052524473482296,0.023052524473482296,0.023052524473482296,0.0,0.0,0.0,10085796.613437854
2025-06-02,9858508.275124025,9989345.822126493,10172085.713866161,9858508.275124025,9858508.275124025,0.0,0.0,0.0,0.0,0.0,0.0,0.0,0.0,0.0,0.0,0.0,0.0,0.0,0.0,0.0,0.0,0.0,0.0,0.0,0.0,0.0,0.0,0.0,0.0,0.0,0.0,0.0,0.0,0.0,0.0,0.0,0.0,0.0,0.02267686956422571,0.02267686956422571,0.02267686956422571,-0.0006993391191682241,-0.0006993391191682241,-0.0006993391191682241,0.023376208683393934,0.023376208683393934,0.023376208683393934,0.0,0.0,0.0,10082068.381376851
2025-06-03,9870940.883552408,10003737.251387073,10184223.534515522,9870940.883552408,9870940.883552408,0.0,0.0,0.0,0.0,0.0,0.0,0.0,0.0,0.0,0.0,0.0,0.0,0.0,0.0,0.0,0.0,0.0,0.0,0.0,0.0,0.0,0.0,0.0,0.0,0.0,0.0,0.0,0.0,0.0,0.0,0.0,0.0,0.0,0.02272911665043372,0.02272911665043372,0.02272911665043372,-0.0009328826298046284,-0.0009328826298046284,-0.0009328826298046284,0.02366199928023835,0.02366199928023835,0.02366199928023835,0.0,0.0,0.0,10095298.650344206
2025-06-04,9883373.49198079,10027189.203672567,10201901.90358342,9883373.49198079,9883373.49198079,0.0,0.0,0.0,0.0,0.0,0.0,0.0,0.0,0.0,0.0,0.0,0.0,0.0,0.0,0.0,0.0,0.0,0.0,0.0,0.0,0.0,0.0,0.0,0.0,0.0,0.0,0.0,0.0,0.0,0.0,0.0,0.0,0.0,0.023636432087846427,0.023636432087846427,0.023636432087846427,-0.00027635329644465026,-0.00027635329644465026,-0.00027635329644465026,0.023912785384291077,0.023912785384291077,0.023912785384291077,0.0,0.0,0.0,10116981.178322814
2025-06-05,9895806.100409172,10043848.873624636,10219051.835342946,9895806.100409172,9895806.100409172,0.0,0.0,0.0,0.0,0.0,0.0,0.0,0.0,0.0,0.0,0.0,0.0,0.0,0.0,0.0,0.0,0.0,0.0,0.0,0.0,0.0,0.0,0.0,0.0,0.0,0.0,0.0,0.0,0.0,0.0,0.0,0.0,0.0,0.024098761649997903,0.024098761649997903,0.024098761649997903,-3.35673110007256e-05,-3.35673110007256e-05,-3.35673110007256e-05,0.024132328960998626,0.024132328960998626,0.024132328960998626,0.0,0.0,0.0,10134282.772957528
2025-06-06,9908238.708837556,10057823.05180892,10232218.589665858,9908238.708837556,9908238.708837556,0.0,0.0,0.0,0.0,0.0,0.0,0.0,0.0,0.0,0.0,0.0,0.0,0.0,0.0,0.0,0.0,0.0,0.0,0.0,0.0,0.0,0.0,0.0,0.0,0.0,0.0,0.0,0.0,0.0,0.0,0.0,0.0,0.0,0.024320096820438418,0.024320096820438418,0.024320096820438418,-4.983770821360831e-06,-4.983770821360831e-06,-4.983770821360831e-06,0.024325080591259776,0.024325080591259776,0.024325080591259776,0.0,0.0,0.0,10149208.0335565
2025-06-07,9920671.317265937,10088035.969011143,10258509.083886882,9920671.317265937,9920671.317265937,0.0,0.0,0.0,0.0,0.0,0.0,0.0,0.0,0.0,0.0,0.0,0.0,0.0,0.0,0.0,0.0,0.0,0.0,0.0,0.0,0.0,0.0,0.0,0.0,0.0,0.0,0.0,0.0,0.0,0.0,0.0,0.0,0.0,0.02514877560417245,0.02514877560417245,0.02514877560417245,0.0006527986307410428,0.0006527986307410428,0.0006527986307410428,0.024495976973431408,0.024495976973431408,0.024495976973431408,0.0,0.0,0.0,10170164.054066608
2025-06-08,9933103.92569432,10101055.331210915,10275987.895217203,9933103.92569432,9933103.92569432,0.0,0.0,0.0,0.0,0.0,0.0,0.0,0.0,0.0,0.0,0.0,0.0,0.0,0.0,0.0,0.0,0.0,0.0,0.0,0.0,0.0,0.0,0.0,0.0,0.0,0.0,0.0,0.0,0.0,0.0,0.0,0.0,0.0,0.02594455393327439,0.02594455393327439,0.02594455393327439,0.0012943274964918742,0.0012943274964918742,0.0012943274964918742,0.024650226436782517,0.024650226436782517,0.024650226436782517,0.0,0.0,0.0,10190813.876219315
2025-06-09,9945536.534122702,10093002.058512418,10275382.21099451,9945536.534122702,9945536.534122702,0.0,0.0,0.0,0.0,0.0,0.0,0.0,0.0,0.0,0.0,0.0,0.0,0.0,0.0,0.0,0.0,0.0,0.0,0.0,0.0,0.0,0.0,0.0,0.0,0.0,0.0,0.0,0.0,0.0,0.0,0.0,0.0,0.0,0.024093749933475555,0.024093749933475555,0.024093749933475555,-0.000699339119169815,-0.000699339119169815,-0.000699339119169815,0.02479308905264537,0.02479308905264537,0.02479308905264537,0.0,0.0,0.0,10185161.804330098
2025-06-10,9957969.142551081,10106545.101946589,10282141.52556341,9957969.142551081,9957969.142551081,0.0,0.0,0.0,0.0,0.0,0.0,0.0,0.0,0.0,0.0,0.0,0.0,0.0,0.0,0.0,0.0,0.0,0.0,0.0,0.0,0.0,0.0,0.0,0.0,0.0,0.0,0.0,0.0,0.0,0.0,0.0,0.0,0.0,0.02399677541360779,0.02399677541360779,0.02399677541360779,-0.0009328826298033651,-0.0009328826298033651,-0.0009328826298033651,0.024929658043411154,0.024929658043411154,0.024929658043411154,0.0,0.0,0.0,10196928.291640516
2025-06-11,9970401.750979465,10124943.53923686,10309416.436836027,9970401.750979465,9970401.750979465,0.0,0.0,0.0,0.0,0.0,0.0,0.0,0.0,0.0,0.0,0.0,0.0,0.0,0.0,0.0,0.0,0.0,0.0,0.0,0.0,0.0,0.0,0.0,0.0,0.0,0.0,0.0,0.0,0.0,0.0,0.0,0.0,0.0,0.024788295811713858,0.024788295811713858,0.024788295811713858,-0.0002763532964436677,-0.0002763532964436677,-0.0002763532964436677,0.025064649108157526,0.025064649108157526,0.025064649108157526,0.0,0.0,0.0,10217551.018944373
2025-06-12,9982834.359407848,10151504.145934328,10319176.442889156,9982834.359407848,9982834.359407848,0.0,0.0,0.0,0.0,0.0,0.0,0.0,0.0,0.0,0.0,0.0,0.0,0.0,0.0,0.0,0.0,0.0,0.0,0.0,0.0,0.0,0.0,0.0,0.0,0.0,0.0,0.0,0.0,0.0,0.0,0.0,0.0,0.0,0.02516863669900981,0.02516863669900981,0.02516863669900981,-3.35673109996594e-05,-3.35673109996594e-05,-3.35673109996594e-05,0.025202204010009468,0.025202204010009468,0.025202204010009468,0.0,0.0,0.0,10234088.690626176
2025-06-13,9995266.96783623,10159112.79095656,10330032.621692758,9995266.96783623,9995266.96783623,0.0,0.0,0.0,0.0,0.0,0.0,0.0,0.0,0.0,0.0,0.0,0.0,0.0,0.0,0.0,0.0,0.0,0.0,0.0,0.0,0.0,0.0,0.0,0.0,0.0,0.0,0.0,0.0,0.0,0.0,0.0,0.0,0.0,0.0253407305420759,0.0253407305420759,0.0253407305420759,-4.983770820692556e-06,-4.983770820692556e-06,-4.983770820692556e-06,0.025345714312896592,0.025345714312896592,0.025345714312896592,0.0,0.0,0.0,10248554.33476428
2025-06-14,10007699.576264612,10182179.376832213,10356777.161926664,10007699.576264612,10007699.576264612,0.0,0.0,0.0,0.0,0.0,0.0,0.0,0.0,0.0,0.0,0.0,0.0,0.0,0.0,0.0,0.0,0.0,0.0,0.0,0.0,0.0,0.0,0.0,0.0,0.0,0.0,0.0,0.0,0.0,0.0,0.0,0.0,0.0,0.02615046915878625,0.02615046915878625,0.02615046915878625,0.0006527986307407058,0.0006527986307407058,0.0006527986307407058,0.025497670528045545,0.025497670528045545,0.025497670528045545,0.0,0.0,0.0,10269405.615384117
2025-06-15,10020132.184692994,10199421.414519714,10378001.566531677,10020132.184692994,10020132.184692994,0.0,0.0,0.0,0.0,0.0,0.0,0.0,0.0,0.0,0.0,0.0,0.0,0.0,0.0,0.0,0.0,0.0,0.0,0.0,0.0,0.0,0.0,0.0,0.0,0.0,0.0,0.0,0.0,0.0,0.0,0.0,0.0,0.0,0.02695386864856263,0.02695386864856263,0.02695386864856263,0.0012943274964949136,0.0012943274964949136,0.0012943274964949136,0.025659541152067714,0.025659541152067714,0.025659541152067714,0.0,0.0,0.0,10290213.511440443
2025-06-16,10032564.793121377,10199619.924452383,10374069.117367418,10032564.793121377,10032564.793121377,0.0,0.0,0.0,0.0,0.0,0.0,0.0,0.0,0.0,0.0,0.0,0.0,0.0,0.0,0.0,0.0,0.0,0.0,0.0,0.0,0.0,0.0,0.0,0.0,0.0,0.0,0.0,0.0,0.0,0.0,0.0,0.0,0.0,0.0251323460529091,0.0251323460529091,0.0251323460529091,-0.0006993391191638988,-0.0006993391191638988,-0.0006993391191638988,0.025831685172073002,0.025831685172073002,0.025831685172073002,0.0,0.0,0.0,10284706.683300337
2025-06-17,10044997.401549758,10208797.632401275,10389869.607605973,10044997.401549758,10044997.401549758,0.0,0.0,0.0,0.0,0.0,0.0,0.0,0.0,0.0,0.0,0.0,0.0,0.0,0.0,0.0,0.0,0.0,0.0,0.0,0.0,0.0,0.0,0.0,0.0,0.0,0.0,0.0,0.0,0.0,0.0,0.0,0.0,0.0,0.025080417975664956,0.025080417975664956,0.025080417975664956,-0.0009328826298021019,-0.0009328826298021019,-0.0009328826298021019,0.026013300605467058,0.026013300605467058,0.026013300605467058,0.0,0.0,0.0,10296930.134945095
2025-06-18,10057430.009978142,10227775.955789424,10406293.52066881,10057430.009978142,10057430.009978142,0.0,0.0,0.0,0.0,0.0,0.0,0.0,0.0,0.0,0.0,0.0,0.0,0.0,0.0,0.0,0.0,0.0,0.0,0.0,0.0,0.0,0.0,0.0,0.0,0.0,0.0,0.0,0.0,0.0,0.0,0.0,0.0,0.0,0.02592605726645343,0.02592605726645343,0.02592605726645343,-0.0002763532964443024,-0.0002763532964443024,-0.0002763532964443024,0.026202410562897734,0.026202410562897734,0.026202410562897734,0.0,0.0,0.0,10318179.516370183
2025-06-19,10069862.618406521,10256661.97633543,10421060.184890026,10069862.618406521,10069862.618406521,0.0,0.0,0.0,0.0,0.0,0.0,0.0,0.0,0.0,0.0,0.0,0.0,0.0,0.0,0.0,0.0,0.0,0.0,0.0,0.0,0.0,0.0,0.0,0.0,0.0,0.0,0.0,0.0,0.0,0.0,0.0,0.0,0.0,0.02636231989265183,0.02636231989265183,0.02636231989265183,-3.356731100030137e-05,-3.356731100030137e-05,-3.356731100030137e-05,0.02639588720365213,0.02639588720365213,0.02639588720365213,0.0,0.0,0.0,10335327.55802801
2025-06-20,10082295.226834904,10261273.814883946,10439210.183406813,10082295.226834904,10082295.226834904,0.0,0.0,0.0,0.0,0.0,0.0,0.0,0.0,0.0,0.0,0.0,0.0,0.0,0.0,0.0,0.0,0.0,0.0,0.0,0.0,0.0,0.0,0.0,0.0,0.0,0.0,0.0,0.0,0.0,0.0,0.0,0.0,0.0,0.02658452905578965,0.02658452905578965,0.02658452905578965,-4.9837708233344046e-06,-4.9837708233344046e-06,-4.9837708233344046e-06,0.026589512826612986,0.026589512826612986,0.026589512826612986,0.0,0.0,0.0,10350328.297241746
2025-06-21,10094727.835263286,10283305.96920057,10457019.003900146,10094727.835263286,10094727.835263286,0.0,0.0,0.0,0.0,0.0,0.0,0.0,0.0,0.0,0.0,0.0,0.0,0.0,0.0,0.0,0.0,0.0,0.0,0.0,0.0,0.0,0.0,0.0,0.0,0.0,0.0,0.0,0.0,0.0,0.0,0.0,0.0,0.0,0.02743087487024569,0.02743087487024569,0.02743087487024569,0.0006527986307422152,0.0006527986307422152,0.0006527986307422152,0.026778076239503474,0.026778076239503474,0.026778076239503474,0.0,0.0,0.0,10371635.05136158
2025-06-22,10107160.443691669,10301711.439982835,10474463.919341357,10107160.443691669,10107160.443691669,0.0,0.0,0.0,0.0,0.0,0.0,0.0,0.0,0.0,0.0,0.0,0.0,0.0,0.0,0.0,0.0,0.0,0.0,0.0,0.0,0.0,0.0,0.0,0.0,0.0,0.0,0.0,0.0,0.0,0.0,0.0,0.0,0.0,0.0282498290032304,0.0282498290032304,0.0282498290032304,0.001294327496494296,0.001294327496494296,0.001294327496494296,0.026955501506736104,0.026955501506736104,0.026955501506736104,0.0,0.0,0.0,10392685.997934174
2025-06-23,10119593.05212005,10290371.281213196,10471731.737172179,10119593.05212005,10119593.05212005,0.0,0.0,0.0,0.0,0.0,0.0,0.0,0.0,0.0,0.0,0.0,0.0,0.0,0.0,0.0,0.0,0.0,0.0,0.0,0.0,0.0,0.0,0.0,0.0,0.0,0.0,0.0,0.0,0.0,0.0,0.0,0.0,0.0,0.026415666102856165,0.026415666102856165,0.026415666102856165,-0.0006993391191654896,-0.0006993391191654896,-0.0006993391191654896,0.027115005222021656,0.027115005222021656,0.027115005222021656,0.0,0.0,0.0,10386908.843281636
2025-06-24,10132025.660548434,10307421.928979153,10489219.981682366,10132025.660548434,10132025.660548434,0.0,0.0,0.0,0.0,0.0,0.0,0.0,0.0,0.0,0.0,0.0,0.0,0.0,0.0,0.0,0.0,0.0,0.0,0.0,0.0,0.0,0.0,0.0,0.0,0.0,0.0,0.0,0.0,0.0,0.0,0.0,0.0,0.0,0.026316394983872116,0.026316394983872116,0.026316394983872116,-0.0009328826298020449,-0.0009328826298020449,-0.0009328826298020449,0.02724927761367416,0.02724927761367416,0.02724927761367416,0.0,0.0,0.0,10398664.049818153
2025-06-25,10144458.268976817,10331843.971981555,10506841.124433972,10144458.268976817,10144458.268976817,0.0,0.0,0.0,0.0,0.0,0.0,0.0,0.0,0.0,0.0,0.0,0.0,0.0,0.0,0.0,0.0,0.0,0.0,0.0,0.0,0.0,0.0,0.0,0.0,0.0,0.0,0.0,0.0,0.0,0.0,0.0,0.0,0.0,0.02707432879619996,0.02707432879619996,0.02707432879619996,-0.0002763532964417021,-0.0002763532964417021,-0.0002763532964417021,0.02735068209264166,0.02735068209264166,0.02735068209264166,0.0,0.0,0.0,10419112.667610424
2025-06-26,10156890.877405198,10344122.498782335,10522446.500975061,10156890.877405198,10156890.877405198,0.0,0.0,0.0,0.0,0.0,0.0,0.0,0.0,0.0,0.0,0.0,0.0,0.0,0.0,0.0,0.0,0.0,0.0,0.0,0.0,0.0,0.0,0.0,0.0,0.0,0.0,0.0,0.0,0.0,0.0,0.0,0.0,0.0,0.027377900004625633,0.027377900004625633,0.027377900004625633,-3.356731099954929e-05,-3.356731099954929e-05,-3.356731099954929e-05,0.02741146731562518,0.02741146731562518,0.02741146731562518,0.0,0.0,0.0,10434965.220204692
2025-06-27,10169323.485833582,10364119.16040678,10534233.5964681,10169323.485833582,10169323.485833582,0.0,0.0,0.0,0.0,0.0,0.0,0.0,0.0,0.0,0.0,0.0,0.0,0.0,0.0,0.0,0.0,0.0,0.0,0.0,0.0,0.0,0.0,0.0,0.0,0.0,0.0,0.0,0.0,0.0,0.0,0.0,0.0,0.0,0.02741900170292706,0.02741900170292706,0.02741900170292706,-4.983770821205682e-06,-4.983770821205682e-06,-4.983770821205682e-06,0.027423985473748264,0.027423985473748264,0.027423985473748264,0.0,0.0,0.0,10448156.183809267
2025-06-28,10181756.094261961,10380874.114425363,10560288.267914835,10181756.094261961,10181756.094261961,0.0,0.0,0.0,0.0,0.0,0.0,0.0,0.0,0.0,0.0,0.0,0.0,0.0,0.0,0.0,0.0,0.0,0.0,0.0,0.0,0.0,0.0,0.0,0.0,0.0,0.0,0.0,0.0,0.0,0.0,0.0,0.0,0.0,0.02803370897196346,0.02803370897196346,0.02803370897196346,0.0006527986307437248,0.0006527986307437248,0.0006527986307437248,0.027380910341219734,0.027380910341219734,0.027380910341219734,0.0,0.0,0.0,10467188.481432017
2025-06-29,10194188.702690342,10394535.483508116,10571984.109265678,10194188.702690342,10194188.702690342,0.0,0.0,0.0,0.0,0.0,0.0,0.0,0.0,0.0,0.0,0.0,0.0,0.0,0.0,0.0,0.0,0.0,0.0,0.0,0.0,0.0,0.0,0.0,0.0,0.0,0.0,0.0,0.0,0.0,0.0,0.0,0.0,0.0,0.028569776129625548,0.028569776129625548,0.028569776129625548,0.0012943274964934747,0.0012943274964934747,0.0012943274964934747,0.027275448633132072,0.027275448633132072,0.027275448633132072,0.0,0.0,0.0,10485434.391749363
2025-06-30,10206621.311118726,10386631.822232505,10571223.620394494,10206621.311118726,10206621.311118726,0.0,0.0,0.0,0.0,0.0,0.0,0.0,0.0,0.0,0.0,0.0,0.0,0.0,0.0,0.0,0.0,0.0,0.0,0.0,0.0,0.0,0.0,0.0,0.0,0.0,0.0,0.0,0.0,0.0,0.0,0.0,0.0,0.0,0.026402199306805766,0.026402199306805766,0.026402199306805766,-0.0006993391191665239,-0.0006993391191665239,-0.0006993391191665239,0.02710153842597229,0.02710153842597229,0.02710153842597229,0.0,0.0,0.0,10476098.561223973
2025-07-01,10219053.919547109,10380903.103603745,10565593.96806488,10219053.919547109,10219053.919547109,0.0,0.0,0.0,0.0,0.0,0.0,0.0,0.0,0.0,0.0,0.0,0.0,0.0,0.0,0.0,0.0,0.0,0.0,0.0,0.0,0.0,0.0,0.0,0.0,0.0,0.0,0.0,0.0,0.0,0.0,0.0,0.0,0.0,0.02592114615255191,0.02592114615255191,0.02592114615255191,-0.0009328826298026071,-0.0009328826298026071,-0.0009328826298026071,0.02685402878235452,0.02685402878235452,0.02685402878235452,0.0,0.0,0.0,10483943.509736499
2025-07-02,10231486.52797549,10411941.98596665,10586627.057414379,10231486.52797549,10231486.52797549,0.0,0.0,0.0,0.0,0.0,0.0,0.0,0.0,0.0,0.0,0.0,0.0,0.0,0.0,0.0,0.0,0.0,0.0,0.0,0.0,0.0,0.0,0.0,0.0,0.0,0.0,0.0,0.0,0.0,0.0,0.0,0.0,0.0,0.0262524819845517,0.0262524819845517,0.0262524819845517,-0.00027635329644233706,-0.00027635329644233706,-0.00027635329644233706,0.026528835280994038,0.026528835280994038,0.026528835280994038,0.0,0.0,0.0,10500088.443726351
2025-07-03,10243919.136403874,10423197.31735465,10597123.594788246,10243919.136403874,10243919.136403874,0.0,0.0,0.0,0.0,0.0,0.0,0.0,0.0,0.0,0.0,0.0,0.0,0.0,0.0,0.0,0.0,0.0,0.0,0.0,0.0,0.0,0.0,0.0,0.0,0.0,0.0,0.0,0.0,0.0,0.0,0.0,0.0,0.0,0.026089499556357875,0.026089499556357875,0.026089499556357875,-3.356731100189942e-05,-3.356731100189942e-05,-3.356731100189942e-05,0.026123066867359775,0.026123066867359775,0.026123066867359775,0.0,0.0,0.0,10511177.860168448
2025-07-04,10256351.744832255,10428203.776179014,10601083.65790303,10256351.744832255,10256351.744832255,0.0,0.0,0.0,0.0,0.0,0.0,0.0,0.0,0.0,0.0,0.0,0.0,0.0,0.0,0.0,0.0,0.0,0.0,0.0,0.0,0.0,0.0,0.0,0.0,0.0,0.0,0.0,0.0,0.0,0.0,0.0,0.0,0.0,0.02563013651758796,0.02563013651758796,0.02563013651758796,-4.983770821997665e-06,-4.983770821997665e-06,-4.983770821997665e-06,0.025635120288409956,0.025635120288409956,0.025635120288409956,0.0,0.0,0.0,10519223.440224707
2025-07-05,10268784.353260638,10439034.015319046,10624118.651272705,10268784.353260638,10268784.353260638,0.0,0.0,0.0,0.0,0.0,0.0,0.0,0.0,0.0,0.0,0.0,0.0,0.0,0.0,0.0,0.0,0.0,0.0,0.0,0.0,0.0,0.0,0.0,0.0,0.0,0.0,0.0,0.0,0.0,0.0,0.0,0.0,0.0,0.02571753796195166,0.02571753796195166,0.02571753796195166,0.0006527986307443111,0.0006527986307443111,0.0006527986307443111,0.02506473933120735,0.02506473933120735,0.02506473933120735,0.0,0.0,0.0,10532872.204688713
2025-07-06,10281216.961689018,10461399.860667702,10630321.687548766,10281216.961689018,10281216.961689018,0.0,0.0,0.0,0.0,0.0,0.0,0.0,0.0,0.0,0.0,0.0,0.0,0.0,0.0,0.0,0.0,0.0,0.0,0.0,0.0,0.0,0.0,0.0,0.0,0.0,0.0,0.0,0.0,0.0,0.0,0.0,0.0,0.0,0.025707364618113137,0.025707364618113137,0.025707364618113137,0.0012943274964930603,0.0012943274964930603,0.0012943274964930603,0.024413037121620077,0.024413037121620077,0.024413037121620077,0.0,0.0,0.0,10545519.954841087
2025-07-07,10293649.570117401,10445976.316647584,10619798.74926429,10293649.570117401,10293649.570117401,0.0,0.0,0.0,0.0,0.0,0.0,0.0,0.0,0.0,0.0,0.0,0.0,0.0,0.0,0.0,0.0,0.0,0.0,0.0,0.0,0.0,0.0,0.0,0.0,0.0,0.0,0.0,0.0,0.0,0.0,0.0,0.0,0.0,0.02298314170612197,0.02298314170612197,0.02298314170612197,-0.000699339119167558,-0.000699339119167558,-0.000699339119167558,0.023682480825289526,0.023682480825289526,0.023682480825289526,0.0,0.0,0.0,10530229.97686057
2025-07-08,10306082.178545782,10446403.235522473,10618316.181975283,10306082.178545782,10306082.178545782,0.0,0.0,0.0,0.0,0.0,0.0,0.0,0.0,0.0,0.0,0.0,0.0,0.0,0.0,0.0,0.0,0.0,0.0,0.0,0.0,0.0,0.0,0.0,0.0,0.0,0.0,0.0,0.0,0.0,0.0,0.0,0.0,0.0,0.021943956566551136,0.021943956566551136,0.021943956566551136,-0.0009328826298037568,-0.0009328826298037568,-0.0009328826298037568,0.022876839196354894,0.022876839196354894,0.022876839196354894,0.0,0.0,0.0,10532238.398243098
2025-07-09,10318514.786974166,10463387.479111778,10630026.924221514,10318514.786974166,10318514.786974166,0.0,0.0,0.0,0.0,0.0,0.0,0.0,0.0,0.0,0.0,0.0,0.0,0.0,0.0,0.0,0.0,0.0,0.0,0.0,0.0,0.0,0.0,0.0,0.0,0.0,0.0,0.0,0.0,0.0,0.0,0.0,0.0,0.0,0.02172474121129473,0.02172474121129473,0.02172474121129473,-0.000276353296442972,-0.000276353296442972,-0.000276353296442972,0.022001094507737705,0.022001094507737705,0.022001094507737705,0.0,0.0,0.0,10542681.850406097
2025-07-10,10330947.395402547,10461958.83257252,10631562.376127088,10330947.395402547,10330947.395402547,0.0,0.0,0.0,0.0,0.0,0.0,0.0,0.0,0.0,0.0,0.0,0.0,0.0,0.0,0.0,0.0,0.0,0.0,0.0,0.0,0.0,0.0,0.0,0.0,0.0,0.0,0.0,0.0,0.0,0.0,0.0,0.0,0.0,0.021027754127082493,0.021027754127082493,0.021027754127082493,-3.3567311000833226e-05,-3.3567311000833226e-05,-3.3567311000833226e-05,0.021061321438083324,0.021061321438083324,0.021061321438083324,0.0,0.0,0.0,10548184.017132895
2025-07-11,10343380.00383093,10459712.893641327,10635267.13293621,10343380.00383093,10343380.00383093,0.0,0.0,0.0,0.0,0.0,0.0,0.0,0.0,0.0,0.0,0.0,0.0,0.0,0.0,0.0,0.0,0.0,0.0,0.0,0.0,0.0,0.0,0.0,0.0,0.0,0.0,0.0,0.0,0.0,0.0,0.0,0.0,0.0,0.020059552683146725,0.020059552683146725,0.020059552683146725,-4.983770821329498e-06,-4.983770821329498e-06,-4.983770821329498e-06,0.020064536453968055,0.020064536453968055,0.020064536453968055,0.0,0.0,0.0,10550863.579939581
2025-07-12,10355812.612259312,10471405.39425718,10645438.736272017,10355812.612259312,10355812.612259312,0.0,0.0,0.0,0.0,0.0,0.0,0.0,0.0,0.0,0.0,0.0,0.0,0.0,0.0,0.0,0.0,0.0,0.0,0.0,0.0,0.0,0.0,0.0,0.0,0.0,0.0,0.0,0.0,0.0,0.0,0.0,0.0,0.0,0.019671320714701613,0.019671320714701613,0.019671320714701613,0.0006527986307414348,0.0006527986307414348,0.0006527986307414348,0.01901852208396018,0.01901852208396018,0.01901852208396018,0.0,0.0,0.0,10559525.123416416
2025-07-13,10368245.220687695,10476217.676697874,10657925.823895782,10368245.220687695,10368245.220687695,0.0,0.0,0.0,0.0,0.0,0.0,0.0,0.0,0.0,0.0,0.0,0.0,0.0,0.0,0.0,0.0,0.0,0.0,0.0,0.0,0.0,0.0,0.0,0.0,0.0,0.0,0.0,0.0,0.0,0.0,0.0,0.0,0.0,0.019225958704191297,0.019225958704191297,0.019225958704191297,0.0012943274964958965,0.0012943274964958965,0.0012943274964958965,0.017931631207695403,0.017931631207695403,0.017931631207695403,0.0,0.0,0.0,10567584.675135564
2025-07-14,10380677.829116078,10461277.700426787,10638747.645496879,10380677.829116078,10380677.829116078,0.0,0.0,0.0,0.0,0.0,0.0,0.0,0.0,0.0,0.0,0.0,0.0,0.0,0.0,0.0,0.0,0.0,0.0,0.0,0.0,0.0,0.0,0.0,0.0,0.0,0.0,0.0,0.0,0.0,0.0,0.0,0.0,0.0,0.016113237938826904,0.016113237938826904,0.016113237938826904,-0.0006993391191685923,-0.0006993391191685923,-0.0006993391191685923,0.016812577057995496,0.016812577057995496,0.016812577057995496,0.0,0.0,0.0,10547944.16094293
2025-07-15,10393110.437544458,10456286.820773097,10630814.098563004,10393110.437544458,10393110.437544458,0.0,0.0,0.0,0.0,0.0,0.0,0.0,0.0,0.0,0.0,0.0,0.0,0.0,0.0,0.0,0.0,0.0,0.0,0.0,0.0,0.0,0.0,0.0,0.0,0.0,0.0,0.0,0.0,0.0,0.0,0.0,0.0,0.0,0.014737332409936089,0.014737332409936089,0.014737332409936089,-0.0009328826298024935,-0.0009328826298024935,-0.0009328826298024935,0.01567021503973858,0.01567021503973858,0.01567021503973858,0.0,0.0,0.0,10546277.160835726
2025-07-16,10405543.045972839,10462625.080587717,10636479.122207062,10405543.045972839,10405543.045972839,0.0,0.0,0.0,0.0,0.0,0.0,0.0,0.0,0.0,0.0,0.0,0.0,0.0,0.0,0.0,0.0,0.0,0.0,0.0,0.0,0.0,0.0,0.0,0.0,0.0,0.0,0.0,0.0,0.0,0.0,0.0,0.0,0.0,0.01423696939798687,0.01423696939798687,0.01423696939798687,-0.0002763532964419893,-0.0002763532964419893,-0.0002763532964419893,0.014513322694428859,0.014513322694428859,0.014513322694428859,0.0,0.0,0.0,10553686.44388779
2025-07-17,10417975.654401222,10468510.376695266,10647374.836552572,10417975.654401222,10417975.654401222,0.0,0.0,0.0,0.0,0.0,0.0,0.0,0.0,0.0,0.0,0.0,0.0,0.0,0.0,0.0,0.0,0.0,0.0,0.0,0.0,0.0,0.0,0.0,0.0,0.0,0.0,0.0,0.0,0.0,0.0,0.0,0.0,0.0,0.0133168168667427,0.0133168168667427,0.0133168168667427,-3.356731100008114e-05,-3.356731100008114e-05,-3.356731100008114e-05,0.013350384177742782,0.013350384177742782,0.013350384177742782,0.0,0.0,0.0,10556709.928313069
2025-07-18,10430408.262829604,10468767.855750041,10648898.653166933,10430408.262829604,10430408.262829604,0.0,0.0,0.0,0.0,0.0,0.0,0.0,0.0,0.0,0.0,0.0,0.0,0.0,0.0,0.0,0.0,0.0,0.0,0.0,0.0,0.0,0.0,0.0,0.0,0.0,0.0,0.0,0.0,0.0,0.0,0.0,0.0,0.0,0.012184401696842718,0.012184401696842718,0.012184401696842718,-4.983770820661223e-06,-4.983770820661223e-06,-4.983770820661223e-06,0.01218938546766338,0.01218938546766338,0.01218938546766338,0.0,0.0,0.0,10557496.546965986
2025-07-19,10442840.871257987,10476309.283034604,10651971.077511143,10442629.95866491,10443133.292883497,0.0,0.0,0.0,0.0,0.0,0.0,0.0,0.0,0.0,0.0,0.0,0.0,0.0,0.0,0.0,0.0,0.0,0.0,0.0,0.0,0.0,0.0,0.0,0.0,0.0,0.0,0.0,0.0,0.0,0.0,0.0,0.0,0.0,0.011690424819008045,0.011690424819008045,0.011690424819008045,0.0006527986307410974,0.0006527986307410974,0.0006527986307410974,0.011037626188266949,0.011037626188266949,0.011037626188266949,0.0,0.0,0.0,10564922.117360292
2025-07-20,10455273.47968637,10488066.359586433,10657865.556692597,10454818.33105281,10455841.735497218,0.0,0.0,0.0,0.0,0.0,0.0,0.0,0.0,0.0,0.0,0.0,0.0,0.0,0.0,0.0,0.0,0.0,0.0,0.0,0.0,0.0,0.0,0.0,0.0,0.0,0.0,0.0,0.0,0.0,0.0,0.0,0.0,0.0,0.011195880924698955,0.011195880924698955,0.011195880924698955,0.0012943274964954826,0.0012943274964954826,0.0012943274964954826,0.009901553428203471,0.009901553428203471,0.009901553428203471,0.0,0.0,0.0,10572329.476600103
2025-07-21,10467706.088114752,10457940.864607435,10639396.700873248,10466743.355491543,10468767.912820635,0.0,0.0,0.0,0.0,0.0,0.0,0.0,0.0,0.0,0.0,0.0,0.0,0.0,0.0,0.0,0.0,0.0,0.0,0.0,0.0,0.0,0.0,0.0,0.0,0.0,0.0,0.0,0.0,0.0,0.0,0.0,0.0,0.0,0.008087283150174433,0.008087283150174433,0.008087283150174433,-0.0006993391191701833,-0.0006993391191701833,-0.0006993391191701833,0.008786622269344615,0.008786622269344615,0.008786622269344615,0.0,0.0,0.0,10552361.39118214
2025-07-22,10480138.696543135,10462364.523189526,10639959.69616599,10478392.967903033,10481533.338530963,0.0,0.0,0.0,0.0,0.0,0.0,0.0,0.0,0.0,0.0,0.0,0.0,0.0,0.0,0.0,0.0,0.0,0.0,0.0,0.0,0.0,0.0,0.0,0.0,0.0,0.0,0.0,0.0,0.0,0.0,0.0,0.0,0.0,0.006764304309202953,0.006764304309202953,0.006764304309202953,-0.0009328826298024367,-0.0009328826298024367,-0.0009328826298024367,0.00769718693900539,0.00769718693900539,0.00769718693900539,0.0,0.0,0.0,10551029.543889206
2025-07-23,10492571.304971514,10468231.204620874,10648463.21162417,10490046.625871208,10494257.055076815,0.0,0.0,0.0,0.0,0.0,0.0,0.0,0.0,0.0,0.0,0.0,0.0,0.0,0.0,0.0,0.0,0.0,0.0,0.0,0.0,0.0,0.0,0.0,0.0,0.0,0.0,0.0,0.0,0.0,0.0,0.0,0.0,0.0,0.006360072286499442,0.006360072286499442,0.006360072286499442,-0.0002763532964460083,-0.0002763532964460083,-0.0002763532964460083,0.00663642558294545,0.00663642558294545,0.00663642558294545,0.0,0.0,0.0,10559304.816942383
2025-07-24,10505003.913399898,10470690.792734567,10653133.635737702,10501614.832477154,10507346.636320634,0.0,0.0,0.0,0.0,0.0,0.0,0.0,0.0,0.0,0.0,0.0,0.0,0.0,0.0,0.0,0.0,0.0,0.0,0.0,0.0,0.0,0.0,0.0,0.0,0.0,0.0,0.0,0.0,0.0,0.0,0.0,0.0,0.0,0.005572733341952374,0.005572733341952374,0.005572733341952374,-3.3567310999014944e-05,-3.3567310999014944e-05,-3.3567310999014944e-05,0.005606300652951389,0.005606300652951389,0.005606300652951389,0.0,0.0,0.0,10563545.498965442
2025-07-25,10517436.521828279,10479005.022936964,10655914.890373884,10513506.242898112,10520206.234050738,0.0,0.0,0.0,0.0,0.0,0.0,0.0,0.0,0.0,0.0,0.0,0.0,0.0,0.0,0.0,0.0,0.0,0.0,0.0,0.0,0.0,0.0,0.0,0.0,0.0,0.0,0.0,0.0,0.0,0.0,0.0,0.0,0.0,0.004602572071220973,0.004602572071220973,0.004602572071220973,-4.9837708199928935e-06,-4.9837708199928935e-06,-4.9837708199928935e-06,0.004607555842040966,0.004607555842040966,0.004607555842040966,0.0,0.0,0.0,10565843.781424485
2025-07-26,10529869.130256662,10482938.671688745,10664360.849474257,10524936.19135402,10533400.829670547,0.0,0.0,0.0,0.0,0.0,0.0,0.0,0.0,0.0,0.0,0.0,0.0,0.0,0.0,0.0,0.0,0.0,0.0,0.0,0.0,0.0,0.0,0.0,0.0,0.0,0.0,0.0,0.0,0.0,0.0,0.0,0.0,0.0,0.004292548044374418,0.004292548044374418,0.004292548044374418,0.000652798630742607,0.000652798630742607,0.000652798630742607,0.003639749413631811,0.003639749413631811,0.003639749413631811,0.0,0.0,0.0,10575069.099399265
2025-07-27,10542301.738685044,10495837.624834748,10672645.463075548,10536095.962064808,10546393.564910641,0.0,0.0,0.0,0.0,0.0,0.0,0.0,0.0,0.0,0.0,0.0,0.0,0.0,0.0,0.0,0.0,0.0,0.0,0.0,0.0,0.0,0.0,0.0,0.0,0.0,0.0,0.0,0.0,0.0,0.0,0.0,0.0,0.0,0.0039956501868706725,0.0039956501868706725,0.0039956501868706725,0.0012943274964946612,0.0012943274964946612,0.0012943274964946612,0.002701322690376012,0.002701322690376012,0.002701322690376012,0.0,0.0,0.0,10584425.088597268
2025-07-28,10554734.347113427,10479126.889083749,10659513.70274444,10547463.629190182,10559650.34019585,0.0,0.0,0.0,0.0,0.0,0.0,0.0,0.0,0.0,0.0,0.0,0.0,0.0,0.0,0.0,0.0,0.0,0.0,0.0,0.0,0.0,0.0,0.0,0.0,0.0,0.0,0.0,0.0,0.0,0.0,0.0,0.0,0.0,0.0010903623069435293,0.0010903623069435293,0.0010903623069435293,-0.0006993391191648236,-0.0006993391191648236,-0.0006993391191648236,0.001789701426108353,0.001789701426108353,0.001789701426108353,0.0,0.0,0.0,10566242.831605323
2025-07-29,10567166.955541808,10478137.557157105,10660341.522573046,10558865.203782415,10573051.865424557,0.0,0.0,0.0,0.0,0.0,0.0,0.0,0.0,0.0,0.0,0.0,0.0,0.0,0.0,0.0,0.0,0.0,0.0,0.0,0.0,0.0,0.0,0.0,0.0,0.0,0.0,0.0,0.0,0.0,0.0,0.0,0.0,0.0,-3.14558189682337e-05,-3.14558189682337e-05,-3.14558189682337e-05,-0.00093288262980238,-0.00093288262980238,-0.00093288262980238,0.0009014268108341462,0.0009014268108341462,0.0009014268108341462,0.0,0.0,0.0,10566834.556651048
2025-07-30,10579599.563970191,10486896.653259184,10668511.134408507,10570330.175738823,10586031.292063195,0.0,0.0,0.0,0.0,0.0,0.0,0.0,0.0,0.0,0.0,0.0,0.0,0.0,0.0,0.0,0.0,0.0,0.0,0.0,0.0,0.0,0.0,0.0,0.0,0.0,0.0,0.0,0.0,0.0,0.0,0.0,0.0,0.0,-0.00024404131339469528,-0.00024404131339469528,-0.00024404131339469528,-0.0002763532964417904,-0.0002763532964417904,-0.0002763532964417904,3.231198304709515e-05,3.231198304709515e-05,3.231198304709515e-05,0.0,0.0,0.0,10577017.70459741
2025-07-31,10592032.172398573,10497786.18150607,10673670.170620408,10581814.821055433,10599160.320219764,0.0,0.0,0.0,0.0,0.0,0.0,0.0,0.0,0.0,0.0,0.0,0.0,0.0,0.0,0.0,0.0,0.0,0.0,0.0,0.0,0.0,0.0,0.0,0.0,0.0,0.0,0.0,0.0,0.0,0.0,0.0,0.0,0.0,-0.0008559481394453363,-0.0008559481394453363,-0.0008559481394453363,-3.356731100136508e-05,-3.356731100136508e-05,-3.356731100136508e-05,-0.0008223808284439711,-0.0008223808284439711,-0.0008223808284439711,0.0,0.0,0.0,10582965.942167664
2025-08-01,10604464.780826954,10498027.941916922,10675134.858494392,10593285.539436905,10612428.541978039,0.0,0.0,0.0,0.0,0.0,0.0,0.0,0.0,0.0,0.0,0.0,0.0,0.0,0.0,0.0,0.0,0.0,0.0,0.0,0.0,0.0,0.0,0.0,0.0,0.0,0.0,0.0,0.0,0.0,0.0,0.0,0.0,0.0,-0.001672731788026461,-0.001672731788026461,-0.001672731788026461,-4.983770820785066e-06,-4.983770820785066e-06,-4.983770820785066e-06,-0.001667748017205676,-0.001667748017205676,-0.001667748017205676,0.0,0.0,0.0,10586726.355493058
2025-08-02,10616897.389255336,10510603.991366602,10687760.027984142,10605299.743558371,10625624.356153456,0.0,0.0,0.0,0.0,0.0,0.0,0.0,0.0,0.0,0.0,0.0,0.0,0.0,0.0,0.0,0.0,0.0,0.0,0.0,0.0,0.0,0.0,0.0,0.0,0.0,0.0,0.0,0.0,0.0,0.0,0.0,0.0,0.0,-0.0018562444623428905,-0.0018562444623428905,-0.0018562444623428905,0.000652798630743193,0.000652798630743193,0.000652798630743193,-0.0025090430930860834,-0.0025090430930860834,-0.0025090430930860834,0.0,0.0,0.0,10597189.832269268
2025-08-03,10629329.997683719,10510233.87761091,10700760.048701558,10616886.87604466,10638449.800809655,0.0,0.0,0.0,0.0,0.0,0.0,0.0,0.0,0.0,0.0,0.0,0.0,0.0,0.0,0.0,0.0,0.0,0.0,0.0,0.0,0.0,0.0,0.0,0.0,0.0,0.0,0.0,0.0,0.0,0.0,0.0,0.0,0.0,-0.0020571446531919826,-0.0020571446531919826,-0.0020571446531919826,0.0012943274964938398,0.0012943274964938398,0.0012943274964938398,-0.003351472149685822,-0.003351472149685822,-0.003351472149685822,0.0,0.0,0.0,10607463.92831197
2025-08-04,10641762.6061121,10499701.593060935,10678978.356032869,10628195.985429449,10651480.1015367,0.0,0.0,0.0,0.0,0.0,0.0,0.0,0.0,0.0,0.0,0.0,0.0,0.0,0.0,0.0,0.0,0.0,0.0,0.0,0.0,0.0,0.0,0.0,0.0,0.0,0.0,0.0,0.0,0.0,0.0,0.0,0.0,0.0,-0.004899331698150312,-0.004899331698150312,-0.004899331698150312,-0.0006993391191664146,-0.0006993391191664146,-0.0006993391191664146,-0.004199992578983898,-0.004199992578983898,-0.004199992578983898,0.0,0.0,0.0,10589625.081251785
2025-08-05,10654195.214540483,10501371.897137826,10682197.202835117,10639275.348094795,10664644.419197874,0.0,0.0,0.0,0.0,0.0,0.0,0.0,0.0,0.0,0.0,0.0,0.0,0.0,0.0,0.0,0.0,0.0,0.0,0.0,0.0,0.0,0.0,0.0,0.0,0.0,0.0,0.0,0.0,0.0,0.0,0.0,0.0,0.0,-0.005992003830672853,-0.005992003830672853,-0.005992003830672853,-0.000932882629802323,-0.000932882629802323,-0.000932882629802323,-0.00505912120087053,-0.00505912120087053,-0.00505912120087053,0.0,0.0,0.0,10590355.23600222
2025-08-06,10666627.822968865,10510823.22609088,10692860.49793307,10650800.169823369,10677864.126271164,0.0,0.0,0.0,0.0,0.0,0.0,0.0,0.0,0.0,0.0,0.0,0.0,0.0,0.0,0.0,0.0,0.0,0.0,0.0,0.0,0.0,0.0,0.0,0.0,0.0,0.0,0.0,0.0,0.0,0.0,0.0,0.0,0.0,-0.006209110982031031,-0.006209110982031031,-0.006209110982031031,-0.0002763532964424253,-0.0002763532964424253,-0.0002763532964424253,-0.005932757685588605,-0.005932757685588605,-0.005932757685588605,0.0,0.0,0.0,10600397.547012031
2025-08-07,10679060.431397248,10514530.702354135,10699695.469764754,10662404.41634767,10691807.785793815,0.0,0.0,0.0,0.0,0.0,0.0,0.0,0.0,0.0,0.0,0.0,0.0,0.0,0.0,0.0,0.0,0.0,0.0,0.0,0.0,0.0,0.0,0.0,0.0,0.0,0.0,0.0,0.0,0.0,0.0,0.0,0.0,0.0,-0.006857595993145202,-0.006857595993145202,-0.006857595993145202,-3.356731100029889e-05,-3.356731100029889e-05,-3.356731100029889e-05,-0.006824028682144902,-0.006824028682144902,-0.006824028682144902,0.0,0.0,0.0,10605827.749372343
2025-08-08,10691493.039825631,10520647.377564533,10706632.956329713,10673608.45775472,10705275.375212543,0.0,0.0,0.0,0.0,0.0,0.0,0.0,0.0,0.0,0.0,0.0,0.0,0.0,0.0,0.0,0.0,0.0,0.0,0.0,0.0,0.0,0.0,0.0,0.0,0.0,0.0,0.0,0.0,0.0,0.0,0.0,0.0,0.0,-0.007740141209917765,-0.007740141209917765,-0.007740141209917765,-4.983770821966385e-06,-4.983770821966385e-06,-4.983770821966385e-06,-0.007735157439095799,-0.007735157439095799,-0.007735157439095799,0.0,0.0,0.0,10608739.373952528
2025-08-09,10703925.648254013,10520488.09569701,10709504.358530536,10684876.014823005,10718474.202750659,0.0,0.0,0.0,0.0,0.0,0.0,0.0,0.0,0.0,0.0,0.0,0.0,0.0,0.0,0.0,0.0,0.0,0.0,0.0,0.0,0.0,0.0,0.0,0.0,0.0,0.0,0.0,0.0,0.0,0.0,0.0,0.0,0.0,-0.008014564303913759,-0.008014564303913759,-0.008014564303913759,0.0006527986307437793,0.0006527986307437793,0.0006527986307437793,-0.008667362934657539,-0.008667362934657539,-0.008667362934657539,0.0,0.0,0.0,10618138.34784177
2025-08-10,10716358.256682392,10528618.190485792,10715194.406746661,10695501.78599632,10732009.264296826,0.0,0.0,0.0,0.0,0.0,0.0,0.0,0.0,0.0,0.0,0.0,0.0,0.0,0.0,0.0,0.0,0.0,0.0,0.0,0.0,0.0,0.0,0.0,0.0,0.0,0.0,0.0,0.0,0.0,0.0,0.0,0.0,0.0,-0.008326464146557208,-0.008326464146557208,-0.008326464146557208,0.0012943274964934256,0.0012943274964934256,0.0012943274964934256,-0.009620791643050634,-0.009620791643050634,-0.009620791643050634,0.0,0.0,0.0,10627128.883876463
2025-08-11,10728790.865110775,10512770.086894589,10693381.721489646,10707995.827643296,10745188.317222226,0.0,0.0,0.0,0.0,0.0,0.0,0.0,0.0,0.0,0.0,0.0,0.0,0.0,0.0,0.0,0.0,0.0,0.0,0.0,0.0,0.0,0.0,0.0,0.0,0.0,0.0,0.0,0.0,0.0,0.0,0.0,0.0,0.0,-0.011293823199405474,-0.011293823199405474,-0.011293823199405474,-0.0006993391191668921,-0.0006993391191668921,-0.0006993391191668921,-0.010594484080238583,-0.010594484080238583,-0.010594484080238583,0.0,0.0,0.0,10607621.797936818
2025-08-12,10741223.473539159,10504733.805660227,10693302.716886993,10719335.093258059,10758284.748696603,0.0,0.0,0.0,0.0,0.0,0.0,0.0,0.0,0.0,0.0,0.0,0.0,0.0,0.0,0.0,0.0,0.0,0.0,0.0,0.0,0.0,0.0,0.0,0.0,0.0,0.0,0.0,0.0,0.0,0.0,0.0,0.0,0.0,-0.01251925985323474,-0.01251925985323474,-0.01251925985323474,-0.0009328826298010596,-0.0009328826298010596,-0.0009328826298010596,-0.01158637722343368,-0.01158637722343368,-0.01158637722343368,0.0,0.0,0.0,10606751.305732258
2025-08-13,10753656.08196754,10517136.696409186,10708995.155164639,10730731.586135425,10770978.338568248,0.0,0.0,0.0,0.0,0.0,0.0,0.0,0.0,0.0,0.0,0.0,0.0,0.0,0.0,0.0,0.0,0.0,0.0,0.0,0.0,0.0,0.0,0.0,0.0,0.0,0.0,0.0,0.0,0.0,0.0,0.0,0.0,0.0,-0.012869696112621126,-0.012869696112621126,-0.012869696112621126,-0.0002763532964448268,-0.0002763532964448268,-0.0002763532964448268,-0.012593342816176299,-0.012593342816176299,-0.012593342816176299,0.0,0.0,0.0,10615259.796092978
2025-08-14,10766088.690395923,10518413.081304384,10714302.101193206,10742036.134647118,10784738.668926936,0.0,0.0,0.0,0.0,0.0,0.0,0.0,0.0,0.0,0.0,0.0,0.0,0.0,0.0,0.0,0.0,0.0,0.0,0.0,0.0,0.0,0.0,0.0,0.0,0.0,0.0,0.0,0.0,0.0,0.0,0.0,0.0,0.0,-0.013644827797422805,-0.013644827797422805,-0.013644827797422805,-3.356731099923269e-05,-3.356731099923269e-05,-3.356731099923269e-05,-0.013611260486423572,-0.013611260486423572,-0.013611260486423572,0.0,0.0,0.0,10619187.26416369
2025-08-15,10778521.298824305,10479382.207092732,10666126.131175168,10752629.017969154,10798560.78678922,0.0,0.0,0.0,-0.0044775376,-0.0044775376,-0.0044775376,0.0,0.0,0.0,0.0,0.0,0.0,0.0,0.0,0.0,0.0,0.0,0.0,0.0,0.0,0.0,0.0,0.0,0.0,0.0,0.0,0.0,0.0,0.0,0.0,-0.0044775376,-0.0044775376,-0.0044775376,-0.01911764492181197,-0.01911764492181197,-0.01911764492181197,-4.983770822758476e-06,-4.983770822758476e-06,-4.983770822758476e-06,-0.014635123550989212,-0.014635123550989212,-0.014635123550989212,0.0,0.0,0.0,10572461.355851194
2025-08-16,10790953.907252688,10532713.680407329,10724819.592503082,10764327.895911878,10812563.941640202,0.0,0.0,0.0,0.0,0.0,0.0,0.0,0.0,0.0,0.0,0.0,0.0,0.0,0.0,0.0,0.0,0.0,0.0,0.0,0.0,0.0,0.0,0.0,0.0,0.0,0.0,0.0,0.0,0.0,0.0,0.0,0.0,0.0,-0.015006375756592331,-0.015006375756592331,-0.015006375756592331,0.0006527986307399795,0.0006527986307399795,0.0006527986307399795,-0.01565917438733231,-0.01565917438733231,-0.01565917438733231,0.0,0.0,0.0,10629020.798148386
2025-08-17,10803386.51568107,10535755.801987628,10728333.674189154,10775643.116795652,10826877.000933005,0.0,0.0,0.0,0.0,0.0,0.0,0.0,0.0,0.0,0.0,0.0,0.0,0.0,0.0,0.0,0.0,0.0,0.0,0.0,0.0,0.0,0.0,0.0,0.0,0.0,0.0,0.0,0.0,0.0,0.0,0.0,0.0,0.0,-0.015382737855703236,-0.015382737855703236,-0.015382737855703236,0.001294327496492604,0.001294327496492604,0.001294327496492604,-0.01667706535219584,-0.01667706535219584,-0.01667706535219584,0.0,0.0,0.0,10637200.85295651
2025-08-18,10815819.12410945,10531351.539650783,10711777.502443701,10786247.272327278,10840786.969433047,0.0,0.0,0.0,0.0,0.0,0.0,0.0,0.0,0.0,0.0,0.0,0.0,0.0,0.0,0.0,0.0,0.0,0.0,0.0,0.0,0.0,0.0,0.0,0.0,0.0,0.0,0.0,0.0,0.0,0.0,0.0,0.0,0.0,-0.018381379562334,-0.018381379562334,-0.018381379562334,-0.0006993391191684829,-0.0006993391191684829,-0.0006993391191684829,-0.017682040443165518,-0.017682040443165518,-0.017682040443165518,0.0,0.0,0.0,10617009.447511645
2025-08-19,10828251.732537832,10518096.699817847,10714802.424348604,10797913.343838261,10854661.24414137,0.0,0.0,0.0,0.0,0.0,0.0,0.0,0.0,0.0,0.0,0.0,0.0,0.0,0.0,0.0,0.0,0.0,0.0,0.0,0.0,0.0,0.0,0.0,0.0,0.0,0.0,0.0,0.0,0.0,0.0,0.0,0.0,0.0,-0.01960001488673661,-0.01960001488673661,-0.01960001488673661,-0.0009328826298028283,-0.0009328826298028283,-0.0009328826298028283,-0.018667132256933783,-0.018667132256933783,-0.018667132256933783,0.0,0.0,0.0,10616017.83738276
2025-08-20,10840684.340966215,10530238.683320088,10713888.27676729,10808778.824004907,10868664.131967157,0.0,0.0,0.0,0.0,0.0,0.0,0.0,0.0,0.0,0.0,0.0,0.0,0.0,0.0,0.0,0.0,0.0,0.0,0.0,0.0,0.0,0.0,0.0,0.0,0.0,0.0,0.0,0.0,0.0,0.0,0.0,0.0,0.0,-0.019901721612772354,-0.019901721612772354,-0.019901721612772354,-0.00027635329644546156,-0.00027635329644546156,-0.00027635329644546156,-0.019625368316326892,-0.019625368316326892,-0.019625368316326892,0.0,0.0,0.0,10624936.059120364
2025-08-21,10853116.949394597,10531450.899566583,10728324.75005146,10819756.15139262,10882880.944932247,0.0,0.0,0.0,0.0,0.0,0.0,0.0,0.0,0.0,0.0,0.0,0.0,0.0,0.0,0.0,0.0,0.0,0.0,0.0,0.0,0.0,0.0,0.0,0.0,0.0,0.0,0.0,0.0,0.0,0.0,0.0,0.0,0.0,-0.020583547842377772,-0.020583547842377772,-0.020583547842377772,-3.356731100158283e-05,-3.356731100158283e-05,-3.356731100158283e-05,-0.020549980531376192,-0.020549980531376192,-0.020549980531376192,0.0,0.0,0.0,10629721.29742781
2025-08-22,10865549.55782298,10540131.566881355,10732870.77260533,10830816.164536178,10896754.182571655,0.0,0.0,0.0,0.0,0.0,0.0,0.0,0.0,0.0,0.0,0.0,0.0,0.0,0.0,0.0,0.0,0.0,0.0,0.0,0.0,0.0,0.0,0.0,0.0,0.0,0.0,0.0,0.0,0.0,0.0,0.0,0.0,0.0,-0.021439595208201302,-0.021439595208201302,-0.021439595208201302,-4.983770820629754e-06,-4.983770820629754e-06,-4.983770820629754e-06,-0.021434611437380673,-0.021434611437380673,-0.021434611437380673,0.0,0.0,0.0,10632596.573588604
2025-08-23,10877982.166251361,10540337.023819419,10737420.328857131,10841966.733305996,10910582.582279658,0.0,0.0,0.0,0.0,0.0,0.0,0.0,0.0,0.0,0.0,0.0,0.0,0.0,0.0,0.0,0.0,0.0,0.0,0.0,0.0,0.0,0.0,0.0,0.0,0.0,0.0,0.0,0.0,0.0,0.0,0.0,0.0,0.0,-0.02162071228830648,-0.02162071228830648,-0.02162071228830648,0.0006527986307405655,0.0006527986307405655,0.0006527986307405655,-0.022273510919047047,-0.022273510919047047,-0.022273510919047047,0.0,0.0,0.0,10642792.443557512
2025-08-24,10890414.774679745,10545911.365129424,10753733.361752428,10852746.277116407,10924198.823101452,0.0,0.0,0.0,0.0,0.0,0.0,0.0,0.0,0.0,0.0,0.0,0.0,0.0,0.0,0.0,0.0,0.0,0.0,0.0,0.0,0.0,0.0,0.0,0.0,0.0,0.0,0.0,0.0,0.0,0.0,0.0,0.0,0.0,-0.02176738988614901,-0.02176738988614901,-0.02176738988614901,0.001294327496495644,0.001294327496495644,0.001294327496495644,-0.023061717382644654,-0.023061717382644654,-0.023061717382644654,0.0,0.0,0.0,10653358.870257413
2025-08-25,10902847.383108126,10536779.268939951,10736041.806443922,10864707.118650405,10937576.974982962,0.0,0.0,0.0,0.0,0.0,0.0,0.0,0.0,0.0,0.0,0.0,0.0,0.0,0.0,0.0,0.0,0.0,0.0,0.0,0.0,0.0,0.0,0.0,0.0,0.0,0.0,0.0,0.0,0.0,0.0,0.0,0.0,0.0,-0.0244945568900463,-0.0244945568900463,-0.0244945568900463,-0.0006993391191700738,-0.0006993391191700738,-0.0006993391191700738,-0.023795217770876228,-0.023795217770876228,-0.023795217770876228,0.0,0.0,0.0,10635786.967619091
2025-08-26,10915279.99153651,10537629.94991002,10736756.781540198,10875725.742191633,10952477.605092017,0.0,0.0,0.0,0.0,0.0,0.0,0.0,0.0,0.0,0.0,0.0,0.0,0.0,0.0,0.0,0.0,0.0,0.0,0.0,0.0,0.0,0.0,0.0,0.0,0.0,0.0,0.0,0.0,0.0,0.0,0.0,0.0,0.0,-0.025403964045178532,-0.025403964045178532,-0.025403964045178532,-0.0009328826298027717,-0.0009328826298027717,-0.0009328826298027717,-0.02447108141537576,-0.02447108141537576,-0.02447108141537576,0.0,0.0,0.0,10637988.611088458
2025-08-27,10927712.599964889,10542692.951385872,10751714.952923784,10886657.133872734,10966986.368891276,0.0,0.0,0.0,0.0,0.0,0.0,0.0,0.0,0.0,0.0,0.0,0.0,0.0,0.0,0.0,0.0,0.0,0.0,0.0,0.0,0.0,0.0,0.0,0.0,0.0,0.0,0.0,0.0,0.0,0.0,0.0,0.0,0.0,-0.025363916768568917,-0.025363916768568917,-0.025363916768568917,-0.000276353296444479,-0.000276353296444479,-0.000276353296444479,-0.025087563472124437,-0.025087563472124437,-0.025087563472124437,0.0,0.0,0.0,10650543.007108537
2025-08-28,10940145.208393272,10554307.232451225,10760321.858773984,10897484.298471434,10980972.446256083,0.0,0.0,0.0,0.0,0.0,0.0,0.0,0.0,0.0,0.0,0.0,0.0,0.0,0.0,0.0,0.0,0.0,0.0,0.0,0.0,0.0,0.0,0.0,0.0,0.0,0.0,0.0,0.0,0.0,0.0,0.0,0.0,0.0,-0.025677741874920928,-0.025677741874920928,-0.025677741874920928,-3.356731100051664e-05,-3.356731100051664e-05,-3.356731100051664e-05,-0.025644174563920413,-0.025644174563920413,-0.025644174563920413,0.0,0.0,0.0,10659226.983657997
2025-08-29,10952577.816821653,10560358.371205,10760258.899702605,10907623.58832623,10995377.486783486,0.0,0.0,0.0,0.0,0.0,0.0,0.0,0.0,0.0,0.0,0.0,0.0,0.0,0.0,0.0,0.0,0.0,0.0,0.0,0.0,0.0,0.0,0.0,0.0,0.0,0.0,0.0,0.0,0.0,0.0,0.0,0.0,0.0,-0.02614669800678613,-0.02614669800678613,-0.02614669800678613,-4.983770821421953e-06,-4.983770821421953e-06,-4.983770821421953e-06,-0.02614171423596471,-0.02614171423596471,-0.02614171423596471,0.0,0.0,0.0,10666204.072249392
2025-08-30,10965010.425250037,10581480.72226552,10778956.64116882,10917537.648682049,11009548.46446428,0.0,0.0,0.0,0.0,0.0,0.0,0.0,0.0,0.0,0.0,0.0,0.0,0.0,0.0,0.0,0.0,0.0,0.0,0.0,0.0,0.0,0.0,0.0,0.0,0.0,0.0,0.0,0.0,0.0,0.0,0.0,0.0,0.0,-0.02592946825604063,-0.02592946825604063,-0.02592946825604063,0.0006527986307411518,0.0006527986307411518,0.0006527986307411518,-0.02658226688678178,-0.02658226688678178,-0.02658226688678178,0.0,0.0,0.0,10680693.53550136
2025-08-31,10977443.03367842,10592374.803011328,10800496.172953548,10927692.56396648,11023216.47090209,0.0,0.0,0.0,0.0,0.0,0.0,0.0,0.0,0.0,0.0,0.0,0.0,0.0,0.0,0.0,0.0,0.0,0.0,0.0,0.0,0.0,0.0,0.0,0.0,0.0,0.0,0.0,0.0,0.0,0.0,0.0,0.0,0.0,-0.025674832440126208,-0.025674832440126208,-0.025674832440126208,0.0012943274964948227,0.0012943274964948227,0.0012943274964948227,-0.026969159936621034,-0.026969159936621034,-0.026969159936621034,0.0,0.0,0.0,10695599.023167696
2025-09-01,10989875.642106801,10573821.09580801,10783541.677325334,10939054.050003977,11037901.355680916,0.0,0.0,0.0,0.0,0.0,0.0,0.0,0.0,0.0,0.0,0.0,0.0,0.0,0.0,0.0,0.0,0.0,0.0,0.0,0.0,0.0,0.0,0.0,0.0,0.0,0.0,0.0,0.0,0.0,0.0,0.0,0.0,0.0,-0.028006224225941703,-0.028006224225941703,-0.028006224225941703,-0.0006993391191705515,-0.0006993391191705515,-0.0006993391191705515,-0.02730688510677115,-0.02730688510677115,-0.02730688510677115,0.0,0.0,0.0,10682090.720658744
2025-09-02,11002308.250535185,10578628.962707544,10789661.151540883,10950330.191965712,11052007.70005272,0.0,0.0,0.0,0.0,0.0,0.0,0.0,0.0,0.0,0.0,0.0,0.0,0.0,0.0,0.0,0.0,0.0,0.0,0.0,0.0,0.0,0.0,0.0,0.0,0.0,0.0,0.0,0.0,0.0,0.0,0.0,0.0,0.0,-0.028533867403343363,-0.028533867403343363,-0.028533867403343363,-0.0009328826298039214,-0.0009328826298039214,-0.0009328826298039214,-0.027600984773539443,-0.027600984773539443,-0.027600984773539443,0.0,0.0,0.0,10688369.845783703
2025-09-03,11014740.858963566,10600393.40064855,10812244.65383954,10960815.35063719,11066120.10656107,0.0,0.0,0.0,0.0,0.0,0.0,0.0,0.0,0.0,0.0,0.0,0.0,0.0,0.0,0.0,0.0,0.0,0.0,0.0,0.0,0.0,0.0,0.0,0.0,0.0,0.0,0.0,0.0,0.0,0.0,0.0,0.0,0.0,-0.0281342596943795,-0.0281342596943795,-0.0281342596943795,-0.0002763532964434963,-0.0002763532964434963,-0.0002763532964434963,-0.027857906397936002,-0.027857906397936002,-0.027857906397936002,0.0,0.0,0.0,10704849.279171191
2025-09-04,11027173.46739195,10606165.649852535,10819253.297470268,10972284.902681265,11079947.23271551,0.0,0.0,0.0,0.0,0.0,0.0,0.0,0.0,0.0,0.0,0.0,0.0,0.0,0.0,0.0,0.0,0.0,0.0,0.0,0.0,0.0,0.0,0.0,0.0,0.0,0.0,0.0,0.0,0.0,0.0,0.0,0.0,0.0,-0.028118396296932486,-0.028118396296932486,-0.028118396296932486,-3.356731099976455e-05,-3.356731099976455e-05,-3.356731099976455e-05,-0.028084828985932724,-0.028084828985932724,-0.028084828985932724,0.0,0.0,0.0,10717107.033800803
2025-09-05,11039606.075820329,10622004.008921,10827141.807201754,10981362.365007592,11093507.133141194,0.0,0.0,0.0,0.0,0.0,0.0,0.0,0.0,0.0,0.0,0.0,0.0,0.0,0.0,0.0,0.0,0.0,0.0,0.0,0.0,0.0,0.0,0.0,0.0,0.0,0.0,0.0,0.0,0.0,0.0,0.0,0.0,0.0,-0.028294450147363894,-0.028294450147363894,-0.028294450147363894,-4.983770822214017e-06,-4.983770822214017e-06,-4.983770822214017e-06,-0.028289466376541682,-0.028289466376541682,-0.028289466376541682,0.0,0.0,0.0,10727246.492061496
2025-09-06,11052038.684248712,10626145.893326141,10854875.295989666,10991969.267044539,11107223.334072974,0.0,0.0,0.0,0.0,0.0,0.0,0.0,0.0,0.0,0.0,0.0,0.0,0.0,0.0,0.0,0.0,0.0,0.0,0.0,0.0,0.0,0.0,0.0,0.0,0.0,0.0,0.0,0.0,0.0,0.0,0.0,0.0,0.0,-0.027827054230000092,-0.027827054230000092,-0.027827054230000092,0.0006527986307426614,0.0006527986307426614,0.0006527986307426614,-0.028479852860742755,-0.028479852860742755,-0.028479852860742755,0.0,0.0,0.0,10744493.004430065
2025-09-07,11064471.292677093,10646079.649898062,10863569.806677433,11000728.215304086,11121052.770472463,0.0,0.0,0.0,0.0,0.0,0.0,0.0,0.0,0.0,0.0,0.0,0.0,0.0,0.0,0.0,0.0,0.0,0.0,0.0,0.0,0.0,0.0,0.0,0.0,0.0,0.0,0.0,0.0,0.0,0.0,0.0,0.0,0.0,-0.027369789686467534,-0.027369789686467534,-0.027369789686467534,0.0012943274964942048,0.0012943274964942048,0.0012943274964942048,-0.02866411718296174,-0.02866411718296174,-0.02866411718296174,0.0,0.0,0.0,10761639.040404564
2025-09-08,11076903.901105477,10647850.219498709,10856095.019301549,11010719.4799698,11135286.686188659,0.0,0.0,0.0,0.0,0.0,0.0,0.0,0.0,0.0,0.0,0.0,0.0,0.0,0.0,0.0,0.0,0.0,0.0,0.0,0.0,0.0,0.0,0.0,0.0,0.0,0.0,0.0,0.0,0.0,0.0,0.0,0.0,0.0,-0.029549590470723062,-0.029549590470723062,-0.029549590470723062,-0.0006993391191721422,-0.0006993391191721422,-0.0006993391191721422,-0.02885025135155092,-0.02885025135155092,-0.02885025135155092,0.0,0.0,0.0,10749585.927144255
2025-09-09,11089336.509533858,10643467.186000269,10862909.905047359,11019913.311728321,11149334.50517856,0.0,0.0,0.0,0.0,0.0,0.0,0.0,0.0,0.0,0.0,0.0,0.0,0.0,0.0,0.0,0.0,0.0,0.0,0.0,0.0,0.0,0.0,0.0,0.0,0.0,0.0,0.0,0.0,0.0,0.0,0.0,0.0,0.0,-0.029978763504251358,-0.029978763504251358,-0.029978763504251358,-0.0009328826298044834,-0.0009328826298044834,-0.0009328826298044834,-0.029045880874446872,-0.029045880874446872,-0.029045880874446872,0.0,0.0,0.0,10756891.912895482
2025-09-10,11101769.117962241,10670228.968459437,10887000.041203257,11030232.983700432,11164086.269430283,0.0,0.0,0.0,0.0,0.0,0.0,0.0,0.0,0.0,0.0,0.0,0.0,0.0,0.0,0.0,0.0,0.0,0.0,0.0,0.0,0.0,0.0,0.0,0.0,0.0,0.0,0.0,0.0,0.0,0.0,0.0,0.0,0.0,-0.02953439633125853,-0.02953439633125853,-0.02953439633125853,-0.0002763532964425135,-0.0002763532964425135,-0.0002763532964425135,-0.029258043034816012,-0.029258043034816012,-0.029258043034816012,0.0,0.0,0.0,10773885.068854218
2025-09-11,11114201.726390623,10672617.90042225,10898273.001713013,11040037.43072263,11178001.239679646,0.0,0.0,0.0,0.0,0.0,0.0,0.0,0.0,0.0,0.0,0.0,0.0,0.0,0.0,0.0,0.0,0.0,0.0,0.0,0.0,0.0,0.0,0.0,0.0,0.0,0.0,0.0,0.0,0.0,0.0,0.0,0.0,0.0,-0.029526546939543142,-0.029526546939543142,-0.029526546939543142,-3.356731099869835e-05,-3.356731099869835e-05,-3.356731099869835e-05,-0.029492979628544445,-0.029492979628544445,-0.029492979628544445,0.0,0.0,0.0,10786037.727420798
2025-09-12,11126634.334819006,10683559.850838106,10909801.656255703,11050418.385636378,11191558.955834141,0.0,0.0,0.0,0.0,0.0,0.0,0.0,0.0,0.0,0.0,0.0,0.0,0.0,0.0,0.0,0.0,0.0,0.0,0.0,0.0,0.0,0.0,0.0,0.0,0.0,0.0,0.0,0.0,0.0,0.0,0.0,0.0,0.0,-0.02976093397688792,-0.02976093397688792,-0.02976093397688792,-4.983770821934862e-06,-4.983770821934862e-06,-4.983770821934862e-06,-0.029755950206065983,-0.029755950206065983,-0.029755950206065983,0.0,0.0,0.0,10795495.304995483
2025-09-13,11139066.943247385,10691710.63889417,10923157.621995123,11060604.166133914,11205644.809159858,0.0,0.0,0.0,0.0,0.0,0.0,0.0,0.0,0.0,0.0,0.0,0.0,0.0,0.0,0.0,0.0,0.0,0.0,0.0,0.0,0.0,0.0,0.0,0.0,0.0,0.0,0.0,0.0,0.0,0.0,0.0,0.0,0.0,-0.02939827267497323,-0.02939827267497323,-0.02939827267497323,0.0006527986307423242,0.0006527986307423242,0.0006527986307423242,-0.030051071305715552,-0.030051071305715552,-0.030051071305715552,0.0,0.0,0.0,10811597.615905019
2025-09-14,11151499.551675769,10712688.51880477,10946820.508814571,11071328.400584156,11219974.480673432,0.0,0.0,0.0,0.0,0.0,0.0,0.0,0.0,0.0,0.0,0.0,0.0,0.0,0.0,0.0,0.0,0.0,0.0,0.0,0.0,0.0,0.0,0.0,0.0,0.0,0.0,0.0,0.0,0.0,0.0,0.0,0.0,0.0,-0.02908685895370505,-0.02908685895370505,-0.02908685895370505,0.0012943274964935872,0.0012943274964935872,0.0012943274964935872,-0.030381186450198636,-0.030381186450198636,-0.030381186450198636,0.0,0.0,0.0,10827137.45709387
2025-09-15,11163932.16010415,10688676.89228808,10935230.590864,11082486.780597862,11234551.863100693,0.0,0.0,0.0,0.0,0.0,0.0,0.0,0.0,0.0,0.0,0.0,0.0,0.0,0.0,0.0,0.0,0.0,0.0,0.0,0.0,0.0,0.0,0.0,0.0,0.0,0.0,0.0,0.0,0.0,0.0,0.0,0.0,0.0,-0.031447109941395296,-0.031447109941395296,-0.031447109941395296,-0.0006993391191667827,-0.0006993391191667827,-0.0006993391191667827,-0.030747770822228515,-0.030747770822228515,-0.030747770822228515,0.0,0.0,0.0,10812858.758087076
2025-09-16,11176364.768532533,10707499.63154863,10939167.108116394,11093880.986619027,11248842.882095335,0.0,0.0,0.0,0.0,0.0,0.0,0.0,0.0,0.0,0.0,0.0,0.0,0.0,0.0,0.0,0.0,0.0,0.0,0.0,0.0,0.0,0.0,0.0,0.0,0.0,0.0,0.0,0.0,0.0,0.0,0.0,0.0,0.0,-0.03208375619400454,-0.03208375619400454,-0.03208375619400454,-0.0009328826298044266,-0.0009328826298044266,-0.0009328826298044266,-0.031150873564200113,-0.031150873564200113,-0.031150873564200113,0.0,0.0,0.0,10817785.006163673
2025-09-17,11188797.376960915,10703239.29715107,10955235.228654986,11105946.93717262,11263472.890733276,0.0,0.0,0.0,0.0,0.0,0.0,0.0,0.0,0.0,0.0,0.0,0.0,0.0,0.0,0.0,0.0,0.0,0.0,0.0,0.0,0.0,0.0,0.0,0.0,0.0,0.0,0.0,0.0,0.0,0.0,0.0,0.0,0.0,-0.03186545288422456,-0.03186545288422456,-0.03186545288422456,-0.00027635329644314847,-0.00027635329644314847,-0.00027635329644314847,-0.03158909958778141,-0.03158909958778141,-0.03158909958778141,0.0,0.0,0.0,10832261.281314231
2025-09-18,11201229.985389298,10723292.16703883,10958318.547611771,11116356.79563475,11278231.41024561,0.0,0.0,0.0,0.0,0.0,0.0,0.0,0.0,0.0,0.0,0.0,0.0,0.0,0.0,0.0,0.0,0.0,0.0,0.0,0.0,0.0,0.0,0.0,0.0,0.0,0.0,0.0,0.0,0.0,0.0,0.0,0.0,0.0,-0.03209319897375843,-0.03209319897375843,-0.03209319897375843,-3.356731099934032e-05,-3.356731099934032e-05,-3.356731099934032e-05,-0.03205963166275909,-0.03205963166275909,-0.03205963166275909,0.0,0.0,0.0,10841746.68271737
2025-09-19,11213662.593817681,10728107.873611536,10967763.824589655,11126017.242003422,11293221.044927474,0.0,0.0,0.0,0.0,0.0,0.0,0.0,0.0,0.0,0.0,0.0,0.0,0.0,0.0,0.0,0.0,0.0,0.0,0.0,0.0,0.0,0.0,0.0,0.0,0.0,0.0,0.0,0.0,0.0,0.0,0.0,0.0,0.0,-0.032563276183310084,-0.032563276183310084,-0.032563276183310084,-4.9837708227270345e-06,-4.9837708227270345e-06,-4.9837708227270345e-06,-0.03255829241248736,-0.03255829241248736,-0.03255829241248736,0.0,0.0,0.0,10848509.001748743
2025-09-20,11226095.202246062,10738660.199531417,10985991.468351763,11136345.648564791,11308712.142526722,0.0,0.0,0.0,0.0,0.0,0.0,0.0,0.0,0.0,0.0,0.0,0.0,0.0,0.0,0.0,0.0,0.0,0.0,0.0,0.0,0.0,0.0,0.0,0.0,0.0,0.0,0.0,0.0,0.0,0.0,0.0,0.0,0.0,-0.03242684607777412,-0.03242684607777412,-0.03242684607777412,0.0006527986307394478,0.0006527986307394478,0.0006527986307394478,-0.03307964470851357,-0.03307964470851357,-0.03307964470851357,0.0,0.0,0.0,10862068.34106839
2025-09-21,11238527.810674446,10740641.497668387,11002345.070373643,11147464.659162385,11324195.959702155,0.0,0.0,0.0,0.0,0.0,0.0,0.0,0.0,0.0,0.0,0.0,0.0,0.0,0.0,0.0,0.0,0.0,0.0,0.0,0.0,0.0,0.0,0.0,0.0,0.0,0.0,0.0,0.0,0.0,0.0,0.0,0.0,0.0,-0.03232280036561535,-0.03232280036561535,-0.03232280036561535,0.0012943274964929694,0.0012943274964929694,0.0012943274964929694,-0.03361712786210832,-0.03361712786210832,-0.03361712786210832,0.0,0.0,0.0,10875267.1198466
2025-09-22,11250960.419102825,10723981.821909139,10992251.038938738,11157440.603584457,11338940.219006868,0.0,0.0,0.0,0.0,0.0,0.0,0.0,0.0,0.0,0.0,0.0,0.0,0.0,0.0,0.0,0.0,0.0,0.0,0.0,0.0,0.0,0.0,0.0,0.0,0.0,0.0,0.0,0.0,0.0,0.0,0.0,0.0,0.0,-0.034862565106184705,-0.034862565106184705,-0.034862565106184705,-0.0006993391191683736,-0.0006993391191683736,-0.0006993391191683736,-0.034163225987016335,-0.034163225987016335,-0.034163225987016335,0.0,0.0,0.0,10858723.078984747
2025-09-23,11263393.027531207,10730652.063793689,10989975.93086005,11167563.406631013,11353908.91052434,0.0,0.0,0.0,0.0,0.0,0.0,0.0,0.0,0.0,0.0,0.0,0.0,0.0,0.0,0.0,0.0,0.0,0.0,0.0,0.0,0.0,0.0,0.0,0.0,0.0,0.0,0.0,0.0,0.0,0.0,0.0,0.0,0.0,-0.03564254661473891,-0.03564254661473891,-0.03564254661473891,-0.0009328826298031633,-0.0009328826298031633,-0.0009328826298031633,-0.034709663984935746,-0.034709663984935746,-0.034709663984935746,0.0,0.0,0.0,10861937.016507301
2025-09-24,11275825.63595959,10741796.952592922,11011080.32882086,11177324.701206576,11369112.413199317,0.0,0.0,0.0,0.0,0.0,0.0,0.0,0.0,0.0,0.0,0.0,0.0,0.0,0.0,0.0,0.0,0.0,0.0,0.0,0.0,0.0,0.0,0.0,0.0,0.0,0.0,0.0,0.0,0.0,0.0,0.0,0.0,0.0,-0.035523979106545395,-0.035523979106545395,-0.035523979106545395,-0.0002763532964405482,-0.0002763532964405482,-0.0002763532964405482,-0.03524762581010485,-0.03524762581010485,-0.03524762581010485,0.0,0.0,0.0,10875263.441658713
2025-09-25,11288258.244387973,10755408.863285223,11012885.194975134,11187703.00165369,11383518.609460289,0.0,0.0,0.0,0.0,0.0,0.0,0.0,0.0,0.0,0.0,0.0,0.0,0.0,0.0,0.0,0.0,0.0,0.0,0.0,0.0,0.0,0.0,0.0,0.0,0.0,0.0,0.0,0.0,0.0,0.0,0.0,0.0,0.0,-0.0358015563352087,-0.0358015563352087,-0.0358015563352087,-3.35673109999823e-05,-3.35673109999823e-05,-3.35673109999823e-05,-0.03576798902420871,-0.03576798902420871,-0.03576798902420871,0.0,0.0,0.0,10884121.030925134
2025-09-26,11300690.852816354,10751933.722165328,11014279.957367942,11198503.914392427,11397736.849314947,0.0,0.0,0.0,0.0,0.0,0.0,0.0,0.0,0.0,0.0,0.0,0.0,0.0,0.0,0.0,0.0,0.0,0.0,0.0,0.0,0.0,0.0,0.0,0.0,0.0,0.0,0.0,0.0,0.0,0.0,0.0,0.0,0.0,-0.036266552947605196,-0.036266552947605196,-0.036266552947605196,-4.983770820598312e-06,-4.983770820598312e-06,-4.983770820598312e-06,-0.0362615691767846,-0.0362615691767846,-0.0362615691767846,0.0,0.0,0.0,10890853.749658173
2025-09-27,11313123.461244738,10766113.429853775,11034432.327454405,11207953.98003188,11412399.917961957,0.0,0.0,0.0,0.0,0.0,0.0,0.0,0.0,0.0,0.0,0.0,0.0,0.0,0.0,0.0,0.0,0.0,0.0,0.0,0.0,0.0,0.0,0.0,0.0,0.0,0.0,0.0,0.0,0.0,0.0,0.0,0.0,0.0,-0.03606656862196276,-0.03606656862196276,-0.03606656862196276,0.0006527986307400339,0.0006527986307400339,0.0006527986307400339,-0.0367193672527028,-0.0367193672527028,-0.0367193672527028,0.0,0.0,0.0,10905097.917601017
2025-09-28,11325556.06967312,10781318.371437952,11054091.499689583,11219380.613744672,11427338.091809012,0.0,0.0,0.0,0.0,0.0,0.0,0.0,0.0,0.0,0.0,0.0,0.0,0.0,0.0,0.0,0.0,0.0,0.0,0.0,0.0,0.0,0.0,0.0,0.0,0.0,0.0,0.0,0.0,0.0,0.0,0.0,0.0,0.0,-0.035838485829446175,-0.035838485829446175,-0.035838485829446175,0.001294327496492148,0.001294327496492148,0.001294327496492148,-0.037132813325938326,-0.037132813325938326,-0.037132813325938326,0.0,0.0,0.0,10919665.28895954
2025-09-29,11337988.678101502,10764500.632048752,11036805.19948122,11229656.999355068,11441208.119301198,0.0,0.0,0.0,0.0,0.0,0.0,0.0,0.0,0.0,0.0,0.0,0.0,0.0,0.0,0.0,0.0,0.0,0.0,0.0,0.0,0.0,0.0,0.0,0.0,0.0,0.0,0.0,0.0,0.0,0.0,0.0,0.0,0.0,-0.038193338769763586,-0.038193338769763586,-0.038193338769763586,-0.0006993391191688512,-0.0006993391191688512,-0.0006993391191688512,-0.03749399965059473,-0.03749399965059473,-0.03749399965059473,0.0,0.0,0.0,10904953.035551028
2025-09-30,11350421.286529882,10772568.833061937,11042987.653498895,11239879.781421557,11455611.64492359,0.0,0.0,0.0,0.0,0.0,0.0,0.0,0.0,0.0,0.0,0.0,0.0,0.0,0.0,0.0,0.0,0.0,0.0,0.0,0.0,0.0,0.0,0.0,0.0,0.0,0.0,0.0,0.0,0.0,0.0,0.0,0.0,0.0,-0.0387287793332748,-0.0387287793332748,-0.0387287793332748,-0.0009328826298018998,-0.0009328826298018998,-0.0009328826298018998,-0.0377958967034729,-0.0377958967034729,-0.0377958967034729,0.0,0.0,0.0,10910833.32518416
2025-10-01,11362853.894958265,10783136.750420712,11079764.539055452,11250491.069173126,11469631.214906517,0.0,0.0,0.0,0.0,0.0,0.0,0.0,0.0,0.0,0.0,0.0,0.0,0.0,0.0,0.0,0.0,0.0,0.0,0.0,0.0,0.0,0.0,0.0,0.0,0.0,0.0,0.0,0.0,0.0,0.0,0.0,0.0,0.0,-0.03830889945581532,-0.03830889945581532,-0.03830889945581532,-0.00027635329644456715,-0.00027635329644456715,-0.00027635329644456715,-0.03803254615937076,-0.03803254615937076,-0.03803254615937076,0.0,0.0,0.0,10927555.46756519
2025-10-02,11375286.503386647,10798546.70441145,11089635.708540061,11261102.356924694,11483569.97283924,0.0,0.0,0.0,0.0,0.0,0.0,0.0,0.0,0.0,0.0,0.0,0.0,0.0,0.0,0.0,0.0,0.0,0.0,0.0,0.0,0.0,0.0,0.0,0.0,0.0,0.0,0.0,0.0,0.0,0.0,0.0,0.0,0.0,-0.03823279272849762,-0.03823279272849762,-0.03823279272849762,-3.356731100062426e-05,-3.356731100062426e-05,-3.356731100062426e-05,-0.03819922541749699,-0.03819922541749699,-0.03819922541749699,0.0,0.0,0.0,10940377.532275388
2025-10-03,11387719.11181503,10805771.697707577,11077114.396635277,11271720.9523692,11498744.173608113,0.0,0.0,0.0,0.0,0.0,0.0,0.0,0.0,0.0,0.0,0.0,0.0,0.0,0.0,0.0,0.0,0.0,0.0,0.0,0.0,0.0,0.0,0.0,0.0,0.0,0.0,0.0,0.0,0.0,0.0,0.0,0.0,0.0,-0.03829756285746661,-0.03829756285746661,-0.03829756285746661,-4.983770821390457e-06,-4.983770821390457e-06,-4.983770821390457e-06,-0.03829257908664522,-0.03829257908664522,-0.03829257908664522,0.0,0.0,0.0,10951597.223327119
2025-10-04,11400151.720243411,10832829.07386557,11114235.63417309,11282454.843514843,11512785.361068683,0.0,0.0,0.0,0.0,0.0,0.0,0.0,0.0,0.0,0.0,0.0,0.0,0.0,0.0,0.0,0.0,0.0,0.0,0.0,0.0,0.0,0.0,0.0,0.0,0.0,0.0,0.0,0.0,0.0,0.0,0.0,0.0,0.0,-0.03765791512490279,-0.03765791512490279,-0.03765791512490279,0.0006527986307415436,0.0006527986307415436,0.0006527986307415436,-0.03831071375564433,-0.03831071375564433,-0.03831071375564433,0.0,0.0,0.0,10970845.77435147
2025-10-05,11412584.328671794,10832190.224748764,11134304.525893474,11293188.734660488,11526645.31330846,0.0,0.0,0.0,0.0,0.0,0.0,0.0,0.0,0.0,0.0,0.0,0.0,0.0,0.0,0.0,0.0,0.0,0.0,0.0,0.0,0.0,0.0,0.0,0.0,0.0,0.0,0.0,0.0,0.0,0.0,0.0,0.0,0.0,-0.0369589259014446,-0.0369589259014446,-0.0369589259014446,0.0012943274964917339,0.0012943274964917339,0.0012943274964917339,-0.03825325339793634,-0.03825325339793634,-0.03825325339793634,0.0,0.0,0.0,10990787.470124425
2025-10-06,11425016.937100176,10836937.29057158,11129546.038674647,11304453.329374298,11542301.329845013,0.0,0.0,0.0,0.0,0.0,0.0,0.0,0.0,0.0,0.0,0.0,0.0,0.0,0.0,0.0,0.0,0.0,0.0,0.0,0.0,0.0,0.0,0.0,0.0,0.0,0.0,0.0,0.0,0.0,0.0,0.0,0.0,0.0,-0.03882069297489702,-0.03882069297489702,-0.03882069297489702,-0.0006993391191634916,-0.0006993391191634916,-0.0006993391191634916,-0.03812135385573353,-0.03812135385573353,-0.03812135385573353,0.0,0.0,0.0,10981489.862352012
2025-10-07,11437449.545528559,10839748.588432223,11148723.042690843,11315717.02058179,11557539.919237345,0.0,0.0,0.0,0.0,0.0,0.0,0.0,0.0,0.0,0.0,0.0,0.0,0.0,0.0,0.0,0.0,0.0,0.0,0.0,0.0,0.0,0.0,0.0,0.0,0.0,0.0,0.0,0.0,0.0,0.0,0.0,0.0,0.0,-0.03885055861877006,-0.03885055861877006,-0.03885055861877006,-0.0009328826298030498,-0.0009328826298030498,-0.0009328826298030498,-0.03791767598896702,-0.03791767598896702,-0.03791767598896702,0.0,0.0,0.0,10993098.241510777
2025-10-08,11449882.153956942,10868213.561061973,11169803.036734391,11327048.771526143,11573592.98955961,0.0,0.0,0.0,0.0,0.0,0.0,0.0,0.0,0.0,0.0,0.0,0.0,0.0,0.0,0.0,0.0,0.0,0.0,0.0,0.0,0.0,0.0,0.0,0.0,0.0,0.0,0.0,0.0,0.0,0.0,0.0,0.0,0.0,-0.037922671521129096,-0.037922671521129096,-0.037922671521129096,-0.00027635329644358443,-0.00027635329644358443,-0.00027635329644358443,-0.03764631822468551,-0.03764631822468551,-0.03764631822468551,0.0,0.0,0.0,11015672.034076795
